Economy_Label,1995_Concentration_Index_Value,1995_Concentration_Index_Footnote,1995_Concentration_Index_MissingValue,1996_Concentration_Index_Value,1996_Concentration_Index_Footnote,1996_Concentration_Index_MissingValue,1997_Concentration_Index_Value,1997_Concentration_Index_Footnote,1997_Concentration_Index_MissingValue,1998_Concentration_Index_Value,1998_Concentration_Index_Footnote,1998_Concentration_Index_MissingValue,1999_Concentration_Index_Value,1999_Concentration_Index_Footnote,1999_Concentration_Index_MissingValue,2000_Concentration_Index_Value,2000_Concentration_Index_Footnote,2000_Concentration_Index_MissingValue,2001_Concentration_Index_Value,2001_Concentration_Index_Footnote,2001_Concentration_Index_MissingValue,2002_Concentration_Index_Value,2002_Concentration_Index_Footnote,2002_Concentration_Index_MissingValue,2003_Concentration_Index_Value,2003_Concentration_Index_Footnote,2003_Concentration_Index_MissingValue,2004_Concentration_Index_Value,2004_Concentration_Index_Footnote,2004_Concentration_Index_MissingValue,2005_Concentration_Index_Value,2005_Concentration_Index_Footnote,2005_Concentration_Index_MissingValue,2006_Concentration_Index_Value,2006_Concentration_Index_Footnote,2006_Concentration_Index_MissingValue,2007_Concentration_Index_Value,2007_Concentration_Index_Footnote,2007_Concentration_Index_MissingValue,2008_Concentration_Index_Value,2008_Concentration_Index_Footnote,2008_Concentration_Index_MissingValue,2009_Concentration_Index_Value,2009_Concentration_Index_Footnote,2009_Concentration_Index_MissingValue,2010_Concentration_Index_Value,2010_Concentration_Index_Footnote,2010_Concentration_Index_MissingValue,2011_Concentration_Index_Value,2011_Concentration_Index_Footnote,2011_Concentration_Index_MissingValue,2012_Concentration_Index_Value,2012_Concentration_Index_Footnote,2012_Concentration_Index_MissingValue,2013_Concentration_Index_Value,2013_Concentration_Index_Footnote,2013_Concentration_Index_MissingValue,2014_Concentration_Index_Value,2014_Concentration_Index_Footnote,2014_Concentration_Index_MissingValue,2015_Concentration_Index_Value,2015_Concentration_Index_Footnote,2015_Concentration_Index_MissingValue,2016_Concentration_Index_Value,2016_Concentration_Index_Footnote,2016_Concentration_Index_MissingValue,2017_Concentration_Index_Value,2017_Concentration_Index_Footnote,2017_Concentration_Index_MissingValue,2018_Concentration_Index_Value,2018_Concentration_Index_Footnote,2018_Concentration_Index_MissingValue,2019_Concentration_Index_Value,2019_Concentration_Index_Footnote,2019_Concentration_Index_MissingValue,2020_Concentration_Index_Value,2020_Concentration_Index_Footnote,2020_Concentration_Index_MissingValue,2021_Concentration_Index_Value,2021_Concentration_Index_Footnote,2021_Concentration_Index_MissingValue,2022_Concentration_Index_Value,2022_Concentration_Index_Footnote,2022_Concentration_Index_MissingValue,2023_Concentration_Index_Value,2023_Concentration_Index_Footnote,2023_Concentration_Index_MissingValue,2024_Concentration_Index_Value,2024_Concentration_Index_Footnote,2024_Concentration_Index_MissingValue
"Afghanistan",0.337,"Estimated",,0.276,"Estimated",,0.23,"Estimated",,0.25,"Estimated",,0.339,"Estimated",,0.406,"Estimated",,0.409,"Estimated",,0.415,"Estimated",,0.324,"Estimated",,0.339,"Estimated",,0.306,"Estimated",,0.277,"Estimated",,0.293,"Estimated",,0.383,"Estimated",,0.355,"Estimated",,0.324,"Estimated",,0.269,"Estimated",,0.281,"Estimated",,0.265,"Estimated",,0.299,"Estimated",,0.358,"Estimated",,0.325,"Estimated",,0.405,"Estimated",,0.405,"Estimated",,0.404,"Estimated",,0.399,"Estimated",,0.362,"Estimated",,0.359,"Estimated",,0.401,"Estimated",,0.408,"Estimated",
"Albania",0.194,"Estimated",,0.236,"Estimated",,0.219,"Estimated",,0.249,"Estimated",,0.288,"Estimated",,0.245,"Estimated",,0.275,"Estimated",,0.289,"Estimated",,0.288,"Estimated",,0.28,"Estimated",,0.266,"Estimated",,0.258,"Estimated",,0.215,"Estimated",,0.13,"Estimated",,0.163,"Estimated",,0.197,"Estimated",,0.217,"Estimated",,0.261,"Estimated",,0.286,"Estimated",,0.303,"Estimated",,0.218,"Estimated",,0.231,"Estimated",,0.258,"Estimated",,0.297,"Estimated",,0.251,"Estimated",,0.217,"Estimated",,0.245,"Estimated",,0.317,"Estimated. More than 30% of total trade under ""931: Special transactions & commodities not classified""",,0.18,"Estimated",,0.182,"Estimated",
"Algeria",0.523,,,0.528,,,0.51,,,0.521,,,0.511,,,0.515,,,0.502,,,0.52,,,0.541,,,0.586,,,0.588,,,0.602,,,0.598,,,0.58,,,0.554,,,0.523,,,0.538,,,0.54,,,0.541,,,0.485,,,0.485,,,0.489,,,0.48,,,0.478,,,0.48,,,0.458,,,0.477,,,0.504,,,0.476,,,0.479,,
"American Samoa",0.429,"Estimated",,0.429,"Estimated",,0.435,"Estimated",,0.426,"Estimated",,0.432,"Estimated",,0.209,"Estimated",,0.286,"Estimated",,0.462,"Estimated",,0.417,"Estimated",,0.222,"Estimated",,0.236,"Estimated",,0.735,"Estimated",,0.304,"Estimated",,0.493,"Estimated",,0.168,"Estimated",,0.254,"Estimated",,0.28,"Estimated",,0.394,"Estimated",,0.319,"Estimated",,0.327,"Estimated",,0.333,"Estimated",,0.327,"Estimated",,0.236,"Estimated",,0.386,"Estimated",,0.391,"Estimated",,0.539,"Estimated",,0.393,"Estimated",,0.372,"Estimated",,0.294,"Estimated",,0.505,"Estimated",
"Andorra",0.225,"Estimated",,0.173,"Estimated",,0.182,"Estimated",,0.168,"Estimated",,0.135,"Estimated",,0.135,"Estimated",,0.123,"Estimated",,0.209,"Estimated",,0.182,"Estimated",,0.211,"Estimated",,0.244,"Estimated",,0.278,"Estimated",,0.179,"Estimated",,0.176,"Estimated",,0.156,"Estimated",,0.167,"Estimated",,0.146,"Estimated",,0.211,"Estimated",,0.214,"Estimated",,0.185,"Estimated",,0.206,"Estimated",,0.208,"Estimated",,0.197,"Estimated",,0.217,"Estimated",,0.231,"Estimated",,0.236,"Estimated",,0.217,"Estimated",,0.417,"Estimated",,0.272,"Estimated",,0.26,,
"Angola",0.935,"Estimated",,0.948,"Estimated",,0.884,"Estimated",,0.848,"Estimated",,0.841,"Estimated",,0.893,"Estimated",,0.816,"Estimated",,0.834,"Estimated",,0.925,"Estimated",,0.922,"Estimated",,0.934,"Estimated",,0.934,"Estimated",,0.921,"Estimated",,0.952,"Estimated",,0.93,"Estimated",,0.946,"Estimated",,0.936,"Estimated",,0.922,"Estimated",,0.915,"Estimated",,0.937,"Estimated",,0.911,"Estimated",,0.893,"Estimated",,0.875,"Estimated",,0.882,"Estimated",,0.879,"Estimated",,0.836,"Estimated",,0.792,"Estimated",,0.777,"Estimated",,0.789,"Estimated",,0.781,"Estimated",
"Anguilla",0.175,"Estimated",,0.203,"Estimated",,0.207,"Estimated",,0.238,"Estimated",,0.267,"Estimated",,0.23,"Estimated",,0.475,"Estimated. More than 30% of total trade under ""931: Special transactions & commodities not classified""",,0.212,"Estimated",,0.207,"Estimated",,0.267,"Estimated",,0.22,"Estimated",,0.429,"Estimated",,0.41,"Estimated",,0.453,"Estimated",,0.411,"Estimated",,0.321,"Estimated",,0.28,"Estimated",,0.31,"Estimated",,0.311,"Estimated",,0.273,"Estimated",,0.268,"Estimated",,0.263,"Estimated",,0.249,"Estimated",,0.258,"Estimated",,0.352,"Estimated",,0.39,"Estimated",,0.416,"Estimated",,0.354,"Estimated",,0.26,"Estimated",,0.281,"Estimated",
"Antigua and Barbuda",0.309,"Estimated",,0.49,"Estimated",,0.49,"Estimated",,0.161,"Estimated",,0.148,"Estimated",,0.391,"Estimated",,0.472,"Estimated",,0.544,"Estimated",,0.677,"Estimated",,0.532,"Estimated",,0.709,"Estimated",,0.748,"Estimated",,0.593,"Estimated",,0.4,"Estimated",,0.306,"Estimated",,0.137,"Estimated",,0.703,"Estimated",,0.424,"Estimated",,0.533,"Estimated",,0.595,"Estimated",,0.575,"Estimated",,0.644,"Estimated",,0.517,"Estimated",,0.596,"Estimated",,0.66,"Estimated",,0.663,"Estimated",,0.674,"Estimated",,0.421,"Estimated",,0.469,"Estimated",,0.561,"Estimated",
"Argentina",0.124,,,0.144,,,0.139,,,0.135,,,0.13,,,0.137,,,0.136,,,0.143,,,0.155,,,0.142,,,0.136,,,0.129,,,0.145,,,0.145,,,0.155,,,0.151,,,0.15,,,0.151,,,0.172,,,0.186,,,0.196,,,0.195,,,0.179,,,0.227,,,0.229,,,0.229,,,0.31,,,0.232,,,0.22,,,0.286,,
"Armenia",0.129,"Estimated",,0.134,"Estimated",,0.233,"Estimated",,0.247,"Estimated",,0.346,"Estimated",,0.302,"Estimated",,0.226,"Estimated",,0.368,"Estimated",,0.377,"Estimated",,0.302,"Estimated",,0.353,"Estimated",,0.264,"Estimated",,0.214,"Estimated",,0.248,"Estimated",,0.218,"Estimated",,0.226,"Estimated",,0.202,"Estimated",,0.186,"Estimated",,0.218,"Estimated",,0.225,"Estimated",,0.251,"Estimated",,0.267,"Estimated",,0.303,"Estimated",,0.27,"Estimated",,0.296,"Estimated",,0.312,"Estimated",,0.318,"Estimated",,0.199,"Estimated",,0.264,"Estimated",,0.413,"Estimated",
"Aruba",0.927,"Estimated",,0.909,"Estimated",,0.913,"Estimated",,0.828,"Estimated",,0.811,"Estimated",,0.817,"Estimated",,0.793,"Estimated",,0.803,"Estimated",,0.82,"Estimated",,0.862,"Estimated",,0.898,"Estimated",,0.892,"Estimated",,0.886,"Estimated",,0.902,"Estimated",,0.788,"Estimated",,0.392,"Estimated",,0.811,"Estimated",,0.629,"Estimated",,0.512,"Estimated",,0.471,"Estimated",,0.403,"Estimated",,0.402,"Estimated",,0.341,"Estimated",,0.205,"Estimated",,0.368,"Estimated",,0.437,"Estimated",,0.363,"Estimated",,0.269,"Estimated",,0.25,"Estimated",,0.31,"Estimated",
"Australia",0.129,"Estimated",,0.124,"Estimated",,0.124,"Estimated",,0.132,"Estimated",,0.116,"Estimated",,0.147,"Estimated",,0.146,"Estimated",,0.144,"Estimated",,0.145,"Estimated",,0.15,"Estimated",,0.178,"Estimated",,0.175,"Estimated",,0.171,"Estimated",,0.235,"Estimated",,0.239,"Estimated",,0.261,"Estimated",,0.282,"Estimated",,0.262,"Estimated",,0.296,"Estimated",,0.278,"Estimated",,0.236,"Estimated",,0.245,"Estimated",,0.281,"Estimated",,0.276,"Estimated",,0.304,"Estimated",,0.339,"Estimated",,0.375,"Estimated",,0.326,"Estimated",,0.309,"Estimated",,0.306,"Estimated",
"Austria",0.061,,,0.064,,,0.06,,,0.06,,,0.067,,,0.086,,,0.085,,,0.082,,,0.065,,,0.075,,,0.072,,,0.071,,,0.064,,,0.058,,,0.058,,,0.059,,,0.061,,,0.059,,,0.06,,,0.06,,,0.061,,,0.061,,,0.061,,,0.068,,,0.069,,,0.065,,,0.065,,,0.065,,,0.07,,,0.075,,
"Azerbaijan",0.417,,,0.552,"Estimated",,0.454,"Estimated",,0.37,"Estimated",,0.498,"Estimated",,0.571,"Estimated",,0.711,"Estimated",,0.682,"Estimated",,0.683,"Estimated",,0.606,"Estimated",,0.574,"Estimated",,0.703,"Estimated",,0.746,"Estimated",,0.903,"Estimated",,0.846,"Estimated",,0.873,"Estimated",,0.893,"Estimated",,0.865,"Estimated",,0.86,"Estimated",,0.86,"Estimated",,0.768,"Estimated",,0.81,"Estimated",,0.821,"Estimated",,0.829,"Estimated",,0.781,"Estimated",,0.716,"Estimated",,0.63,"Estimated",,0.622,"Estimated",,0.596,"Estimated",,0.589,"Estimated",
"Bahamas",0.342,"Estimated",,0.282,"Estimated",,0.371,"Estimated",,0.254,"Estimated",,0.375,"Estimated",,0.318,"Estimated",,0.311,"Estimated",,0.356,"Estimated",,0.31,"Estimated",,0.376,"Estimated",,0.458,"Estimated",,0.46,"Estimated",,0.379,"Estimated",,0.387,"Estimated",,0.527,"Estimated",,0.542,"Estimated",,0.59,"Estimated",,0.436,"Estimated",,0.52,"Estimated",,0.556,"Estimated",,0.594,"Estimated",,0.418,"Estimated",,0.403,"Estimated. More than 30% of total trade under ""931: Special transactions & commodities not classified""",,0.464,"Estimated",,0.349,"Estimated",,0.336,"Estimated",,0.398,"Estimated",,0.438,"Estimated",,0.512,"Estimated",,0.491,"Estimated",
"Bahrain",0.402,"Estimated",,0.398,"Estimated",,0.39,"Estimated",,0.408,"Estimated",,0.422,"Estimated",,0.407,"Estimated",,0.385,"Estimated",,0.361,"Estimated",,0.348,"Estimated",,0.387,"Estimated",,0.394,"Estimated",,0.424,"Estimated",,0.408,"Estimated",,0.351,"Estimated",,0.3,"Estimated",,0.333,"Estimated",,0.331,"Estimated",,0.357,"Estimated",,0.308,"Estimated",,0.387,"Estimated",,0.327,"Estimated",,0.269,"Estimated",,0.316,"Estimated",,0.338,"Estimated",,0.32,"Estimated",,0.33,"Estimated",,0.327,"Estimated",,0.362,"Estimated",,0.365,"Estimated",,0.356,"Estimated",
"Bangladesh",0.335,"Estimated",,0.341,"Estimated",,0.348,"Estimated",,0.38,"Estimated",,0.356,"Estimated",,0.376,"Estimated",,0.379,"Estimated",,0.377,"Estimated",,0.391,"Estimated",,0.388,"Estimated",,0.381,"Estimated",,0.387,"Estimated",,0.378,"Estimated",,0.403,"Estimated",,0.416,"Estimated",,0.404,"Estimated",,0.407,"Estimated",,0.399,"Estimated",,0.404,"Estimated",,0.405,"Estimated",,0.409,"Estimated",,0.407,"Estimated",,0.405,"Estimated",,0.407,"Estimated",,0.407,"Estimated",,0.394,"Estimated",,0.389,"Estimated",,0.399,"Estimated",,0.4,"Estimated",,0.401,"Estimated",
"Barbados",0.172,"Estimated",,0.171,"Estimated",,0.179,"Estimated",,0.155,"Estimated",,0.139,"Estimated",,0.176,"Estimated",,0.281,"Estimated",,0.222,"Estimated",,0.381,"Estimated",,0.352,"Estimated",,0.375,"Estimated",,0.266,"Estimated",,0.17,"Estimated",,0.204,"Estimated",,0.15,"Estimated",,0.126,"Estimated",,0.262,"Estimated",,0.139,"Estimated",,0.168,"Estimated",,0.19,"Estimated",,0.152,"Estimated",,0.178,"Estimated",,0.153,"Estimated",,0.153,"Estimated",,0.174,"Estimated",,0.198,"Estimated",,0.188,"Estimated",,0.178,"Estimated",,0.197,"Estimated",,0.194,"Estimated",
"Belarus",0.487,"More than 30% of total trade under ""931: Special transactions & commodities not classified""",,0.095,"Estimated",,0.095,"Estimated",,0.212,"Estimated",,0.211,"Estimated",,0.24,"Estimated",,0.224,"Estimated",,0.213,"Estimated",,0.217,"Estimated",,0.237,"Estimated",,0.269,"Estimated",,0.304,"Estimated",,0.274,"Estimated",,0.292,"Estimated",,0.277,"Estimated",,0.248,"Estimated",,0.289,"Estimated",,0.272,"Estimated",,0.211,"Estimated",,0.229,"Estimated",,0.226,"Estimated",,0.155,"Estimated",,0.153,"Estimated",,0.162,"Estimated",,0.149,"Estimated",,0.115,"Estimated",,0.099,"Estimated",,0.109,,,0.085,,,0.085,,
"Belgium",0.104,,,0.108,,,0.099,,,0.091,,,0.092,,,0.091,,,0.098,,,0.111,,,0.106,,,0.105,,,0.105,,,0.103,,,0.1,,,0.094,,,0.103,,,0.085,,,0.093,,,0.098,,,0.103,,,0.101,,,0.09,,,0.093,,,0.094,,,0.094,,,0.101,,,0.108,,,0.126,,,0.142,,,0.117,,,0.119,,
"Belize",0.318,"Estimated",,0.321,"Estimated",,0.326,"Estimated",,0.316,"Estimated",,0.287,"Estimated",,0.281,"Estimated",,0.301,"Estimated",,0.329,"Estimated",,0.314,"Estimated",,0.312,"Estimated",,0.297,"Estimated",,0.275,"Estimated",,0.269,"Estimated",,0.323,"Estimated",,0.161,"Estimated",,0.335,"Estimated",,0.332,"Estimated",,0.277,"Estimated",,0.25,"Estimated",,0.225,"Estimated",,0.276,"Estimated",,0.321,"Estimated",,0.325,"Estimated",,0.268,"Estimated",,0.289,"Estimated",,0.322,"Estimated",,0.28,"Estimated",,0.283,"Estimated",,0.339,"Estimated",,0.31,"Estimated",
"Benin",0.669,,,0.655,,,0.735,,,0.599,"Estimated",,0.649,"Estimated",,0.559,"Estimated",,0.622,"Estimated",,0.446,"Estimated",,0.492,"Estimated",,0.49,"Estimated",,0.429,"Estimated",,0.326,"Estimated",,0.313,"Estimated",,0.31,"Estimated",,0.253,"Estimated",,0.381,"Estimated",,0.358,"Estimated",,0.331,"Estimated",,0.33,"Estimated",,0.333,"Estimated",,0.345,"Estimated",,0.359,"Estimated",,0.382,"Estimated",,0.39,"Estimated",,0.409,"Estimated",,0.395,"Estimated",,0.437,"Estimated",,0.461,"Estimated",,0.421,"Estimated",,0.423,,
"Bermuda",0.435,"Estimated",,0.545,"Estimated. More than 30% of total trade under ""931: Special transactions & commodities not classified""",,0.531,"Estimated",,0.483,"Estimated",,0.72,"Estimated",,0.399,"Estimated",,0.714,"Estimated",,0.804,"Estimated",,0.34,"Estimated",,0.833,"Estimated",,0.612,"Estimated",,0.667,"Estimated",,0.377,"Estimated",,0.82,"Estimated",,0.328,"Estimated",,0.767,"Estimated",,0.679,"Estimated",,0.451,"Estimated",,0.693,"Estimated",,0.375,"Estimated",,0.61,"Estimated",,0.637,"Estimated",,0.44,"Estimated",,0.445,"Estimated",,0.802,"Estimated",,0.545,"Estimated",,0.604,"Estimated",,0.448,"Estimated. More than 30% of total trade under ""931: Special transactions & commodities not classified""",,0.444,"Estimated",,0.722,"Estimated",
"Bhutan",0.293,"Estimated",,0.303,"Estimated",,0.303,"Estimated",,0.256,"Estimated",,0.333,"Estimated",,0.388,"Estimated",,0.388,"Estimated",,0.408,"Estimated",,0.284,"Estimated",,0.25,"Estimated",,0.298,"Estimated",,0.353,"Estimated",,0.402,"Estimated",,0.38,"Estimated",,0.476,"Estimated",,0.343,"Estimated",,0.34,"Estimated",,0.363,"Estimated",,0.316,,,0.323,,,0.314,,,0.301,,,0.318,,,0.329,,,0.316,,,0.305,,,0.376,,,0.478,,,0.351,,,0.337,,
"Bolivia (Plurinational State of)",0.199,"Estimated",,0.192,"Estimated",,0.198,"Estimated",,0.178,"Estimated",,0.192,"Estimated",,0.182,"Estimated",,0.226,"Estimated",,0.268,"Estimated",,0.283,"Estimated",,0.314,"Estimated",,0.389,"Estimated",,0.422,"Estimated",,0.428,"Estimated",,0.46,"Estimated",,0.378,"Estimated",,0.413,"Estimated",,0.434,"Estimated",,0.447,"Estimated",,0.491,"Estimated",,0.466,"Estimated",,0.436,"Estimated",,0.328,"Estimated",,0.363,"Estimated",,0.378,"Estimated",,0.369,"Estimated",,0.337,"Estimated",,0.324,"Estimated",,0.327,"Estimated",,0.312,"Estimated",,0.272,"Estimated",
"Bonaire, Sint Eustatius and Saba",,,"Not applicable",,,"Not applicable",,,"Not applicable",,,"Not applicable",,,"Not applicable",,,"Not applicable",,,"Not applicable",,,"Not applicable",,,"Not applicable",,,"Not applicable",,,"Not applicable",,,"Not applicable",,,"Not applicable",,,"Not applicable",,,"Not applicable",,,"Not applicable",0.345,,,0.415,,,0.611,,,0.643,,,0.661,,,0.562,,,0.637,,,0.876,,,0.501,,,0.601,,,0.86,,,0.45,,,0.962,,,0.602,,
"Bosnia and Herzegovina",0.155,"Estimated",,0.155,"Estimated",,0.192,"Estimated",,0.193,"Estimated",,0.186,"Estimated",,0.199,"Estimated",,0.16,"Estimated",,0.166,"Estimated",,0.164,"Estimated",,0.156,"Estimated",,0.135,"Estimated",,0.135,"Estimated",,0.127,"Estimated",,0.116,"Estimated",,0.108,"Estimated",,0.109,"Estimated",,0.107,"Estimated",,0.106,"Estimated",,0.105,"Estimated",,0.106,"Estimated",,0.102,"Estimated",,0.104,"Estimated",,0.1,"Estimated",,0.101,"Estimated",,0.103,"Estimated",,0.101,"Estimated",,0.107,"Estimated",,0.103,"Estimated",,0.097,"Estimated",,0.089,"Estimated",
"Botswana",0.706,"Estimated",,0.71,"Estimated",,0.71,"Estimated",,0.698,"Estimated",,0.723,"Estimated",,0.676,"Estimated",,0.642,"Estimated",,0.795,"Estimated",,0.782,"Estimated",,0.764,"Estimated",,0.776,"Estimated",,0.735,"Estimated",,0.614,"Estimated",,0.576,"Estimated",,0.547,"Estimated",,0.614,"Estimated",,0.769,"Estimated",,0.771,"Estimated",,0.816,"Estimated",,0.833,"Estimated",,0.805,"Estimated",,0.879,"Estimated",,0.9,"Estimated",,0.892,"Estimated",,0.892,"Estimated",,0.873,"Estimated",,0.89,"Estimated",,0.841,"Estimated",,0.784,"Estimated",,0.819,"Estimated",
"Brazil",0.087,,,0.087,,,0.092,,,0.089,,,0.086,,,0.088,,,0.09,,,0.088,,,0.085,,,0.084,,,0.087,,,0.09,,,0.09,,,0.109,,,0.119,,,0.154,,,0.172,,,0.149,,,0.157,,,0.15,,,0.132,,,0.131,,,0.148,,,0.171,,,0.165,,,0.182,,,0.206,,,0.184,,,0.196,,,0.185,,
"British Virgin Islands",0.288,,,0.316,,,0.299,,,0.339,,,0.422,,,0.344,,,0.379,,,0.438,,,0.369,,,0.334,,,0.729,,,0.356,,,0.266,,,0.322,,,0.354,,,0.315,,,0.336,,,0.74,,,0.343,,,0.255,,,0.442,,,0.345,,,0.624,,,0.367,,,0.494,,,0.828,,,0.568,,,0.543,,,0.448,,,0.42,,
"Brunei Darussalam",0.597,"Estimated",,0.597,"Estimated",,0.598,,,0.598,,,0.597,"Estimated",,0.591,"Estimated",,0.591,,,0.589,,,0.595,,,0.643,,,0.67,,,0.713,,,0.705,,,0.672,,,0.656,,,0.65,,,0.653,,,0.654,,,0.661,,,0.633,,,0.647,,,0.6,,,0.611,,,0.621,,,0.56,,,0.432,,,0.41,,,0.449,,,0.44,,,0.433,,
"Bulgaria",0.089,"Estimated",,0.086,"Estimated",,0.089,"Estimated",,0.087,"Estimated",,0.092,"Estimated",,0.12,"Estimated",,0.107,"Estimated",,0.093,"Estimated",,0.1,"Estimated",,0.101,"Estimated",,0.111,"Estimated",,0.144,"Estimated",,0.126,"Estimated",,0.138,"Estimated",,0.105,"Estimated",,0.115,"Estimated",,0.128,"Estimated",,0.14,"Estimated",,0.132,"Estimated",,0.111,"Estimated",,0.097,"Estimated",,0.083,"Estimated",,0.098,"Estimated",,0.092,"Estimated",,0.086,"Estimated",,0.082,"Estimated",,0.083,"Estimated",,0.096,"Estimated",,0.083,"Estimated",,0.103,"Estimated",
"Burkina Faso",0.558,"Estimated",,0.487,"Estimated",,0.654,"Estimated",,0.623,"Estimated",,0.663,"Estimated",,0.537,"Estimated",,0.514,"Estimated",,0.51,"Estimated",,0.681,"Estimated",,0.729,"Estimated",,0.727,"Estimated",,0.687,"Estimated",,0.667,"Estimated",,0.428,"Estimated",,0.385,"Estimated",,0.546,"Estimated",,0.626,"Estimated",,0.723,"Estimated",,0.642,"Estimated",,0.603,"Estimated",,0.638,"Estimated",,0.656,"Estimated",,0.652,"Estimated",,0.692,"Estimated",,0.719,"Estimated",,0.834,"Estimated",,0.802,"Estimated",,0.74,"Estimated",,0.791,"Estimated",,0.784,"Estimated",
"Burundi",0.719,"Estimated",,0.646,"Estimated",,0.807,"Estimated",,0.84,"Estimated",,0.675,"Estimated",,0.689,"Estimated",,0.578,"Estimated",,0.616,"Estimated",,0.504,"Estimated",,0.405,"Estimated",,0.591,"Estimated",,0.356,"Estimated",,0.494,"Estimated",,0.424,"Estimated",,0.619,"Estimated",,0.598,"Estimated",,0.518,"Estimated",,0.494,"Estimated",,0.655,"Estimated",,0.573,"Estimated",,0.491,"Estimated",,0.477,"Estimated",,0.434,"Estimated",,0.445,"Estimated",,0.535,"Estimated",,0.472,"Estimated",,0.406,"Estimated",,0.397,"Estimated",,0.454,"Estimated",,0.443,"Estimated",
"Cabo Verde",0.369,,,0.335,,,0.376,"Estimated",,0.429,"Estimated",,0.322,"Estimated",,0.348,"Estimated",,0.299,"Estimated",,0.271,"Estimated",,0.24,"Estimated",,0.28,"Estimated",,0.423,"Estimated",,0.478,"Estimated",,0.35,"Estimated",,0.294,,,0.284,"Estimated",,0.358,"Estimated",,0.349,"Estimated",,0.291,"Estimated",,0.467,"Estimated",,0.522,"Estimated",,0.496,"Estimated",,0.36,"Estimated",,0.388,"Estimated",,0.53,"Estimated",,0.369,"Estimated",,0.46,"Estimated",,0.278,"Estimated",,0.379,"Estimated",,0.421,"Estimated",,0.373,,
"Cambodia",0.394,"Estimated",,0.279,"Estimated",,0.274,"Estimated",,0.305,"Estimated",,0.353,"Estimated",,0.342,"Estimated",,0.353,"Estimated",,0.335,"Estimated",,0.337,"Estimated",,0.347,"Estimated",,0.355,"Estimated",,0.373,"Estimated",,0.38,"Estimated",,0.377,"Estimated",,0.341,"Estimated",,0.333,"Estimated",,0.331,"Estimated",,0.3,"Estimated",,0.323,"Estimated",,0.325,"Estimated",,0.311,"Estimated",,0.289,"Estimated",,0.289,"Estimated",,0.287,"Estimated",,0.259,"Estimated",,0.239,"Estimated",,0.212,"Estimated",,0.207,"Estimated",,0.191,"Estimated",,0.195,"Estimated",
"Cameroon",0.315,"Estimated",,0.348,"Estimated",,0.361,"Estimated",,0.32,"Estimated",,0.352,"Estimated",,0.431,"Estimated",,0.425,"Estimated",,0.397,"Estimated",,0.399,"Estimated",,0.402,"Estimated",,0.442,"Estimated",,0.505,"Estimated",,0.446,"Estimated",,0.413,"Estimated",,0.351,"Estimated",,0.37,"Estimated",,0.342,"Estimated",,0.395,"Estimated",,0.41,"Estimated",,0.439,"Estimated",,0.378,"Estimated",,0.305,"Estimated",,0.355,"Estimated",,0.349,"Estimated",,0.372,"Estimated",,0.363,"Estimated",,0.375,"Estimated",,0.4,"Estimated",,0.356,"Estimated",,0.376,"Estimated",
"Canada",0.132,,,0.123,,,0.123,,,0.127,,,0.141,,,0.132,,,0.13,,,0.132,,,0.129,,,0.126,,,0.126,,,0.121,,,0.118,,,0.141,,,0.122,,,0.138,,,0.151,,,0.165,,,0.17,,,0.178,,,0.14,,,0.138,,,0.143,,,0.147,,,0.151,,,0.127,,,0.147,,,0.177,,,0.158,,,0.169,,
"Cayman Islands",0.226,"Estimated",,0.658,"Estimated",,0.518,"Estimated",,0.615,"Estimated",,0.808,"Estimated",,0.741,"Estimated",,0.701,"Estimated",,0.801,"Estimated",,0.941,"Estimated",,0.828,"Estimated",,0.929,"Estimated",,0.972,"Estimated",,0.699,"Estimated",,0.335,"Estimated",,0.163,"Estimated",,0.9,"Estimated",,0.901,"Estimated",,0.837,"Estimated",,0.705,"Estimated",,0.778,"Estimated",,0.776,"Estimated",,0.884,"Estimated",,0.889,"Estimated",,0.89,"Estimated",,0.896,"Estimated",,0.467,"Estimated",,0.517,"Estimated. More than 30% of total trade under ""931: Special transactions & commodities not classified""",,0.369,"Estimated",,0.786,"Estimated",,0.419,"Estimated",
"Central African Republic",0.379,"Estimated",,0.293,"Estimated",,0.583,"Estimated",,0.644,"Estimated",,0.668,"Estimated",,0.677,"Estimated",,0.534,"Estimated",,0.635,"Estimated",,0.463,"Estimated",,0.464,"Estimated",,0.434,"Estimated",,0.438,"Estimated",,0.383,"Estimated",,0.393,"Estimated",,0.428,"Estimated",,0.368,"Estimated",,0.381,"Estimated",,0.389,"Estimated",,0.405,"Estimated",,0.492,"Estimated",,0.354,"Estimated",,0.384,"Estimated",,0.309,"Estimated",,0.445,"Estimated",,0.404,"Estimated",,0.371,"Estimated",,0.357,"Estimated",,0.421,"Estimated",,0.501,"Estimated",,0.47,"Estimated",
"Chad",0.74,"Estimated",,0.76,"Estimated",,0.856,"Estimated",,0.795,"Estimated",,0.785,"Estimated",,0.755,"Estimated",,0.785,"Estimated",,0.729,"Estimated",,0.636,"Estimated",,0.813,"Estimated",,0.737,"Estimated",,0.894,"Estimated",,0.941,"Estimated",,0.928,"Estimated",,0.887,"Estimated",,0.822,"Estimated",,0.912,"Estimated",,0.809,"Estimated",,0.922,"Estimated",,0.876,"Estimated",,0.872,"Estimated",,0.788,"Estimated",,0.8,"Estimated",,0.823,"Estimated",,0.69,"Estimated",,0.747,"Estimated",,0.662,"Estimated",,0.714,"Estimated",,0.673,"Estimated",,0.676,"Estimated",
"Chile",0.305,,,0.289,,,0.307,,,0.277,,,0.276,,,0.289,,,0.265,,,0.27,,,0.26,,,0.319,,,0.321,,,0.39,,,0.385,,,0.346,,,0.366,,,0.395,,,0.377,,,0.362,,,0.342,,,0.328,,,0.319,,,0.306,,,0.33,,,0.32,,,0.321,,,0.348,,,0.377,,,0.306,,,0.313,,,0.352,,
"China",0.07,,,0.073,,,0.073,,,0.074,,,0.077,,,0.077,,,0.081,,,0.088,,,0.102,,,0.108,,,0.11,,,0.11,,,0.104,,,0.097,,,0.109,,,0.107,,,0.099,,,0.101,,,0.103,,,0.101,,,0.104,,,0.105,,,0.096,,,0.097,,,0.095,,,0.1,,,0.093,,,0.087,,,0.084,,,0.082,,
"China, Hong Kong SAR",0.093,,,0.092,,,0.097,,,0.098,,,0.103,,,0.11,,,0.112,,,0.119,,,0.126,,,0.137,,,0.15,,,0.158,,,0.171,,,0.177,,,0.191,,,0.196,,,0.193,,,0.206,,,0.229,,,0.233,,,0.25,,,0.268,,,0.27,,,0.286,,,0.298,,,0.323,,,0.351,,,0.378,,,0.363,,,0.373,,
"China, Macao SAR",0.297,"Estimated",,0.328,"Estimated",,0.348,"Estimated",,0.339,"Estimated",,0.34,"Estimated",,0.332,"Estimated",,0.34,"Estimated",,0.333,"Estimated",,0.336,"Estimated",,0.328,"Estimated",,0.342,"Estimated",,0.272,"Estimated",,0.263,"Estimated",,0.302,"Estimated",,0.399,"Estimated",,0.284,"Estimated",,0.331,"Estimated",,0.193,"Estimated",,0.172,"Estimated",,0.394,"Estimated",,0.161,"Estimated",,0.185,"Estimated",,0.185,"Estimated",,0.239,"Estimated",,0.207,"Estimated",,0.205,"Estimated",,0.216,"Estimated",,0.201,"Estimated",,0.239,"Estimated",,0.239,"Estimated",
"China, Taiwan Province of",0.11,,,0.118,,,0.132,,,0.143,,,0.156,,,0.17,,,0.156,,,0.152,,,0.157,,,0.154,,,0.156,,,0.189,,,0.184,,,0.181,,,0.198,,,0.206,,,0.198,,,0.205,,,0.217,,,0.237,,,0.25,,,0.278,,,0.302,,,0.295,,,0.314,,,0.367,,,0.359,,,0.388,,,0.39,,,0.371,,
"Colombia",0.243,,,0.263,,,0.267,,,0.249,,,0.29,,,0.295,,,0.213,,,0.217,,,0.207,,,0.196,,,0.21,,,0.206,,,0.2,,,0.252,,,0.268,,,0.341,,,0.405,,,0.435,,,0.458,,,0.459,,,0.354,,,0.281,,,0.319,,,0.341,,,0.331,,,0.255,,,0.279,,,0.313,,,0.284,,,0.278,,
"Comoros",0.626,"Estimated",,0.39,"Estimated",,0.533,"Estimated",,0.504,"Estimated",,0.615,"Estimated",,0.74,"Estimated",,0.872,"Estimated",,0.863,"Estimated",,0.874,"Estimated",,0.818,"Estimated",,0.481,"Estimated",,0.572,"Estimated",,0.643,"Estimated",,0.415,"Estimated",,0.506,"Estimated",,0.518,"Estimated",,0.652,"Estimated",,0.542,"Estimated",,0.605,"Estimated",,0.582,"Estimated",,0.573,"Estimated",,0.644,"Estimated",,0.684,"Estimated",,0.676,"Estimated",,0.513,"Estimated",,0.587,"Estimated",,0.498,"Estimated",,0.494,,,0.497,"Estimated",,0.495,"Estimated",
"Congo",0.784,"Estimated",,0.807,"Estimated",,0.687,"Estimated",,0.655,"Estimated",,0.743,"Estimated",,0.781,"Estimated",,0.788,"Estimated",,0.768,"Estimated",,0.753,"Estimated",,0.752,"Estimated",,0.801,"Estimated",,0.795,"Estimated",,0.794,"Estimated",,0.817,"Estimated",,0.719,"Estimated",,0.722,"Estimated",,0.769,"Estimated",,0.793,"Estimated",,0.704,"Estimated",,0.622,"Estimated",,0.561,"Estimated",,0.532,"Estimated",,0.546,"Estimated",,0.737,"Estimated",,0.712,"Estimated",,0.618,"Estimated",,0.58,"Estimated",,0.705,"Estimated",,0.639,"Estimated",,0.596,"Estimated",
"Cook Islands",0.326,"Estimated",,0.271,"Estimated",,0.332,"Estimated",,0.641,"Estimated",,0.734,"Estimated",,0.781,"Estimated",,0.798,"Estimated",,0.494,"Estimated",,0.414,"Estimated",,0.358,"Estimated",,0.558,"Estimated",,0.281,"Estimated",,0.366,"Estimated",,0.4,"Estimated",,0.491,"Estimated",,0.631,"Estimated",,0.672,"Estimated",,0.593,"Estimated",,0.482,"Estimated",,0.534,"Estimated",,0.504,"Estimated",,0.508,"Estimated",,0.544,"Estimated",,0.535,"Estimated",,0.475,"Estimated",,0.539,"Estimated",,0.538,"Estimated",,0.534,"Estimated",,0.561,"Estimated",,0.544,"Estimated",
"Costa Rica",0.292,"Estimated",,0.281,"Estimated",,0.236,"Estimated",,0.223,"Estimated",,0.331,"Estimated",,0.272,"Estimated",,0.199,"Estimated",,0.215,"Estimated",,0.285,"Estimated",,0.3,"Estimated",,0.263,"Estimated",,0.28,"Estimated",,0.284,"Estimated",,0.265,"Estimated",,0.309,"Estimated",,0.354,"Estimated",,0.422,"Estimated",,0.453,"Estimated",,0.462,"Estimated",,0.431,"Estimated",,0.224,"Estimated",,0.254,"Estimated",,0.26,"Estimated",,0.265,"Estimated",,0.276,"Estimated",,0.279,"Estimated",,0.27,"Estimated",,0.26,"Estimated",,0.27,"Estimated",,0.279,,
"Cote d'Ivoire",0.334,"Estimated",,0.379,"Estimated",,0.361,"Estimated",,0.388,"Estimated",,0.389,"Estimated",,0.333,"Estimated",,0.361,"Estimated",,0.444,"Estimated",,0.46,"Estimated",,0.372,"Estimated",,0.344,"Estimated",,0.341,"Estimated",,0.349,"Estimated",,0.361,"Estimated",,0.393,"Estimated",,0.395,"Estimated",,0.409,"Estimated",,0.36,"Estimated",,0.341,"Estimated",,0.399,"Estimated",,0.42,"Estimated",,0.43,"Estimated",,0.412,"Estimated",,0.399,"Estimated",,0.396,"Estimated",,0.417,"Estimated",,0.38,"Estimated",,0.317,"Estimated",,0.349,"Estimated",,0.399,,
"Croatia",0.102,,,0.114,,,0.095,,,0.153,,,0.152,,,0.139,,,0.143,,,0.117,,,0.116,,,0.128,,,0.11,,,0.118,,,0.115,,,0.121,,,0.094,,,0.125,,,0.12,,,0.104,,,0.085,,,0.078,,,0.069,,,0.066,,,0.073,,,0.071,,,0.069,,,0.058,,,0.061,,,0.077,,,0.059,,,0.064,,
"Cuba",0.557,"Estimated",,0.558,"Estimated",,0.453,"Estimated",,0.416,"Estimated",,0.384,"Estimated",,0.339,"Estimated",,0.387,"Estimated",,0.38,"Estimated",,0.325,"Estimated",,0.326,"Estimated",,0.371,"Estimated. More than 30% of total trade under ""931: Special transactions & commodities not classified""",,0.399,"Estimated. More than 30% of total trade under ""931: Special transactions & commodities not classified""",,0.337,"Estimated",,0.297,"Estimated",,0.287,"Estimated",,0.3,"Estimated",,0.28,"Estimated",,0.272,"Estimated",,0.262,"Estimated",,0.262,"Estimated",,0.265,"Estimated",,0.282,"Estimated",,0.397,"Estimated. More than 30% of total trade under ""931: Special transactions & commodities not classified""",,0.415,"Estimated. More than 30% of total trade under ""931: Special transactions & commodities not classified""",,0.265,"Estimated",,0.282,"Estimated",,0.297,"Estimated",,0.33,"Estimated. More than 30% of total trade under ""931: Special transactions & commodities not classified""",,0.284,"Estimated",,0.28,"Estimated",
"Curacao",,,"Not applicable",,,"Not applicable",,,"Not applicable",,,"Not applicable",,,"Not applicable",,,"Not applicable",,,"Not applicable",,,"Not applicable",,,"Not applicable",,,"Not applicable",,,"Not applicable",,,"Not applicable",,,"Not applicable",,,"Not applicable",,,"Not applicable",,,"Not applicable",0.684,"Estimated",,0.682,"Estimated",,0.62,"Estimated",,0.636,"Estimated",,0.529,"Estimated",,0.514,"Estimated",,0.46,"Estimated",,0.362,"Estimated",,0.364,"Estimated",,0.226,"Estimated",,0.358,"Estimated",,0.226,"Estimated",,0.19,"Estimated",,0.182,"Estimated",
"Cyprus",0.276,,,0.385,,,0.442,,,0.331,,,0.316,,,0.288,,,0.258,,,0.186,,,0.193,,,0.167,,,0.245,,,0.203,,,0.186,,,0.21,,,0.178,,,0.183,,,0.202,,,0.179,,,0.184,,,0.395,,,0.413,,,0.361,,,0.298,,,0.37,,,0.345,,,0.34,,,0.349,,,0.358,,,0.414,,,0.39,,
"Czechia",0.045,,,0.048,,,0.058,,,0.071,,,0.079,,,0.084,,,0.087,,,0.11,,,0.09,,,0.09,,,0.093,,,0.1,,,0.097,,,0.092,,,0.101,,,0.105,,,0.106,,,0.107,,,0.106,,,0.113,,,0.118,,,0.124,,,0.126,,,0.127,,,0.129,,,0.128,,,0.116,,,0.119,,,0.134,,,0.141,,
"Dem. People's Rep. of Korea",0.134,,,0.106,,,0.128,,,0.101,,,0.098,,,0.112,,,0.123,,,0.209,,,0.228,,,0.191,,,0.25,,,0.126,,,0.382,,,0.131,,,0.157,,,0.184,,,0.327,,,0.358,,,0.371,,,0.318,,,0.335,,,0.358,,,0.243,,,0.12,,,0.142,,,0.126,,,0.179,,,0.234,,,0.402,,,0.472,,
"Dem. Rep. of the Congo",0.29,"Estimated",,0.274,"Estimated",,0.493,"Estimated",,0.587,"Estimated",,0.685,"Estimated",,0.369,"Estimated",,0.393,"Estimated",,0.416,"Estimated",,0.378,"Estimated",,0.367,"Estimated",,0.358,"Estimated",,0.376,"Estimated",,0.343,"Estimated",,0.32,"Estimated",,0.288,"Estimated",,0.316,"Estimated",,0.312,"Estimated",,0.353,"Estimated",,0.313,"Estimated",,0.328,"Estimated",,0.512,"Estimated",,0.467,"Estimated",,0.406,"Estimated",,0.431,"Estimated",,0.49,"Estimated",,0.558,"Estimated",,0.548,"Estimated",,0.59,"Estimated",,0.619,"Estimated",,0.66,"Estimated",
"Denmark",0.067,"Estimated",,0.065,"Estimated",,0.065,"Estimated",,0.064,"Estimated",,0.067,"Estimated",,0.078,"Estimated",,0.077,"Estimated",,0.078,"Estimated",,0.076,"Estimated",,0.078,"Estimated",,0.081,"Estimated",,0.079,"Estimated",,0.073,"Estimated",,0.073,"Estimated",,0.075,"Estimated",,0.072,"Estimated",,0.075,"Estimated",,0.076,"Estimated",,0.076,"Estimated",,0.074,"Estimated",,0.075,"Estimated",,0.078,"Estimated",,0.068,"Estimated",,0.069,"Estimated",,0.08,"Estimated",,0.088,"Estimated",,0.08,"Estimated",,0.08,"Estimated",,0.078,"Estimated",,0.073,"Estimated",
"Djibouti",0.119,"Estimated",,0.207,"Estimated",,0.145,"Estimated",,0.13,"Estimated",,0.117,"Estimated",,0.108,"Estimated",,0.123,"Estimated",,0.144,"Estimated",,0.26,"Estimated",,0.19,"Estimated",,0.132,"Estimated",,0.135,"Estimated",,0.378,"Estimated",,0.365,"Estimated",,0.228,"Estimated",,0.213,"Estimated",,0.214,"Estimated",,0.185,"Estimated",,0.172,"Estimated",,0.191,"Estimated",,0.181,"Estimated",,0.129,"Estimated",,0.133,"Estimated",,0.148,"Estimated",,0.12,"Estimated",,0.122,"Estimated",,0.197,"Estimated",,0.195,"Estimated",,0.174,"Estimated",,0.172,"Estimated",
"Dominica",0.354,"Estimated",,0.354,"Estimated",,0.351,"Estimated",,0.329,"Estimated",,0.289,"Estimated",,0.266,"Estimated",,0.25,"Estimated",,0.281,"Estimated",,0.249,"Estimated",,0.235,"Estimated",,0.236,"Estimated",,0.219,"Estimated",,0.201,"Estimated",,0.184,"Estimated",,0.251,"Estimated",,0.277,"Estimated",,0.177,"Estimated",,0.244,"Estimated",,0.331,"Estimated",,0.196,"Estimated",,0.281,"Estimated",,0.199,"Estimated",,0.211,"Estimated",,0.269,"Estimated",,0.231,"Estimated",,0.14,"Estimated",,0.134,"Estimated",,0.136,"Estimated",,0.135,"Estimated",,0.123,"Estimated",
"Dominican Republic",0.208,"Estimated",,0.447,"Estimated. More than 30% of total trade under ""931: Special transactions & commodities not classified""",,0.358,"Estimated. More than 30% of total trade under ""931: Special transactions & commodities not classified""",,0.219,"Estimated",,0.228,"Estimated",,0.231,"Estimated",,0.214,"Estimated",,0.219,"Estimated",,0.21,"Estimated",,0.19,"Estimated",,0.173,"Estimated",,0.164,"Estimated",,0.167,"Estimated",,0.143,"Estimated",,0.151,"Estimated",,0.147,"Estimated",,0.133,"Estimated",,0.136,"Estimated",,0.17,"Estimated",,0.191,"Estimated",,0.185,"Estimated",,0.21,"Estimated",,0.194,"Estimated",,0.184,"Estimated",,0.191,"Estimated",,0.212,"Estimated",,0.191,"Estimated",,0.178,"Estimated",,0.182,"Estimated",,0.194,"Estimated",
"Ecuador",0.372,,,0.358,,,0.37,,,0.346,,,0.358,,,0.45,,,0.388,,,0.391,,,0.409,,,0.506,,,0.535,,,0.531,,,0.524,,,0.547,,,0.452,,,0.501,,,0.515,,,0.518,,,0.525,,,0.5,,,0.372,,,0.348,,,0.368,,,0.393,,,0.388,,,0.323,,,0.336,,,0.365,,,0.338,,,0.325,,
"Egypt",0.308,"Estimated",,0.354,"Estimated",,0.299,"Estimated",,0.22,"Estimated",,0.255,"Estimated",,0.212,"Estimated",,0.171,"Estimated",,0.171,"Estimated",,0.184,"Estimated",,0.184,"Estimated",,0.205,"Estimated",,0.259,"Estimated",,0.235,"Estimated",,0.193,"Estimated",,0.146,"Estimated",,0.15,"Estimated",,0.17,"Estimated",,0.173,"Estimated",,0.158,"Estimated",,0.162,"Estimated",,0.142,"Estimated",,0.149,"Estimated",,0.134,"Estimated",,0.145,"Estimated",,0.154,"Estimated",,0.146,"Estimated",,0.153,"Estimated",,0.186,"Estimated",,0.113,"Estimated",,0.135,"Estimated",
"El Salvador",0.291,"Estimated",,0.246,"Estimated",,0.27,"Estimated",,0.193,"Estimated",,0.181,"Estimated",,0.259,"Estimated",,0.258,"Estimated",,0.278,"Estimated",,0.285,"Estimated",,0.285,"Estimated",,0.26,"Estimated",,0.235,"Estimated",,0.226,"Estimated",,0.227,"Estimated",,0.207,"Estimated",,0.216,"Estimated",,0.197,"Estimated",,0.193,"Estimated",,0.201,"Estimated",,0.208,"Estimated",,0.207,"Estimated",,0.212,"Estimated",,0.203,"Estimated",,0.208,"Estimated",,0.211,"Estimated",,0.186,"Estimated",,0.195,"Estimated",,0.2,"Estimated",,0.175,"Estimated",,0.161,"Estimated",
"Equatorial Guinea",0.447,,,0.488,,,0.649,,,0.694,,,0.692,,,0.8,,,0.854,,,0.887,,,0.873,,,0.922,,,0.919,,,0.908,,,0.835,,,0.762,,,0.705,,,0.736,,,0.71,,,0.735,,,0.668,,,0.694,,,0.671,,,0.671,,,0.662,,,0.645,,,0.682,,,0.72,,,0.629,,,0.59,,,0.58,,,0.591,,
"Eritrea",0.339,"Estimated",,0.605,"Estimated",,0.715,"Estimated",,0.29,"Estimated",,0.215,"Estimated",,0.208,"Estimated",,0.284,"Estimated",,0.351,"Estimated",,0.328,"Estimated",,0.133,"Estimated",,0.199,"Estimated",,0.133,"Estimated",,0.398,"Estimated",,0.196,"Estimated",,0.176,"Estimated",,0.133,"Estimated",,0.682,"Estimated",,0.789,"Estimated",,0.521,"Estimated",,0.555,"Estimated",,0.556,"Estimated",,0.277,"Estimated",,0.315,"Estimated",,0.271,"Estimated",,0.332,"Estimated",,0.314,"Estimated",,0.338,"Estimated",,0.337,"Estimated",,0.273,"Estimated",,0.366,"Estimated",
"Estonia",0.081,,,0.074,,,0.093,,,0.113,,,0.124,,,0.218,,,0.181,,,0.122,,,0.121,,,0.14,,,0.142,,,0.158,,,0.105,,,0.097,,,0.13,,,0.12,,,0.145,,,0.137,,,0.107,,,0.118,,,0.116,,,0.108,,,0.088,,,0.097,,,0.084,,,0.087,,,0.104,,,0.089,,,0.073,,,0.075,,
"Eswatini",0.252,"Estimated",,0.256,"Estimated",,0.248,"Estimated",,0.252,"Estimated",,0.269,"Estimated",,0.226,"Estimated",,0.263,"Estimated",,0.319,"Estimated",,0.301,"Estimated",,0.309,"Estimated",,0.233,"Estimated",,0.214,"Estimated",,0.244,"Estimated",,0.256,"Estimated",,0.296,"Estimated",,0.285,"Estimated",,0.283,"Estimated",,0.301,"Estimated",,0.302,"Estimated",,0.299,"Estimated",,0.341,"Estimated",,0.355,"Estimated",,0.31,"Estimated",,0.326,"Estimated",,0.311,"Estimated",,0.339,"Estimated",,0.321,"Estimated",,0.312,"Estimated",,0.308,"Estimated",,0.31,"Estimated",
"Ethiopia",0.568,"Estimated",,0.509,"Estimated",,0.592,"Estimated",,0.645,"Estimated",,0.523,"Estimated",,0.497,"Estimated",,0.326,"Estimated",,0.34,"Estimated",,0.35,"Estimated",,0.369,"Estimated",,0.393,"Estimated",,0.352,"Estimated",,0.335,"Estimated",,0.339,"Estimated",,0.334,"Estimated",,0.357,"Estimated",,0.371,"Estimated",,0.331,"Estimated",,0.333,"Estimated",,0.353,"Estimated",,0.326,"Estimated",,0.324,"Estimated",,0.327,"Estimated",,0.313,"Estimated",,0.31,"Estimated",,0.305,"Estimated",,0.336,"Estimated",,0.39,"Estimated",,0.375,"Estimated",,0.382,"Estimated",
"Falkland Islands (Malvinas)",0.576,,,0.666,,,0.629,,,0.678,,,0.525,,,0.686,,,0.658,,,0.642,,,0.699,,,0.663,,,0.787,,,0.656,,,0.737,,,0.65,,,0.664,,,0.739,,,0.705,,,0.723,,,0.665,,,0.693,,,0.691,,,0.776,,,0.79,,,0.826,,,0.816,,,0.637,,,0.896,,,0.856,,,0.84,,,0.829,,
"Faroe Islands",0.605,"Estimated",,0.621,"Estimated",,0.673,"Estimated",,0.648,"Estimated",,0.632,"Estimated",,0.61,"Estimated",,0.607,"Estimated",,0.642,"Estimated",,0.633,"Estimated",,0.593,"Estimated",,0.612,"Estimated",,0.603,"Estimated",,0.595,"Estimated",,0.521,"Estimated",,0.631,"Estimated",,0.668,"Estimated",,0.676,"Estimated",,0.699,"Estimated",,0.694,"Estimated",,0.688,"Estimated",,0.715,"Estimated",,0.712,"Estimated",,0.714,"Estimated",,0.693,"Estimated",,0.699,"Estimated",,0.681,"Estimated",,0.705,"Estimated",,0.696,"Estimated",,0.673,"Estimated",,0.7,"Estimated",
"Fiji",0.385,"Estimated",,0.343,"Estimated",,0.29,"Estimated",,0.244,"Estimated",,0.268,"Estimated",,0.25,"Estimated",,0.241,"Estimated",,0.218,"Estimated",,0.24,"Estimated",,0.223,"Estimated",,0.247,"Estimated",,0.245,"Estimated",,0.23,"Estimated",,0.233,"Estimated",,0.227,"Estimated",,0.209,"Estimated",,0.27,"Estimated",,0.263,"Estimated",,0.183,"Estimated",,0.242,"Estimated",,0.197,"Estimated",,0.198,"Estimated",,0.211,"Estimated",,0.22,"Estimated",,0.224,"Estimated",,0.188,"Estimated",,0.206,"Estimated",,0.239,"Estimated",,0.253,"Estimated",,0.245,"Estimated",
"Finland",0.203,,,0.183,,,0.184,,,0.204,,,0.22,,,0.239,,,0.217,,,0.221,,,0.209,,,0.189,,,0.194,,,0.174,,,0.161,,,0.156,,,0.153,,,0.134,,,0.134,,,0.139,,,0.145,,,0.142,,,0.141,,,0.143,,,0.138,,,0.143,,,0.134,,,0.127,,,0.128,,,0.126,,,0.119,,,0.114,,
"France",0.06,,,0.06,,,0.066,,,0.071,,,0.074,,,0.076,,,0.081,,,0.084,,,0.084,,,0.085,,,0.082,,,0.078,,,0.073,,,0.073,,,0.081,,,0.088,,,0.083,,,0.091,,,0.091,,,0.092,,,0.098,,,0.098,,,0.092,,,0.089,,,0.093,,,0.08,,,0.068,,,0.065,,,0.07,,,0.072,,
"French Guiana",0.288,,,,,,,,,,,,,,,,,,,,,,,,,,,,,,,,,,,,,,,,,,,,,,,,,,,,,,,,,,,,,,,,,,,,,,,,,,,,,,,,,,,,,,,,,
"French Polynesia",0.781,"Estimated",,0.777,"Estimated",,0.729,"Estimated",,0.74,"Estimated",,0.753,"Estimated",,0.813,"Estimated",,0.656,"Estimated",,0.667,"Estimated",,0.477,"Estimated",,0.616,"Estimated",,0.576,"Estimated",,0.731,"Estimated",,0.749,"Estimated",,0.658,"Estimated",,0.692,"Estimated",,0.696,"Estimated",,0.624,"Estimated",,0.623,"Estimated",,0.633,"Estimated",,0.663,"Estimated",,0.596,"Estimated",,0.51,"Estimated",,0.569,"Estimated",,0.56,"Estimated",,0.478,"Estimated",,0.362,"Estimated",,0.352,"Estimated",,0.434,"Estimated",,0.563,"Estimated",,0.587,"Estimated",
"Gabon",0.728,"Estimated",,0.77,"Estimated",,0.73,"Estimated",,0.674,"Estimated",,0.613,"Estimated",,0.751,"Estimated",,0.75,"Estimated",,0.752,"Estimated",,0.767,"Estimated",,0.718,"Estimated",,0.765,"Estimated",,0.747,"Estimated",,0.715,"Estimated",,0.691,"Estimated",,0.716,"Estimated",,0.763,"Estimated",,0.762,"Estimated",,0.719,"Estimated",,0.684,"Estimated",,0.683,"Estimated",,0.576,"Estimated",,0.56,"Estimated",,0.607,"Estimated",,0.577,"Estimated",,0.595,"Estimated",,0.52,"Estimated",,0.548,"Estimated",,0.621,"Estimated",,0.594,"Estimated",,0.624,"Estimated",
"Gambia",0.349,"Estimated",,0.346,"Estimated",,0.767,"Estimated",,0.688,"Estimated",,0.573,"Estimated",,0.341,"Estimated",,0.289,"Estimated",,0.302,"Estimated",,0.194,"Estimated",,0.223,"Estimated",,0.314,"Estimated",,0.333,"Estimated",,0.246,"Estimated",,0.385,"Estimated",,0.329,"Estimated",,0.214,"Estimated",,0.237,"Estimated",,0.342,"Estimated",,0.35,"Estimated",,0.324,"Estimated",,0.395,"Estimated",,0.504,"Estimated",,0.52,"Estimated",,0.274,"Estimated",,0.284,"Estimated",,0.23,"Estimated",,0.227,"Estimated",,0.221,"Estimated",,0.218,"Estimated",,0.218,"Estimated",
"Georgia",0.156,"Estimated",,0.157,,,0.153,,,0.159,,,0.161,,,0.163,,,0.182,,,0.206,,,0.197,,,0.212,,,0.198,,,0.172,,,0.176,,,0.217,,,0.18,,,0.209,,,0.231,,,0.251,,,0.245,,,0.222,,,0.183,,,0.198,,,0.206,,,0.211,,,0.248,,,0.259,,,0.23,,,0.234,,,0.333,,,0.352,,
"Germany",0.082,,,0.086,,,0.088,,,0.092,,,0.098,,,0.105,,,0.1,,,0.104,,,0.112,,,0.105,,,0.096,,,0.09,,,0.098,,,0.087,,,0.084,,,0.09,,,0.09,,,0.092,,,0.092,,,0.096,,,0.104,,,0.104,,,0.098,,,0.093,,,0.091,,,0.085,,,0.082,,,0.088,,,0.096,,,0.097,,
"Ghana",0.383,"Estimated",,0.359,"Estimated",,0.34,"Estimated",,0.368,"Estimated",,0.339,"Estimated",,0.302,"Estimated",,0.305,"Estimated",,0.362,"Estimated",,0.415,"Estimated",,0.48,"Estimated",,0.379,"Estimated",,0.403,"Estimated",,0.408,"Estimated",,0.386,"Estimated",,0.433,"Estimated",,0.49,"Estimated",,0.349,"Estimated",,0.448,"Estimated",,0.417,"Estimated",,0.416,"Estimated",,0.447,"Estimated",,0.467,"Estimated",,0.459,"Estimated",,0.455,"Estimated",,0.45,"Estimated",,0.456,"Estimated",,0.423,"Estimated",,0.463,"Estimated",,0.477,"Estimated",,0.514,"Estimated",
"Gibraltar",0.303,,,0.328,,,0.311,,,0.288,,,0.305,,,0.308,,,0.561,,,0.343,,,0.499,,,0.373,,,0.531,,,0.37,,,0.354,,,0.259,,,0.431,,,0.676,,,0.584,,,0.716,,,0.726,,,0.703,,,0.722,,,0.516,,,0.529,,,0.47,,,0.491,,,0.435,,,0.358,,,0.522,,,0.484,,,0.591,,
"Greece",0.105,,,0.108,,,0.099,,,0.093,,,0.103,,,0.123,,,0.107,,,0.093,,,0.091,,,0.089,,,0.1,,,0.117,,,0.108,,,0.176,,,0.164,,,0.214,,,0.26,,,0.338,,,0.345,,,0.339,,,0.253,,,0.234,,,0.269,,,0.291,,,0.264,,,0.188,,,0.233,,,0.272,,,0.239,,,0.232,,
"Greenland",0.535,,,0.51,,,0.495,,,0.504,,,0.514,,,0.531,,,0.501,,,0.502,,,0.501,,,0.466,,,0.445,,,0.43,,,0.389,,,0.401,,,0.434,,,0.451,,,0.462,,,0.465,,,0.43,,,0.511,,,0.527,,,0.505,,,0.508,,,0.52,,,0.477,,,0.473,,,0.48,,,0.485,,,0.489,,,0.495,,
"Grenada",0.242,"Estimated",,0.237,"Estimated",,0.261,"Estimated",,0.427,"Estimated. More than 30% of total trade under ""931: Special transactions & commodities not classified""",,0.341,"Estimated",,0.26,"Estimated",,0.259,"Estimated",,0.272,"Estimated",,0.246,"Estimated",,0.326,"Estimated",,0.324,"Estimated",,0.223,"Estimated",,0.354,"Estimated",,0.238,"Estimated",,0.205,,,0.31,"Estimated",,0.282,"Estimated",,0.28,"Estimated",,0.261,"Estimated",,0.247,"Estimated",,0.223,"Estimated",,0.259,"Estimated",,0.229,"Estimated",,0.201,"Estimated",,0.223,"Estimated",,0.223,"Estimated",,0.226,"Estimated",,0.233,"Estimated",,0.174,"Estimated",,0.199,"Estimated",
"Guadeloupe",0.364,,,,,,,,,,,,,,,,,,,,,,,,,,,,,,,,,,,,,,,,,,,,,,,,,,,,,,,,,,,,,,,,,,,,,,,,,,,,,,,,,,,,,,,,,
"Guam",0.908,"Estimated",,0.915,"Estimated",,0.881,"Estimated",,0.923,"Estimated",,0.931,"Estimated",,0.509,"Estimated",,0.584,"Estimated. More than 30% of total trade under ""931: Special transactions & commodities not classified""",,0.451,"Estimated. More than 30% of total trade under ""931: Special transactions & commodities not classified""",,0.49,"Estimated",,0.38,"Estimated. More than 30% of total trade under ""931: Special transactions & commodities not classified""",,0.392,"Estimated. More than 30% of total trade under ""931: Special transactions & commodities not classified""",,0.401,"Estimated",,0.476,"Estimated",,0.338,"Estimated",,0.344,"Estimated",,0.419,"Estimated",,0.448,"Estimated",,0.491,"Estimated",,0.428,"Estimated",,0.453,"Estimated",,0.433,"Estimated",,0.446,"Estimated",,0.532,"Estimated",,0.535,"Estimated",,0.499,"Estimated",,0.446,"Estimated",,0.514,"Estimated",,0.633,"Estimated",,0.568,"Estimated",,0.521,"Estimated",
"Guatemala",0.252,"Estimated",,0.214,"Estimated",,0.243,"Estimated",,0.226,"Estimated",,0.205,"Estimated",,0.185,"Estimated",,0.157,"Estimated",,0.163,"Estimated",,0.164,"Estimated",,0.165,"Estimated",,0.157,"Estimated",,0.162,"Estimated",,0.137,"Estimated",,0.129,"Estimated",,0.145,"Estimated",,0.142,"Estimated",,0.147,"Estimated",,0.145,"Estimated",,0.139,"Estimated",,0.135,"Estimated",,0.14,"Estimated",,0.147,"Estimated",,0.148,"Estimated",,0.153,"Estimated",,0.154,"Estimated",,0.155,"Estimated",,0.138,"Estimated",,0.139,"Estimated",,0.149,"Estimated",,0.141,"Estimated",
"Guinea",0.701,"Estimated",,0.705,"Estimated",,0.613,"Estimated",,0.565,"Estimated",,0.543,"Estimated",,0.567,"Estimated",,0.595,"Estimated",,0.526,"Estimated",,0.489,"Estimated",,0.587,"Estimated",,0.616,"Estimated",,0.585,"Estimated",,0.537,"Estimated",,0.55,"Estimated",,0.532,"Estimated",,0.421,"Estimated",,0.454,"Estimated",,0.459,"Estimated",,0.46,"Estimated",,0.458,"Estimated",,0.477,"Estimated",,0.561,"Estimated",,0.525,"Estimated",,0.574,"Estimated",,0.588,"Estimated",,0.647,"Estimated",,0.578,"Estimated",,0.534,"Estimated",,0.603,"Estimated",,0.62,"Estimated",
"Guinea-Bissau",0.5,,,0.499,"Estimated",,0.499,"Estimated",,0.437,"Estimated",,0.551,"Estimated",,0.585,"Estimated",,0.756,"Estimated",,0.684,"Estimated",,0.821,"Estimated",,0.683,"Estimated",,0.821,"Estimated",,0.806,,,0.801,,,0.806,,,0.923,,,0.914,,,0.917,,,0.917,,,0.92,,,0.701,"Estimated",,0.78,"Estimated",,0.821,"Estimated",,0.904,"Estimated",,0.736,"Estimated",,0.655,,,0.714,,,0.693,,,0.698,,,0.71,,,0.713,,
"Guyana",0.346,"Estimated",,0.34,"Estimated",,0.349,"Estimated",,0.338,"Estimated",,0.336,"Estimated",,0.322,"Estimated",,0.308,"Estimated",,0.315,"Estimated",,0.326,"Estimated",,0.318,"Estimated",,0.297,"Estimated",,0.288,"Estimated",,0.299,"Estimated",,0.337,"Estimated",,0.4,"Estimated",,0.46,"Estimated",,0.495,"Estimated",,0.505,"Estimated",,0.515,"Estimated",,0.463,"Estimated",,0.434,"Estimated",,0.507,"Estimated",,0.459,"Estimated",,0.494,"Estimated",,0.493,"Estimated",,0.522,"Estimated",,0.682,"Estimated",,0.85,"Estimated",,0.832,"Estimated",,0.84,"Estimated",
"Haiti",0.187,"Estimated",,0.234,"Estimated",,0.263,"Estimated",,0.36,"Estimated",,0.444,"Estimated",,0.458,"Estimated",,0.458,"Estimated",,0.443,"Estimated",,0.5,"Estimated",,0.546,"Estimated",,0.632,"Estimated",,0.62,"Estimated",,0.597,"Estimated",,0.558,"Estimated",,0.641,"Estimated",,0.625,"Estimated",,0.624,"Estimated",,0.611,"Estimated",,0.57,"Estimated",,0.557,"Estimated",,0.591,"Estimated",,0.583,"Estimated",,0.568,"Estimated",,0.57,"Estimated",,0.594,"Estimated",,0.546,"Estimated",,0.55,"Estimated",,0.578,"Estimated",,0.551,"Estimated",,0.552,"Estimated",
"Honduras",0.282,"Estimated",,0.248,"Estimated",,0.241,"Estimated",,0.251,"Estimated",,0.278,"Estimated",,0.286,"Estimated",,0.298,"Estimated",,0.311,"Estimated",,0.305,"Estimated",,0.3,"Estimated",,0.287,"Estimated",,0.255,"Estimated",,0.237,"Estimated",,0.244,,,0.209,"Estimated",,0.219,"Estimated",,0.252,"Estimated",,0.233,"Estimated",,0.228,,,0.202,"Estimated",,0.23,"Estimated",,0.229,"Estimated",,0.227,"Estimated",,0.247,"Estimated",,0.267,"Estimated",,0.208,"Estimated",,0.246,"Estimated",,0.245,,,0.229,"Estimated",,0.245,,
"Hungary",0.056,"Estimated",,0.058,"Estimated",,0.091,"Estimated",,0.122,"Estimated",,0.134,"Estimated",,0.128,"Estimated",,0.117,"Estimated",,0.12,"Estimated",,0.13,"Estimated",,0.159,"Estimated",,0.149,"Estimated",,0.138,"Estimated",,0.14,"Estimated",,0.138,"Estimated",,0.141,"Estimated",,0.145,"Estimated",,0.126,"Estimated",,0.103,"Estimated",,0.101,"Estimated",,0.111,"Estimated",,0.123,"Estimated",,0.121,"Estimated",,0.112,"Estimated",,0.106,"Estimated",,0.112,"Estimated",,0.108,"Estimated",,0.1,"Estimated",,0.102,"Estimated",,0.121,"Estimated",,0.114,"Estimated",
"Iceland",0.397,,,0.373,,,0.364,,,0.39,,,0.394,,,0.381,,,0.371,,,0.37,,,0.371,,,0.376,,,0.385,,,0.386,,,0.371,,,0.422,,,0.403,,,0.455,,,0.452,,,0.434,,,0.448,,,0.445,,,0.45,,,0.441,,,0.464,,,0.46,,,0.442,,,0.466,,,0.48,,,0.466,,,0.432,,,0.419,,
"India",0.138,,,0.119,,,0.123,,,0.142,,,0.162,,,0.146,,,0.123,,,0.132,,,0.133,,,0.121,,,0.133,,,0.14,,,0.151,,,0.159,,,0.149,,,0.164,,,0.183,,,0.173,,,0.184,,,0.175,,,0.12,,,0.12,,,0.122,,,0.139,,,0.125,,,0.098,,,0.125,,,0.182,,,0.172,,,0.14,,
"Indonesia",,,"Not applicable",,,"Not applicable",,,"Not applicable",,,"Not applicable",,,"Not applicable",,,"Not applicable",,,"Not applicable",,,"Not applicable",0.123,,,0.124,,,0.13,,,0.129,,,0.128,,,0.151,,,0.152,,,0.155,,,0.172,,,0.17,,,0.157,,,0.152,,,0.138,,,0.128,,,0.142,,,0.134,,,0.126,,,0.124,,,0.145,,,0.167,,,0.148,,,0.127,,
"Indonesia (...2002)",0.143,,,0.141,,,0.162,,,0.159,,,0.118,,,0.125,,,0.124,,,0.119,,,,,"Not applicable",,,"Not applicable",,,"Not applicable",,,"Not applicable",,,"Not applicable",,,"Not applicable",,,"Not applicable",,,"Not applicable",,,"Not applicable",,,"Not applicable",,,"Not applicable",,,"Not applicable",,,"Not applicable",,,"Not applicable",,,"Not applicable",,,"Not applicable",,,"Not applicable",,,"Not applicable",,,"Not applicable",,,"Not applicable",,,"Not applicable",,,"Not applicable"
"Iran (Islamic Republic of)",0.717,"Estimated",,0.742,"Estimated",,0.693,"Estimated",,0.641,"Estimated",,0.636,"Estimated",,0.781,"Estimated",,0.776,"Estimated",,0.709,"Estimated",,0.721,"Estimated",,0.724,"Estimated",,0.725,"Estimated",,0.709,"Estimated",,0.723,"Estimated",,0.732,"Estimated",,0.715,"Estimated",,0.597,"Estimated",,0.613,"Estimated",,0.588,"Estimated",,0.458,"Estimated",,0.441,"Estimated",,0.34,"Estimated",,0.452,"Estimated",,0.498,"Estimated",,0.522,"Estimated",,0.311,"Estimated",,0.161,"Estimated",,0.153,"Estimated",,0.131,"Estimated",,0.138,"Estimated",,0.138,"Estimated",
"Iraq",0.722,"Estimated",,0.79,"Estimated",,0.952,"Estimated",,0.96,"Estimated",,0.982,"Estimated",,0.974,"Estimated",,0.968,"Estimated",,0.967,"Estimated",,0.939,"Estimated",,0.911,"Estimated",,0.949,"Estimated",,0.959,"Estimated",,0.956,"Estimated",,0.944,"Estimated",,0.941,"Estimated",,0.947,"Estimated",,0.976,"Estimated",,0.954,"Estimated",,0.975,"Estimated",,0.974,"Estimated",,0.968,"Estimated",,0.936,"Estimated",,0.939,"Estimated",,0.944,"Estimated",,0.915,"Estimated",,0.82,"Estimated",,0.891,"Estimated",,0.91,"Estimated",,0.883,"Estimated",,0.862,"Estimated",
"Ireland",0.169,,,0.175,,,0.181,,,0.207,,,0.202,,,0.228,,,0.225,,,0.235,,,0.217,,,0.214,,,0.226,,,0.222,,,0.229,,,0.22,,,0.249,,,0.257,,,0.257,,,0.248,,,0.235,,,0.233,,,0.243,,,0.239,,,0.233,,,0.268,,,0.28,,,0.306,,,0.287,,,0.298,,,0.29,,,0.301,,
"Israel",0.273,,,0.281,,,0.281,,,0.257,,,0.287,,,0.312,,,0.303,,,0.344,,,0.347,,,0.355,,,0.365,,,0.341,,,0.361,,,0.298,,,0.24,,,0.273,,,0.292,,,0.266,,,0.276,,,0.287,,,0.273,,,0.255,,,0.24,,,0.223,,,0.188,,,0.131,,,0.155,,,0.163,,,0.148,,,0.144,,
"Italy",0.055,,,0.054,,,0.054,,,0.054,,,0.054,,,0.055,,,0.054,,,0.055,,,0.055,,,0.053,,,0.054,,,0.053,,,0.054,,,0.054,,,0.051,,,0.052,,,0.053,,,0.056,,,0.055,,,0.053,,,0.052,,,0.052,,,0.053,,,0.053,,,0.056,,,0.058,,,0.053,,,0.06,,,0.062,,,0.062,,
"Jamaica",0.475,,,0.478,,,0.506,,,0.498,,,0.533,,,0.544,,,0.579,,,0.622,,,0.632,,,0.618,,,0.657,,,0.572,,,0.581,,,0.556,,,0.371,,,0.425,,,0.466,,,0.412,,,0.441,,,0.471,,,0.526,,,0.441,,,0.464,,,0.616,,,0.506,,,0.439,,,0.402,,,0.407,,,0.397,,,0.406,,
"Japan",0.124,,,0.122,,,0.127,,,0.135,,,0.137,,,0.135,,,0.135,,,0.149,,,0.146,,,0.136,,,0.135,,,0.142,,,0.146,,,0.141,,,0.119,,,0.125,,,0.115,,,0.123,,,0.127,,,0.127,,,0.135,,,0.141,,,0.139,,,0.139,,,0.142,,,0.136,,,0.129,,,0.133,,,0.157,,,0.159,,
"Jordan",0.209,,,0.308,,,0.211,,,0.257,,,0.184,,,0.171,,,0.155,,,0.175,,,0.158,,,0.142,,,0.147,,,0.141,,,0.165,,,0.188,,,0.164,,,0.187,,,0.186,,,0.174,,,0.175,,,0.185,,,0.196,,,0.198,,,0.206,,,0.214,,,0.224,,,0.215,,,0.221,,,0.239,,,0.194,,,0.206,,
"Kazakhstan",0.204,,,0.23,,,0.271,,,0.294,,,0.383,,,0.63,"More than 30% of total trade under ""931: Special transactions & commodities not classified""",,0.483,,,0.502,,,0.522,,,0.548,,,0.605,,,0.599,,,0.569,,,0.591,,,0.586,,,0.628,,,0.607,,,0.592,,,0.658,,,0.657,,,0.563,,,0.506,,,0.527,,,0.599,,,0.558,,,0.546,,,0.565,,,0.596,,,0.514,,,0.613,,
"Kenya",0.229,"Estimated",,0.22,"Estimated",,0.23,"Estimated",,0.264,"Estimated",,0.252,"Estimated",,0.268,"Estimated",,0.249,"Estimated",,0.222,"Estimated",,0.225,"Estimated",,0.223,"Estimated",,0.213,"Estimated",,0.192,"Estimated",,0.185,"Estimated",,0.196,"Estimated",,0.206,"Estimated",,0.219,"Estimated",,0.204,,,0.205,,,0.214,"Estimated",,0.181,,,0.218,"Estimated",,0.222,"Estimated",,0.251,"Estimated",,0.232,"Estimated",,0.207,"Estimated",,0.211,"Estimated",,0.198,"Estimated",,0.193,"Estimated",,0.186,"Estimated",,0.203,,
"Kiribati",0.45,"Estimated",,0.385,"Estimated",,0.4,"Estimated",,0.566,"Estimated. More than 30% of total trade under ""931: Special transactions & commodities not classified""",,0.475,"Estimated",,0.576,"Estimated",,0.611,"Estimated",,0.758,"Estimated",,0.753,"Estimated",,0.396,"Estimated",,0.329,"Estimated",,0.281,"Estimated",,0.35,"Estimated",,0.688,"Estimated",,0.633,"Estimated",,0.629,"Estimated",,0.782,"Estimated",,0.819,"Estimated",,0.902,"Estimated",,0.802,"Estimated",,0.929,"Estimated",,0.88,"Estimated",,0.84,"Estimated",,0.882,"Estimated",,0.841,"Estimated",,0.646,"Estimated",,0.779,"Estimated",,0.824,"Estimated",,0.802,"Estimated",,0.809,"Estimated",
"Kuwait",0.609,"Estimated",,0.658,"Estimated",,0.641,"Estimated",,0.594,"Estimated",,0.592,"Estimated",,0.615,"Estimated",,0.586,"Estimated",,0.568,"Estimated",,0.517,"Estimated",,0.575,"Estimated",,0.578,,,0.634,"Estimated",,0.632,"Estimated",,0.658,"Estimated",,0.623,"Estimated",,0.63,"Estimated",,0.629,"Estimated",,0.644,,,0.658,"Estimated",,0.651,"Estimated",,0.609,"Estimated",,0.605,"Estimated",,0.626,"Estimated",,0.666,"Estimated",,0.608,"Estimated",,0.646,"Estimated",,0.649,"Estimated",,0.648,"Estimated",,0.571,"Estimated",,0.297,,
"Kyrgyzstan",0.141,"Estimated",,0.168,"Estimated",,0.201,"Estimated",,0.348,"Estimated",,0.259,"Estimated",,0.317,"Estimated",,0.317,"Estimated",,0.218,"Estimated",,0.255,"Estimated",,0.216,"Estimated",,0.181,"Estimated",,0.163,"Estimated",,0.176,"Estimated",,0.288,"Estimated",,0.295,"Estimated",,0.282,"Estimated",,0.286,"Estimated",,0.283,"Estimated",,0.371,"Estimated",,0.355,"Estimated",,0.439,"Estimated",,0.327,"Estimated",,0.389,"Estimated",,0.381,"Estimated",,0.407,"Estimated",,0.488,"Estimated",,0.464,"Estimated",,0.131,"Estimated",,0.444,"Estimated",,0.656,"Estimated",
"Lao People's Dem. Rep.",0.268,"Estimated",,0.291,"Estimated",,0.241,"Estimated",,0.239,"Estimated",,0.406,"Estimated",,0.314,"Estimated",,0.314,"Estimated",,0.363,"Estimated",,0.365,"Estimated",,0.335,"Estimated",,0.29,"Estimated",,0.304,"Estimated",,0.325,"Estimated",,0.299,"Estimated",,0.291,"Estimated",,0.305,"Estimated",,0.311,"Estimated",,0.295,"Estimated",,0.28,"Estimated",,0.265,"Estimated",,0.209,"Estimated",,0.222,"Estimated",,0.256,"Estimated",,0.256,"Estimated",,0.24,"Estimated",,0.252,"Estimated",,0.235,"Estimated",,0.219,"Estimated",,0.203,"Estimated",,0.18,"Estimated",
"Latvia",0.143,"Estimated",,0.177,"Estimated",,0.165,"Estimated",,0.158,"Estimated",,0.197,"Estimated",,0.232,"Estimated",,0.19,"Estimated",,0.172,"Estimated",,0.179,"Estimated",,0.19,"Estimated",,0.184,"Estimated",,0.168,"Estimated",,0.138,"Estimated",,0.112,"Estimated",,0.11,"Estimated",,0.093,"Estimated",,0.12,"Estimated",,0.113,"Estimated",,0.113,"Estimated",,0.107,"Estimated",,0.101,"Estimated",,0.089,"Estimated",,0.082,"Estimated",,0.086,"Estimated",,0.078,"Estimated",,0.081,"Estimated",,0.085,"Estimated",,0.083,"Estimated",,0.072,"Estimated",,0.074,"Estimated",
"Lebanon",0.112,"Estimated",,0.133,"Estimated",,0.131,"Estimated",,0.128,"Estimated",,0.141,"Estimated",,0.13,"Estimated",,0.129,"Estimated",,0.118,"Estimated",,0.147,"Estimated",,0.114,"Estimated",,0.106,"Estimated",,0.124,"Estimated",,0.111,"Estimated",,0.11,"Estimated",,0.128,"Estimated",,0.109,"Estimated",,0.135,"Estimated",,0.186,"Estimated",,0.111,"Estimated",,0.09,"Estimated",,0.096,"Estimated",,0.123,"Estimated",,0.119,"Estimated",,0.118,"Estimated",,0.214,"Estimated",,0.236,"Estimated",,0.149,"Estimated",,0.134,"Estimated",,0.12,"Estimated",,0.131,"Estimated",
"Lesotho",0.36,"Estimated",,0.36,"Estimated",,0.367,"Estimated",,0.352,"Estimated",,0.362,"Estimated",,0.418,,,0.276,"Estimated",,0.353,"Estimated",,0.406,"Estimated",,0.365,"Estimated",,0.356,"Estimated",,0.35,"Estimated",,0.289,"Estimated",,0.291,"Estimated",,0.258,"Estimated",,0.293,"Estimated",,0.29,"Estimated",,0.27,"Estimated",,0.269,"Estimated",,0.308,"Estimated",,0.301,"Estimated",,0.259,"Estimated",,0.333,"Estimated",,0.375,"Estimated",,0.342,"Estimated",,0.36,"Estimated",,0.325,"Estimated",,0.351,"Estimated",,0.374,"Estimated",,0.362,"Estimated",
"Liberia",0.545,"Estimated",,0.809,"Estimated",,0.62,"Estimated",,0.619,"Estimated",,0.508,"Estimated",,0.546,"Estimated",,0.74,"Estimated",,0.581,"Estimated. More than 30% of total trade under ""931: Special transactions & commodities not classified""",,0.679,"Estimated",,0.765,"Estimated",,0.81,"Estimated",,0.651,"Estimated",,0.697,"Estimated",,0.505,"Estimated",,0.654,"Estimated",,0.453,"Estimated",,0.42,"Estimated",,0.391,"Estimated",,0.42,"Estimated",,0.54,"Estimated",,0.649,"Estimated",,0.342,"Estimated",,0.429,"Estimated",,0.374,"Estimated",,0.427,"Estimated",,0.408,"Estimated",,0.416,"Estimated",,0.379,"Estimated",,0.46,"Estimated",,0.438,"Estimated",
"Libya",0.764,"Estimated",,0.782,"Estimated",,0.755,"Estimated",,0.747,"Estimated",,0.773,"Estimated",,0.777,"Estimated",,0.79,"Estimated",,0.76,"Estimated",,0.798,"Estimated",,0.82,"Estimated",,0.834,"Estimated",,0.793,"Estimated",,0.772,"Estimated",,0.789,"Estimated",,0.77,"Estimated",,0.765,"Estimated",,0.74,"Estimated",,0.795,"Estimated",,0.753,"Estimated",,0.707,"Estimated",,0.62,"Estimated",,0.653,"Estimated",,0.786,"Estimated",,0.849,"Estimated",,0.832,"Estimated",,0.677,"Estimated",,0.83,"Estimated",,0.793,"Estimated",,0.851,"Estimated",,0.859,"Estimated",
"Lithuania",0.088,,,0.104,,,0.122,,,0.132,,,0.114,,,0.161,,,0.175,,,0.156,,,0.159,,,0.196,,,0.216,,,0.189,,,0.11,,,0.202,,,0.17,,,0.188,,,0.207,,,0.2,,,0.187,,,0.142,,,0.133,,,0.112,,,0.113,,,0.115,,,0.103,,,0.077,,,0.089,,,0.108,,,0.109,,,0.1,,
"Luxembourg",0.116,,,0.116,,,0.126,,,0.132,,,0.131,"Estimated",,0.133,"Estimated",,0.131,"Estimated",,0.122,"Estimated",,0.119,"Estimated",,0.128,"Estimated",,0.128,"Estimated",,0.146,"Estimated",,0.151,"Estimated",,0.167,"Estimated",,0.127,"Estimated",,0.136,"Estimated",,0.133,"Estimated",,0.125,"Estimated",,0.116,"Estimated",,0.109,"Estimated",,0.102,"Estimated",,0.101,"Estimated",,0.099,"Estimated",,0.105,"Estimated",,0.105,"Estimated",,0.097,"Estimated",,0.108,"Estimated",,0.117,"Estimated",,0.107,"Estimated",,0.109,"Estimated",
"Madagascar",0.227,"Estimated",,0.2,"Estimated",,0.191,"Estimated",,0.185,"Estimated",,0.183,"Estimated",,0.259,"Estimated",,0.304,"Estimated",,0.314,"Estimated",,0.309,"Estimated",,0.269,"Estimated",,0.252,"Estimated",,0.25,"Estimated",,0.239,"Estimated",,0.244,"Estimated",,0.218,"Estimated",,0.18,"Estimated",,0.242,"Estimated",,0.227,"Estimated",,0.223,"Estimated",,0.266,"Estimated",,0.294,"Estimated",,0.301,"Estimated",,0.343,"Estimated",,0.333,"Estimated",,0.287,"Estimated",,0.28,"Estimated",,0.273,"Estimated",,0.309,"Estimated",,0.273,"Estimated",,0.292,,
"Malawi",0.66,,,0.595,,,0.631,,,0.64,,,0.597,,,0.581,,,0.577,,,0.557,,,0.497,,,0.459,,,0.513,,,0.608,,,0.476,,,0.652,,,0.619,,,0.516,,,0.406,,,0.507,,,0.462,,,0.442,,,0.46,,,0.512,,,0.614,,,0.571,,,0.535,,,0.518,,,0.449,,,0.449,,,0.455,,,0.351,,
"Malaysia",0.179,,,0.179,,,0.188,,,0.198,,,0.222,,,0.219,,,0.202,,,0.207,,,0.218,,,0.194,,,0.186,,,0.182,,,0.176,,,0.155,,,0.174,,,0.165,,,0.168,,,0.164,,,0.172,,,0.178,,,0.17,,,0.174,,,0.192,,,0.217,,,0.216,,,0.242,,,0.23,,,0.253,,,0.271,,,0.261,,
"Maldives",0.347,"Estimated",,0.367,"Estimated",,0.383,"Estimated",,0.294,"Estimated",,0.285,"Estimated",,0.283,"Estimated",,0.287,"Estimated",,0.337,"Estimated",,0.397,"Estimated",,0.428,"Estimated",,0.527,"Estimated",,0.72,"Estimated",,0.701,"Estimated",,0.78,"Estimated",,0.626,"Estimated",,0.525,"Estimated",,0.716,"Estimated",,0.767,"Estimated",,0.801,"Estimated",,0.756,"Estimated",,0.712,"Estimated",,0.622,"Estimated",,0.6,"Estimated",,0.453,"Estimated",,0.653,"Estimated",,0.675,"Estimated",,0.602,"Estimated",,0.477,"Estimated",,0.53,"Estimated",,0.401,"Estimated",
"Mali",0.771,"Estimated",,0.817,"Estimated",,0.838,"Estimated",,0.864,"Estimated",,0.781,"Estimated",,0.553,"Estimated",,0.438,"Estimated",,0.481,"Estimated",,0.566,"Estimated. More than 30% of total trade under ""931: Special transactions & commodities not classified""",,0.543,"Estimated",,0.559,"Estimated",,0.527,"Estimated",,0.544,"Estimated",,0.523,"Estimated",,0.558,"Estimated",,0.644,"Estimated",,0.59,"Estimated",,0.655,"Estimated",,0.642,"Estimated",,0.673,"Estimated",,0.701,"Estimated",,0.733,"Estimated",,0.611,"Estimated",,0.732,"Estimated",,0.794,"Estimated",,0.81,"Estimated",,0.859,"Estimated",,0.842,"Estimated",,0.823,"Estimated",,0.82,"Estimated",
"Malta",0.473,,,0.431,,,0.395,,,0.461,,,0.456,,,0.544,,,0.47,,,0.452,,,0.473,,,0.491,,,0.37,,,0.365,,,0.392,,,0.421,,,0.371,,,0.428,,,0.438,,,0.436,,,0.412,,,0.37,,,0.351,,,0.326,,,0.335,,,0.302,,,0.285,,,0.247,,,0.253,,,0.29,,,0.332,,,0.294,,
"Marshall Islands",0.5,,,0.696,,,0.439,"More than 30% of total trade under ""931: Special transactions & commodities not classified""",,0.793,,,0.576,,,0.524,,,0.693,,,0.635,,,0.53,,,0.805,,,0.865,,,0.899,,,0.761,,,0.912,,,0.765,,,0.831,,,0.705,,,0.791,,,0.737,,,0.822,,,0.753,,,0.668,,,0.651,,,0.761,,,0.76,,,0.774,,,0.826,,,0.856,,,0.752,,,0.871,,
"Martinique",0.434,,,,,,,,,,,,,,,,,,,,,,,,,,,,,,,,,,,,,,,,,,,,,,,,,,,,,,,,,,,,,,,,,,,,,,,,,,,,,,,,,,,,,,,,,
"Mauritania",0.532,"Estimated",,0.513,"Estimated",,0.543,"Estimated",,0.545,"Estimated",,0.534,"Estimated",,0.484,"Estimated",,0.513,"Estimated",,0.525,"Estimated",,0.497,"Estimated",,0.527,"Estimated",,0.522,"Estimated",,0.455,"Estimated",,0.495,"Estimated",,0.483,"Estimated",,0.39,"Estimated",,0.433,"Estimated",,0.425,"Estimated",,0.44,"Estimated",,0.473,"Estimated",,0.433,"Estimated",,0.359,"Estimated",,0.361,"Estimated",,0.368,"Estimated",,0.369,"Estimated",,0.406,"Estimated",,0.435,"Estimated",,0.523,"Estimated",,0.458,"Estimated",,0.449,"Estimated",,0.477,"Estimated",
"Mauritius",0.347,"Estimated",,0.367,"Estimated",,0.353,"Estimated",,0.353,"Estimated",,0.349,"Estimated",,0.341,"Estimated",,0.327,"Estimated",,0.323,"Estimated",,0.328,"Estimated",,0.315,"Estimated",,0.275,"Estimated",,0.263,"Estimated",,0.258,"Estimated",,0.244,"Estimated",,0.241,"Estimated",,0.212,"Estimated",,0.23,"Estimated",,0.227,"Estimated",,0.219,"Estimated",,0.201,"Estimated",,0.19,"Estimated",,0.188,"Estimated",,0.196,"Estimated",,0.169,"Estimated",,0.175,"Estimated",,0.173,"Estimated",,0.156,"Estimated",,0.155,"Estimated",,0.168,"Estimated",,0.171,"Estimated",
"Mayotte",,,,,,,,,,,,,,,,0.443,,,0.291,,,0.26,,,0.271,,,0.213,,,0.167,,,0.193,,,0.168,,,0.206,,,0.206,,,,,,,,,,,,,,,,,,,,,,,,,,,,,,,,,,,,,,,,,,,,,,,
"Mexico",0.122,,,0.137,,,0.123,,,0.113,,,0.119,,,0.137,,,0.134,,,0.128,,,0.133,,,0.134,,,0.144,,,0.153,,,0.153,,,0.164,,,0.142,,,0.148,,,0.154,,,0.146,,,0.141,,,0.132,,,0.124,,,0.127,,,0.133,,,0.139,,,0.138,,,0.13,,,0.128,,,0.143,,,0.127,,,0.133,,
"Micronesia (Federated States of)",0.935,"Estimated",,0.874,"Estimated",,0.722,"Estimated",,0.857,"Estimated",,0.971,"Estimated",,0.712,"Estimated",,0.75,"Estimated",,0.382,"Estimated",,0.436,"Estimated",,0.383,"Estimated",,0.509,"Estimated",,0.507,"Estimated",,0.568,"Estimated",,0.462,"Estimated",,0.622,"Estimated",,0.619,"Estimated",,0.673,"Estimated",,0.856,"Estimated",,0.676,"Estimated",,0.763,"Estimated",,0.693,"Estimated",,0.844,"Estimated",,0.831,"Estimated",,0.746,"Estimated",,0.669,"Estimated",,0.815,"Estimated",,0.778,"Estimated",,0.834,"Estimated",,0.825,"Estimated",,0.888,"Estimated",
"Mongolia",0.483,"Estimated",,0.409,"Estimated",,0.397,"Estimated",,0.349,"Estimated",,0.383,"Estimated",,0.345,"Estimated",,0.326,"Estimated",,0.324,"Estimated",,0.315,"Estimated",,0.359,"Estimated",,0.384,"Estimated",,0.466,"Estimated",,0.458,"Estimated",,0.434,,,0.466,,,0.52,,,0.556,,,0.56,,,0.373,"Estimated",,0.468,"Estimated",,0.497,"Estimated",,0.398,"Estimated",,0.432,"Estimated",,0.455,"Estimated",,0.456,"Estimated",,0.413,"Estimated",,0.426,"Estimated",,0.527,"Estimated",,0.463,,,0.463,,
"Montenegro",,,"Not applicable",,,"Not applicable",,,"Not applicable",,,"Not applicable",,,"Not applicable",,,"Not applicable",,,"Not applicable",,,"Not applicable",,,"Not applicable",,,"Not applicable",,,"Not applicable",,,"Not applicable",,,"Not applicable",0.418,,,0.385,,,0.371,,,0.389,,,0.339,,,0.302,,,0.234,,,0.223,,,0.213,,,0.207,,,0.218,,,0.198,,,0.199,,,0.218,,,0.313,,,0.302,,,0.198,,
"Montserrat",0.615,"Estimated",,0.508,"Estimated",,0.124,"Estimated",,0.215,"Estimated",,0.132,"Estimated",,0.141,"Estimated",,0.365,"Estimated",,0.185,"Estimated",,0.301,"Estimated",,0.28,"Estimated",,0.308,"Estimated",,0.184,"Estimated",,0.243,"Estimated",,0.262,"Estimated",,0.264,"Estimated",,0.308,"Estimated",,0.178,"Estimated",,0.2,"Estimated",,0.34,"Estimated",,0.354,"Estimated",,0.365,"Estimated",,0.375,"Estimated",,0.497,"Estimated",,0.418,"Estimated",,0.413,"Estimated",,0.487,"Estimated",,0.362,"Estimated",,0.402,"Estimated",,0.354,"Estimated",,0.276,"Estimated",
"Morocco",0.166,"Estimated",,0.168,"Estimated",,0.17,"Estimated",,0.182,"Estimated",,0.182,"Estimated",,0.176,"Estimated",,0.175,"Estimated",,0.171,"Estimated",,0.171,"Estimated",,0.165,"Estimated",,0.156,"Estimated",,0.156,"Estimated",,0.156,"Estimated",,0.185,"Estimated",,0.155,"Estimated",,0.157,"Estimated",,0.167,"Estimated",,0.162,"Estimated",,0.155,"Estimated",,0.159,"Estimated",,0.166,"Estimated",,0.174,"Estimated",,0.176,"Estimated",,0.183,"Estimated",,0.182,"Estimated",,0.18,"Estimated",,0.189,"Estimated",,0.212,"Estimated",,0.199,"Estimated",,0.191,,
"Mozambique",0.334,"Estimated",,0.335,"Estimated",,0.286,"Estimated",,0.345,"Estimated. More than 30% of total trade under ""931: Special transactions & commodities not classified""",,0.292,"Estimated",,0.271,"Estimated",,0.491,"Estimated",,0.494,"Estimated",,0.533,"Estimated",,0.653,"Estimated",,0.621,"Estimated",,0.427,"Estimated",,0.403,"Estimated",,0.503,"Estimated",,0.309,"Estimated",,0.481,"Estimated",,0.37,"Estimated",,0.292,"Estimated",,0.275,"Estimated",,0.267,"Estimated",,0.286,"Estimated",,0.266,"Estimated",,0.292,"Estimated",,0.273,"Estimated",,0.285,"Estimated",,0.266,"Estimated",,0.265,"Estimated",,0.299,"Estimated",,0.296,"Estimated",,0.262,"Estimated",
"Myanmar",0.287,"Estimated",,0.262,"Estimated",,0.255,"Estimated",,0.241,"Estimated",,0.249,"Estimated",,0.258,"Estimated",,0.263,"Estimated",,0.266,"Estimated",,0.263,"Estimated",,0.281,"Estimated",,0.362,"Estimated",,0.381,"Estimated",,0.372,"Estimated",,0.425,"Estimated",,0.359,"Estimated",,0.39,"Estimated",,0.374,"Estimated",,0.356,"Estimated",,0.323,"Estimated",,0.423,"Estimated",,0.378,"Estimated",,0.276,"Estimated",,0.234,"Estimated",,0.232,"Estimated",,0.241,"Estimated",,0.218,"Estimated",,0.196,"Estimated",,0.215,"Estimated",,0.206,"Estimated",,0.218,"Estimated",
"Namibia",0.335,"Estimated",,0.334,"Estimated",,0.336,"Estimated",,0.336,"Estimated",,0.332,"Estimated",,0.319,"Estimated",,0.317,"Estimated",,0.358,"Estimated",,0.274,"Estimated",,0.295,"Estimated",,0.309,"Estimated",,0.326,"Estimated",,0.249,"Estimated",,0.238,"Estimated",,0.204,"Estimated",,0.224,"Estimated",,0.235,"Estimated",,0.256,"Estimated",,0.252,"Estimated",,0.255,"Estimated",,0.294,"Estimated",,0.28,"Estimated",,0.258,"Estimated",,0.259,"Estimated",,0.282,"Estimated",,0.266,"Estimated",,0.25,"Estimated",,0.255,"Estimated",,0.272,"Estimated",,0.246,"Estimated",
"Nauru",0.702,,,0.703,,,0.819,,,0.657,,,0.713,,,0.762,,,0.637,,,0.435,,,0.399,,,0.422,,,0.231,,,0.229,,,0.542,,,0.945,,,0.853,,,0.754,,,0.904,,,0.932,,,0.903,,,0.689,,,0.606,,,0.703,,,0.658,,,0.388,,,0.56,,,0.819,,,0.661,,,0.732,,,0.807,,,0.794,,
"Nepal",0.467,"Estimated",,0.39,"Estimated",,0.372,"Estimated",,0.326,"Estimated",,0.273,"Estimated",,0.25,"Estimated",,0.187,"Estimated",,0.164,"Estimated",,0.162,"Estimated",,0.152,"Estimated",,0.139,"Estimated",,0.137,"Estimated",,0.129,"Estimated",,0.127,"Estimated",,0.139,"Estimated",,0.142,"Estimated",,0.142,"Estimated",,0.136,"Estimated",,0.131,"Estimated",,0.127,"Estimated",,0.137,"Estimated",,0.137,"Estimated",,0.266,"Estimated",,0.215,"Estimated",,0.204,"Estimated",,0.222,"Estimated",,0.378,"Estimated",,0.198,"Estimated",,0.156,"Estimated",,0.177,"Estimated",
"Netherlands (Kingdom of the)",0.053,"Estimated",,0.06,"Estimated",,0.062,"Estimated",,0.069,"Estimated",,0.071,"Estimated",,0.138,"Estimated",,0.126,"Estimated",,0.114,"Estimated",,0.106,"Estimated",,0.101,"Estimated",,0.101,"Estimated",,0.107,"Estimated",,0.101,"Estimated",,0.112,"Estimated",,0.109,"Estimated",,0.112,"Estimated",,0.105,"Estimated",,0.115,"Estimated",,0.116,"Estimated",,0.1,"Estimated",,0.083,"Estimated",,0.075,"Estimated",,0.075,"Estimated",,0.083,"Estimated",,0.085,"Estimated",,0.073,"Estimated",,0.077,"Estimated",,0.104,"Estimated",,0.093,"Estimated",,0.085,"Estimated",
"Netherlands Antilles",0.538,"Estimated",,0.711,"Estimated",,0.629,"Estimated",,0.647,"Estimated",,0.669,"Estimated",,0.69,"Estimated",,0.765,"Estimated",,0.699,"Estimated",,0.51,"Estimated",,0.637,"Estimated",,0.729,"Estimated",,0.709,"Estimated",,0.719,"Estimated",,0.696,"Estimated",,0.634,"Estimated",,0.726,"Estimated",,,,"Not applicable",,,"Not applicable",,,"Not applicable",,,"Not applicable",,,"Not applicable",,,"Not applicable",,,"Not applicable",,,"Not applicable",,,"Not applicable",,,"Not applicable",,,"Not applicable",,,"Not applicable",,,"Not applicable",,,"Not applicable"
"New Caledonia",0.604,"Estimated",,0.625,"Estimated",,0.61,"Estimated",,0.571,"Estimated",,0.579,"Estimated",,0.635,"Estimated",,0.608,"Estimated",,0.627,"Estimated",,0.643,"Estimated",,0.659,"Estimated",,0.64,"Estimated",,0.652,"Estimated",,0.67,"Estimated",,0.635,"Estimated",,0.49,"Estimated",,0.613,"Estimated",,0.609,"Estimated",,0.602,"Estimated",,0.567,"Estimated",,0.596,"Estimated",,0.587,"Estimated",,0.611,"Estimated",,0.612,"Estimated",,0.612,"Estimated",,0.624,"Estimated",,0.621,"Estimated",,0.619,"Estimated",,0.638,"Estimated",,0.633,"Estimated",,0.613,"Estimated",
"New Zealand",0.117,,,0.123,,,0.125,,,0.123,,,0.118,,,0.119,,,0.138,,,0.126,,,0.127,,,0.126,,,0.13,,,0.131,,,0.144,,,0.151,,,0.146,,,0.16,,,0.171,,,0.171,,,0.197,,,0.203,,,0.166,,,0.162,,,0.178,,,0.175,,,0.19,,,0.197,,,0.204,,,0.198,,,0.192,,,0.193,,
"Nicaragua",0.267,"Estimated",,0.221,"Estimated",,0.204,"Estimated",,0.248,"Estimated",,0.236,"Estimated",,0.252,"Estimated",,0.199,"Estimated",,0.197,"Estimated",,0.188,"Estimated",,0.188,"Estimated",,0.186,"Estimated",,0.197,"Estimated",,0.197,"Estimated",,0.189,"Estimated",,0.203,"Estimated",,0.215,"Estimated",,0.218,"Estimated",,0.199,"Estimated",,0.205,"Estimated",,0.217,"Estimated",,0.224,"Estimated",,0.232,"Estimated",,0.225,"Estimated",,0.22,"Estimated",,0.231,"Estimated",,0.219,"Estimated",,0.228,"Estimated",,0.253,"Estimated",,0.25,"Estimated",,0.256,,
"Niger",0.404,"Estimated",,0.288,"Estimated",,0.432,"Estimated",,0.38,"Estimated",,0.436,"Estimated",,0.588,"Estimated",,0.316,"Estimated",,0.312,"Estimated",,0.382,"Estimated",,0.312,"Estimated",,0.317,"Estimated",,0.359,"Estimated",,0.451,"Estimated",,0.453,"Estimated",,0.394,"Estimated",,0.376,"Estimated",,0.414,"Estimated",,0.402,"Estimated. More than 30% of total trade under ""931: Special transactions & commodities not classified""",,0.348,"Estimated",,0.408,"Estimated",,0.399,"Estimated",,0.371,"Estimated",,0.352,"Estimated",,0.397,"Estimated",,0.353,"Estimated",,0.554,"Estimated",,0.597,"Estimated",,0.665,"Estimated",,0.39,"Estimated",,0.48,,
"Nigeria",0.854,"Estimated",,0.914,"Estimated",,0.897,"Estimated",,0.87,"Estimated",,0.885,"Estimated",,0.924,"Estimated",,0.879,"Estimated",,0.845,"Estimated",,0.843,"Estimated",,0.801,"Estimated",,0.83,"Estimated",,0.819,"Estimated",,0.801,"Estimated",,0.796,"Estimated",,0.804,"Estimated",,0.762,"Estimated",,0.762,"Estimated",,0.758,"Estimated",,0.786,"Estimated",,0.769,"Estimated",,0.735,"Estimated",,0.759,"Estimated",,0.753,"Estimated",,0.766,"Estimated",,0.776,"Estimated",,0.735,"Estimated",,0.75,"Estimated",,0.751,"Estimated",,0.758,"Estimated",,0.694,"Estimated",
"Niue",0.356,,,0.292,,,0.23,,,0.655,,,0.128,,,0.359,,,0.506,,,0.417,,,0.679,,,0.227,,,0.267,,,0.293,,,0.273,,,0.259,,,0.478,,,0.423,,,0.387,,,0.35,,,0.16,,,0.156,,,0.199,,,0.247,,,0.965,,,0.908,,,0.954,,,0.977,,,0.589,,,0.283,,,0.415,,,0.411,,
"Norfolk Island",0.318,"Estimated",,0.276,"Estimated",,0.291,"Estimated",,0.196,"Estimated",,0.228,"Estimated",,0.324,"Estimated",,0.201,"Estimated",,0.567,"Estimated",,0.232,"Estimated",,0.246,"Estimated",,,,,,,,,,,,,,,,,,,,,,,,,,,,,,,,,,,,,,,,,,,,,,,,,,,,,,,,,,,,,
"North Macedonia",0.122,"Estimated",,0.13,"Estimated",,0.123,"Estimated",,0.149,"Estimated",,0.154,"Estimated",,0.174,"Estimated",,0.165,"Estimated",,0.161,"Estimated",,0.166,"Estimated",,0.183,"Estimated",,0.18,"Estimated",,0.177,"Estimated",,0.211,"Estimated",,0.181,"Estimated",,0.149,"Estimated",,0.15,"Estimated",,0.171,"Estimated",,0.17,"Estimated",,0.182,"Estimated",,0.193,"Estimated",,0.2,"Estimated",,0.212,"Estimated",,0.21,"Estimated",,0.215,"Estimated",,0.223,"Estimated",,0.221,"Estimated",,0.247,"Estimated",,0.276,"Estimated",,0.28,"Estimated",,0.241,"Estimated",
"Northern Mariana Islands",0.43,"More than 30% of total trade under ""931: Special transactions & commodities not classified""",,0.325,"More than 30% of total trade under ""931: Special transactions & commodities not classified""",,0.357,,,0.37,,,0.438,,,0.395,,,0.374,,,0.36,,,0.297,,,0.468,,,0.333,,,0.262,,,0.25,,,0.267,,,0.148,,,0.204,,,0.138,,,0.155,,,0.175,,,0.191,,,0.282,,,0.299,,,0.321,,,0.417,,,0.442,,,0.4,,,0.42,,,0.276,,,0.289,,,0.386,,
"Norway",0.351,,,0.41,,,0.382,,,0.294,,,0.361,,,0.473,,,0.444,,,0.424,,,0.419,,,0.441,,,0.453,,,0.43,,,0.406,,,0.419,,,0.381,,,0.391,,,0.405,,,0.406,,,0.393,,,0.377,,,0.333,,,0.315,,,0.329,,,0.356,,,0.325,,,0.301,,,0.427,,,0.545,,,0.416,,,0.399,,
"Oman",0.748,"Estimated",,0.739,"Estimated",,0.764,"Estimated",,0.679,"Estimated",,0.751,"Estimated",,0.8,"Estimated",,0.713,"Estimated",,0.684,"Estimated",,0.658,"Estimated",,0.721,"Estimated",,0.708,"Estimated",,0.693,"Estimated",,0.624,"Estimated",,0.639,"Estimated",,0.533,"Estimated",,0.582,"Estimated",,0.599,"Estimated",,0.507,"Estimated",,0.496,"Estimated",,0.532,"Estimated",,0.424,"Estimated",,0.358,"Estimated",,0.401,"Estimated",,0.386,"Estimated",,0.324,"Estimated",,0.264,"Estimated",,0.31,"Estimated",,0.32,"Estimated",,0.318,"Estimated",,0.324,,
"Pakistan",0.235,,,0.234,,,0.231,,,0.221,,,0.225,,,0.215,,,0.216,,,0.219,,,0.229,,,0.225,,,0.226,,,0.228,,,0.21,,,0.207,,,0.202,,,0.199,,,0.184,,,0.183,,,0.189,,,0.193,,,0.202,,,0.214,,,0.21,,,0.204,,,0.207,,,0.211,,,0.206,,,0.206,,,0.197,,,0.208,,
"Palau",0.789,"Estimated",,0.7,"Estimated",,0.786,"Estimated",,0.702,"Estimated",,0.754,"Estimated",,0.529,"Estimated",,0.467,"Estimated",,0.404,"Estimated",,0.768,"Estimated",,0.777,"Estimated",,0.859,"Estimated",,0.881,"Estimated",,0.813,"Estimated",,0.817,"Estimated",,0.873,"Estimated",,0.846,"Estimated",,0.894,"Estimated",,0.816,"Estimated",,0.772,"Estimated",,0.692,"Estimated",,0.472,"Estimated",,0.584,"Estimated",,0.588,"Estimated",,0.561,"Estimated",,0.53,"Estimated",,0.35,"Estimated",,0.248,"Estimated",,0.325,"Estimated",,0.301,"Estimated",,0.314,"Estimated",
"Panama",0.314,"Estimated",,0.332,"Estimated",,0.289,"Estimated",,0.191,"Estimated",,0.214,"Estimated",,0.171,"Estimated",,0.185,"Estimated",,0.223,"Estimated",,0.248,"Estimated",,0.203,"Estimated",,0.228,"Estimated",,0.159,"Estimated",,0.13,"Estimated",,0.162,"Estimated",,0.18,"Estimated",,0.145,"Estimated",,0.146,"Estimated",,0.13,"Estimated",,0.124,"Estimated",,0.157,"Estimated",,0.174,"Estimated",,0.233,"Estimated",,0.146,"Estimated",,0.167,"Estimated",,0.135,"Estimated",,0.178,"Estimated",,0.458,"Estimated",,0.42,"Estimated",,0.447,"Estimated",,0.153,"Estimated",
"Papua New Guinea",0.367,"Estimated",,0.359,"Estimated",,0.336,"Estimated",,0.301,"Estimated",,0.319,"Estimated",,0.319,"Estimated",,0.305,"Estimated",,0.3,"Estimated",,0.322,"Estimated",,0.312,"Estimated",,0.317,"Estimated",,0.354,"Estimated",,0.346,"Estimated",,0.349,"Estimated",,0.361,"Estimated",,0.367,"Estimated",,0.3,"Estimated",,0.285,"Estimated",,0.288,"Estimated",,0.265,"Estimated",,0.301,"Estimated",,0.29,"Estimated",,0.268,"Estimated",,0.272,"Estimated",,0.385,"Estimated",,0.366,"Estimated",,0.378,"Estimated",,0.485,"Estimated",,0.426,"Estimated",,0.37,"Estimated",
"Paraguay",0.325,"Estimated",,0.332,"Estimated",,0.396,"Estimated",,0.389,"Estimated",,0.346,"Estimated",,0.529,"Estimated",,0.529,"Estimated",,0.542,"Estimated",,0.488,"Estimated",,0.447,"Estimated",,0.459,"Estimated",,0.429,"Estimated",,0.415,"Estimated",,0.394,"Estimated",,0.385,"Estimated",,0.382,"Estimated",,0.393,"Estimated",,0.349,"Estimated",,0.352,"Estimated",,0.341,"Estimated",,0.315,"Estimated",,0.328,"Estimated",,0.341,"Estimated",,0.348,"Estimated",,0.314,"Estimated",,0.336,"Estimated",,0.337,"Estimated",,0.258,"Estimated",,0.32,"Estimated",,0.322,"Estimated",
"Peru",0.231,"Estimated",,0.221,"Estimated",,0.221,"Estimated",,0.192,"Estimated",,0.199,"Estimated",,0.209,"Estimated",,0.196,"Estimated",,0.2,"Estimated",,0.194,"Estimated",,0.212,"Estimated",,0.219,"Estimated",,0.232,"Estimated",,0.238,"Estimated",,0.216,"Estimated",,0.227,"Estimated",,0.243,"Estimated",,0.239,"Estimated",,0.247,"Estimated",,0.239,"Estimated",,0.219,"Estimated",,0.229,"Estimated",,0.273,"Estimated",,0.292,"Estimated",,0.286,"Estimated",,0.281,"Estimated",,0.28,"Estimated",,0.293,"Estimated",,0.262,"Estimated",,0.311,"Estimated",,0.302,"Estimated",
"Philippines",0.361,"More than 30% of total trade under ""931: Special transactions & commodities not classified""",,0.281,,,0.333,,,0.42,,,0.472,,,0.428,,,0.387,,,0.417,,,0.427,,,0.376,,,0.356,,,0.345,,,0.352,,,0.316,,,0.296,,,0.313,,,0.245,,,0.223,,,0.225,,,0.231,,,0.279,,,0.287,,,0.242,,,0.25,,,0.313,,,0.364,,,0.325,,,0.368,,,0.361,,,0.306,,
"Poland",0.08,,,0.078,,,0.071,,,0.073,,,0.075,,,0.077,,,0.082,,,0.084,,,0.085,,,0.084,,,0.081,,,0.081,,,0.078,,,0.076,,,0.085,,,0.077,,,0.072,,,0.065,,,0.064,,,0.065,,,0.065,,,0.067,,,0.064,,,0.063,,,0.066,,,0.063,,,0.062,,,0.057,,,0.062,,,0.06,,
"Portugal",0.104,,,0.117,,,0.123,,,0.12,,,0.116,,,0.105,,,0.109,,,0.1,,,0.092,,,0.158,,,0.082,,,0.082,,,0.071,,,0.069,,,0.07,,,0.075,,,0.079,,,0.08,,,0.087,,,0.079,,,0.078,,,0.072,,,0.074,,,0.08,,,0.082,,,0.073,,,0.068,,,0.076,,,0.071,,,0.075,,
"Qatar",0.628,"Estimated",,0.683,"Estimated",,0.645,"Estimated",,0.624,"Estimated",,0.606,"Estimated",,0.603,"Estimated",,0.591,"Estimated",,0.57,"Estimated",,0.579,"Estimated",,0.551,"Estimated",,0.576,"Estimated",,0.574,"Estimated",,0.525,"Estimated",,0.58,"Estimated",,0.496,"Estimated",,0.517,"Estimated",,0.528,"Estimated",,0.453,"Estimated",,0.456,"Estimated",,0.529,"Estimated",,0.512,"Estimated",,0.49,"Estimated",,0.488,"Estimated",,0.464,"Estimated",,0.49,"Estimated",,0.425,"Estimated",,0.4,"Estimated",,0.504,"Estimated",,0.413,"Estimated",,0.4,"Estimated",
"Republic of Korea",0.148,,,0.14,,,0.145,,,0.148,,,0.153,,,0.157,,,0.139,,,0.148,,,0.154,,,0.163,,,0.161,,,0.155,,,0.156,,,0.159,,,0.161,,,0.154,,,0.152,,,0.147,,,0.148,,,0.148,,,0.148,,,0.144,,,0.178,,,0.198,,,0.172,,,0.185,,,0.191,,,0.192,,,0.171,,,0.2,,
"Republic of Moldova",0.225,,,0.261,,,0.144,,,0.305,,,0.22,,,0.253,,,0.283,,,0.279,,,0.284,,,0.266,,,0.267,,,0.174,,,0.125,,,0.139,,,0.161,,,0.153,,,0.129,,,0.137,,,0.145,,,0.145,,,0.162,,,0.161,,,0.171,,,0.196,,,0.204,,,0.195,,,0.174,,,0.191,,,0.175,,,0.177,,
"Reunion",0.608,,,,,,,,,,,,,,,,,,,,,,,,,,,,,,,,,,,,,,,,,,,,,,,,,,,,,,,,,,,,,,,,,,,,,,,,,,,,,,,,,,,,,,,,,
"Romania",0.124,,,0.127,,,0.126,,,0.132,,,0.132,,,0.131,,,0.133,,,0.137,,,0.131,,,0.119,,,0.124,,,0.114,,,0.101,,,0.096,,,0.096,,,0.094,,,0.091,,,0.091,,,0.098,,,0.099,,,0.103,,,0.112,,,0.114,,,0.114,,,0.111,,,0.112,,,0.099,,,0.096,,,0.103,,,0.107,,
"Russian Federation",0.256,"Estimated",,0.256,,,0.262,,,0.222,,,0.256,,,0.281,,,0.293,,,0.297,,,0.31,,,0.321,,,0.352,,,0.352,,,0.348,,,0.363,,,0.347,,,0.366,,,0.377,,,0.382,,,0.377,,,0.37,,,0.316,,,0.3,,,0.303,,,0.327,,,0.315,,,0.247,,,0.269,,,0.308,,,0.275,,,0.293,"Estimated",
"Rwanda",0.602,"Estimated",,0.761,"Estimated",,0.468,"Estimated",,0.492,"Estimated",,0.546,"Estimated",,0.409,"Estimated",,0.384,"Estimated",,0.464,"Estimated",,0.431,"Estimated",,0.634,"Estimated",,0.437,"Estimated",,0.458,"Estimated",,0.447,"Estimated",,0.455,"Estimated",,0.405,"Estimated",,0.45,"Estimated",,0.519,"Estimated",,0.47,"Estimated",,0.467,"Estimated",,0.423,"Estimated",,0.327,"Estimated",,0.371,"Estimated",,0.394,"Estimated",,0.412,"Estimated",,0.411,"Estimated",,0.524,"Estimated",,0.297,"Estimated",,0.376,"Estimated",,0.378,"Estimated",,0.381,"Estimated",
"Saint Helena",0.534,,,0.416,,,0.345,,,0.299,,,0.253,,,0.366,,,0.501,,,0.299,,,0.286,,,0.259,,,0.27,,,0.271,,,0.291,,,0.496,,,0.357,,,0.357,,,0.472,,,0.377,,,0.386,,,0.406,,,0.375,,,0.562,,,0.469,,,0.513,,,0.426,,,0.656,,,0.681,,,0.481,,,0.443,,,0.439,,
"Saint Kitts and Nevis",0.428,"Estimated",,0.442,"Estimated",,0.439,"Estimated",,0.389,"Estimated",,0.44,"Estimated",,0.371,"Estimated",,0.383,"Estimated",,0.393,"Estimated",,0.418,"Estimated",,0.374,"Estimated",,0.393,"Estimated",,0.386,"Estimated",,0.337,"Estimated",,0.361,"Estimated",,0.321,"Estimated",,0.343,"Estimated",,0.316,"Estimated",,0.332,"Estimated",,0.314,"Estimated",,0.309,"Estimated",,0.332,"Estimated",,0.309,"Estimated",,0.288,"Estimated",,0.289,"Estimated",,0.272,"Estimated",,0.291,"Estimated",,0.29,"Estimated",,0.257,"Estimated",,0.528,"Estimated",,0.316,"Estimated",
"Saint Lucia",0.498,"Estimated",,0.634,"Estimated",,0.501,"Estimated",,0.537,"Estimated",,0.529,"Estimated",,0.516,"Estimated",,0.359,"Estimated",,0.393,"Estimated",,0.33,"Estimated",,0.355,"Estimated",,0.482,"Estimated",,0.508,"Estimated",,0.337,"Estimated",,0.27,"Estimated",,0.317,"Estimated",,0.256,"Estimated",,0.342,"Estimated",,0.386,"Estimated",,0.414,"Estimated",,0.543,"Estimated",,0.445,"Estimated",,0.451,"Estimated",,0.23,"Estimated",,0.225,"Estimated",,0.3,"Estimated",,0.243,"Estimated",,0.258,,,0.278,,,0.266,,,0.262,,
"Saint Pierre and Miquelon",0.69,,,0.269,,,0.349,,,0.297,,,0.508,,,0.573,,,0.523,"More than 30% of total trade under ""931: Special transactions & commodities not classified""",,0.62,,,0.58,,,0.493,,,0.428,,,0.629,,,0.678,,,0.67,,,0.687,,,0.4,,,0.482,,,0.294,,,0.294,,,0.347,,,0.386,,,0.266,,,0.219,,,0.604,,,0.627,,,0.403,,,0.489,,,0.606,,,0.504,,,0.524,"More than 30% of total trade under ""931: Special transactions & commodities not classified""",
"Saint Vincent and the Grenadines",0.354,"Estimated",,0.343,"Estimated",,0.376,"Estimated",,0.326,"Estimated",,0.519,"Estimated",,0.379,"Estimated",,0.549,"Estimated",,0.644,"Estimated",,0.369,"Estimated",,0.736,"Estimated",,0.692,"Estimated",,0.759,"Estimated",,0.609,"Estimated",,0.75,"Estimated",,0.688,"Estimated",,0.629,"Estimated",,0.444,"Estimated",,0.38,"Estimated",,0.311,"Estimated",,0.674,"Estimated",,0.638,"Estimated",,0.78,"Estimated",,0.518,"Estimated",,0.487,"Estimated",,0.478,"Estimated",,0.59,"Estimated",,0.677,"Estimated",,0.468,"Estimated",,0.265,"Estimated",,0.379,,
"Samoa",0.72,"Estimated",,0.638,"Estimated",,0.609,"Estimated",,0.501,"Estimated",,0.619,"Estimated",,0.611,"Estimated",,0.671,"Estimated",,0.435,"Estimated. More than 30% of total trade under ""931: Special transactions & commodities not classified""",,0.493,"Estimated. More than 30% of total trade under ""931: Special transactions & commodities not classified""",,0.526,"Estimated. More than 30% of total trade under ""931: Special transactions & commodities not classified""",,0.48,"Estimated. More than 30% of total trade under ""931: Special transactions & commodities not classified""",,0.59,"Estimated",,0.771,"Estimated",,0.68,"Estimated",,0.397,"Estimated",,0.453,"Estimated",,0.46,"Estimated",,0.325,"Estimated",,0.31,"Estimated",,0.336,"Estimated. More than 30% of total trade under ""931: Special transactions & commodities not classified""",,0.356,"Estimated",,0.352,"Estimated",,0.309,"Estimated",,0.331,"Estimated",,0.322,"Estimated",,0.296,"Estimated",,0.161,"Estimated",,0.196,"Estimated",,0.234,"Estimated",,0.209,"Estimated",
"Sao Tome and Principe",0.438,"Estimated",,0.543,"Estimated",,0.475,"Estimated",,0.548,"Estimated",,0.379,"Estimated",,0.363,"Estimated",,0.288,"Estimated",,0.474,"Estimated",,0.636,"Estimated",,0.396,"Estimated",,0.581,"Estimated",,0.417,"Estimated",,0.366,"Estimated",,0.477,"Estimated",,0.447,"Estimated",,0.368,"Estimated",,0.445,"Estimated",,0.44,"Estimated",,0.488,"Estimated",,0.569,"Estimated",,0.669,"Estimated",,0.648,"Estimated",,0.624,"Estimated",,0.964,"Estimated",,0.478,"Estimated",,0.336,"Estimated",,0.427,"Estimated",,0.451,"Estimated",,0.404,"Estimated",,0.402,"Estimated",
"Saudi Arabia",0.687,"Estimated",,0.669,"Estimated",,0.651,"Estimated",,0.631,"Estimated",,0.671,"Estimated",,0.67,"Estimated",,0.615,"Estimated",,0.611,"Estimated",,0.6,"Estimated",,0.616,"Estimated",,0.645,"Estimated",,0.705,"Estimated",,0.7,"Estimated",,0.727,"Estimated",,0.695,"Estimated",,0.689,"Estimated",,0.721,"Estimated",,0.715,"Estimated",,0.741,"Estimated",,0.702,"Estimated",,0.549,"Estimated",,0.613,"Estimated",,0.57,"Estimated",,0.597,"Estimated",,0.602,"Estimated",,0.53,"Estimated",,0.54,"Estimated",,0.596,"Estimated",,0.588,"Estimated",,0.549,"Estimated",
"Senegal",0.22,"Estimated",,0.235,"Estimated",,0.24,"Estimated",,0.221,"Estimated",,0.228,"Estimated",,0.214,"Estimated",,0.232,"Estimated",,0.235,"Estimated",,0.225,"Estimated",,0.23,"Estimated",,0.214,"Estimated",,0.259,"Estimated",,0.213,"Estimated",,0.361,"Estimated",,0.241,"Estimated",,0.267,"Estimated",,0.241,"Estimated",,0.251,"Estimated",,0.242,"Estimated",,0.24,"Estimated",,0.232,"Estimated",,0.221,"Estimated",,0.223,"Estimated",,0.248,"Estimated",,0.262,"Estimated",,0.252,"Estimated",,0.254,"Estimated",,0.271,"Estimated",,0.28,"Estimated",,0.239,"Estimated",
"Serbia",,,"Not applicable",,,"Not applicable",,,"Not applicable",,,"Not applicable",,,"Not applicable",,,"Not applicable",,,"Not applicable",,,"Not applicable",,,"Not applicable",,,"Not applicable",,,"Not applicable",,,"Not applicable",,,"Not applicable",0.088,,,0.066,,,0.077,,,0.074,,,0.068,,,0.114,,,0.105,,,0.091,,,0.087,,,0.081,,,0.081,,,0.083,,,0.078,,,0.076,,,0.081,,,0.084,,,0.084,,
"Serbia and Montenegro",0.073,"Estimated",,0.097,"Estimated",,0.101,"Estimated",,0.146,"Estimated",,0.076,"Estimated",,0.097,"Estimated",,0.094,"Estimated",,0.092,"Estimated",,0.071,"Estimated",,0.096,"Estimated",,0.098,"Estimated",,0.121,"Estimated",,0.106,"Estimated",,,,"Not applicable",,,"Not applicable",,,"Not applicable",,,"Not applicable",,,"Not applicable",,,"Not applicable",,,"Not applicable",,,"Not applicable",,,"Not applicable",,,"Not applicable",,,"Not applicable",,,"Not applicable",,,"Not applicable",,,"Not applicable",,,"Not applicable",,,"Not applicable",,,"Not applicable"
"Seychelles",0.458,"Estimated",,0.375,"Estimated",,0.51,"Estimated",,0.606,"Estimated",,0.65,"Estimated",,0.57,"Estimated",,0.639,"Estimated",,0.545,"Estimated",,0.57,"Estimated",,0.539,"Estimated",,0.487,"Estimated",,0.568,"Estimated",,0.57,"Estimated",,0.439,"Estimated",,0.414,"Estimated",,0.505,"Estimated",,0.434,"Estimated",,0.605,"Estimated",,0.636,"Estimated",,0.601,"Estimated",,0.499,"Estimated",,0.508,"Estimated",,0.786,"Estimated",,0.413,"Estimated",,0.387,"Estimated",,0.485,"Estimated",,0.474,"Estimated",,0.5,"Estimated",,0.501,"Estimated",,0.489,,
"Sierra Leone",0.274,"Estimated",,0.289,"Estimated",,0.68,"Estimated",,0.654,"Estimated",,0.421,"Estimated",,0.439,"Estimated",,0.343,"Estimated",,0.301,"Estimated",,0.453,"Estimated",,0.513,"Estimated",,0.458,"Estimated",,0.317,"Estimated",,0.273,"Estimated",,0.234,"Estimated",,0.216,"Estimated",,0.248,"Estimated",,0.256,"Estimated",,0.295,"Estimated",,0.376,"Estimated",,0.652,"Estimated",,0.294,"Estimated",,0.224,"Estimated",,0.271,"Estimated",,0.226,"Estimated",,0.227,"Estimated",,0.226,"Estimated",,0.244,"Estimated",,0.341,"Estimated",,0.419,"Estimated",,0.389,"Estimated",
"Singapore",0.222,"Estimated",,0.244,"Estimated",,0.246,"Estimated",,0.25,"Estimated",,0.252,"Estimated",,0.261,"Estimated",,0.242,"Estimated",,0.239,"Estimated",,0.242,"Estimated",,0.245,"Estimated",,0.261,"Estimated",,0.271,"Estimated",,0.245,"Estimated",,0.259,"Estimated",,0.244,"Estimated",,0.261,"Estimated",,0.261,"Estimated",,0.246,"Estimated",,0.253,"Estimated",,0.252,"Estimated",,0.231,"Estimated",,0.23,"Estimated",,0.241,"Estimated",,0.238,"Estimated",,0.227,"Estimated",,0.247,"Estimated",,0.26,"Estimated",,0.265,"Estimated",,0.248,"Estimated",,0.253,,
"Sint Maarten (Dutch part)",,,"Not applicable",,,"Not applicable",,,"Not applicable",,,"Not applicable",,,"Not applicable",,,"Not applicable",,,"Not applicable",,,"Not applicable",,,"Not applicable",,,"Not applicable",,,"Not applicable",,,"Not applicable",,,"Not applicable",,,"Not applicable",,,"Not applicable",,,"Not applicable",0.714,"More than 30% of total trade under ""931: Special transactions & commodities not classified""",,0.877,"More than 30% of total trade under ""931: Special transactions & commodities not classified""",,0.746,"More than 30% of total trade under ""931: Special transactions & commodities not classified""",,0.646,"More than 30% of total trade under ""931: Special transactions & commodities not classified""",,0.616,"More than 30% of total trade under ""931: Special transactions & commodities not classified""",,0.812,"More than 30% of total trade under ""931: Special transactions & commodities not classified""",,0.776,"More than 30% of total trade under ""931: Special transactions & commodities not classified""",,0.855,"More than 30% of total trade under ""931: Special transactions & commodities not classified""",,0.838,"More than 30% of total trade under ""931: Special transactions & commodities not classified""",,0.779,"More than 30% of total trade under ""931: Special transactions & commodities not classified""",,0.644,"More than 30% of total trade under ""931: Special transactions & commodities not classified""",,0.726,"More than 30% of total trade under ""931: Special transactions & commodities not classified""",,0.833,"More than 30% of total trade under ""931: Special transactions & commodities not classified""",,0.84,"More than 30% of total trade under ""931: Special transactions & commodities not classified""",
"Slovakia",0.092,,,0.067,,,0.086,,,0.128,,,0.126,,,0.151,,,0.13,,,0.137,,,0.177,,,0.145,,,0.119,,,0.145,,,0.172,,,0.169,,,0.168,,,0.157,,,0.154,,,0.166,,,0.172,,,0.175,,,0.183,,,0.197,,,0.19,,,0.217,,,0.235,,,0.256,,,0.229,,,0.217,,,0.256,,,0.251,,
"Slovenia",0.091,"Estimated",,0.097,"Estimated",,0.099,"Estimated",,0.108,"Estimated",,0.108,"Estimated",,0.104,"Estimated",,0.101,"Estimated",,0.108,"Estimated",,0.105,"Estimated",,0.109,"Estimated",,0.11,"Estimated",,0.105,"Estimated",,0.119,"Estimated",,0.107,"Estimated",,0.117,"Estimated",,0.112,"Estimated",,0.104,"Estimated",,0.102,"Estimated",,0.103,"Estimated",,0.107,"Estimated",,0.104,"Estimated",,0.11,"Estimated",,0.116,"Estimated",,0.118,"Estimated",,0.129,"Estimated",,0.148,"Estimated",,0.141,"Estimated",,0.197,"Estimated",,0.269,"Estimated",,0.348,"Estimated",
"Solomon Islands",0.574,"Estimated",,0.593,"Estimated",,0.536,"Estimated",,0.447,"Estimated",,0.468,"Estimated",,0.558,"Estimated",,0.552,"Estimated",,0.627,"Estimated",,0.669,"Estimated",,0.654,"Estimated",,0.703,"Estimated",,0.739,"Estimated",,0.69,"Estimated",,0.609,"Estimated",,0.651,"Estimated",,0.682,"Estimated",,0.578,"Estimated",,0.559,"Estimated",,0.598,"Estimated",,0.653,"Estimated",,0.606,"Estimated",,0.704,"Estimated",,0.643,"Estimated",,0.685,"Estimated",,0.633,"Estimated",,0.614,"Estimated",,0.581,"Estimated",,0.556,"Estimated",,0.464,"Estimated",,0.442,"Estimated",
"Somalia",0.702,,,0.628,,,0.351,,,0.452,,,0.664,,,0.651,,,0.329,,,0.427,,,0.418,,,0.499,,,0.579,,,0.481,,,0.35,,,0.38,,,0.525,,,0.631,,,0.661,,,0.751,,,0.754,,,0.686,,,0.738,,,0.686,,,0.523,,,0.469,,,0.491,,,0.528,,,0.497,,,0.54,,,0.537,,,0.757,,
"South Africa",0.114,"Estimated",,0.114,"Estimated",,0.113,"Estimated",,0.115,"Estimated",,0.113,"Estimated",,0.141,,,0.142,,,0.112,,,0.126,,,0.137,,,0.138,,,0.155,,,0.156,,,0.154,,,0.144,,,0.136,,,0.153,,,0.136,,,0.135,,,0.124,,,0.122,,,0.124,,,0.127,,,0.133,,,0.139,,,0.156,,,0.195,,,0.169,,,0.143,,,0.145,,
"South Sudan",,,"Not applicable",,,"Not applicable",,,"Not applicable",,,"Not applicable",,,"Not applicable",,,"Not applicable",,,"Not applicable",,,"Not applicable",,,"Not applicable",,,"Not applicable",,,"Not applicable",,,"Not applicable",,,"Not applicable",,,"Not applicable",,,"Not applicable",,,"Not applicable",,,"Not applicable",0.995,,,0.997,,,0.998,,,0.994,,,0.985,,,0.986,,,0.942,,,0.928,,,0.794,,,0.772,,,0.799,,,0.785,"Estimated",,0.792,"Estimated",
"Spain",0.142,,,0.133,,,0.119,,,0.125,,,0.125,,,0.126,,,0.123,,,0.119,,,0.133,,,0.125,,,0.11,,,0.103,,,0.105,,,0.101,,,0.103,,,0.095,,,0.096,,,0.091,,,0.091,,,0.092,,,0.103,,,0.107,,,0.096,,,0.097,,,0.099,,,0.099,,,0.089,,,0.09,,,0.092,,,0.09,,
"Sri Lanka",0.222,"Estimated",,0.222,"Estimated",,0.223,"Estimated",,0.229,"Estimated",,0.232,"Estimated",,0.23,"Estimated",,0.238,"Estimated",,0.237,"Estimated",,0.232,"Estimated",,0.226,"Estimated",,0.213,"Estimated",,0.211,"Estimated",,0.203,"Estimated",,0.213,"Estimated",,0.224,"Estimated",,0.208,"Estimated",,0.198,"Estimated",,0.199,"Estimated",,0.206,"Estimated",,0.204,"Estimated",,0.205,"Estimated",,0.205,"Estimated",,0.197,"Estimated",,0.189,"Estimated",,0.19,"Estimated",,0.182,"Estimated",,0.177,"Estimated",,0.184,"Estimated",,0.177,"Estimated",,0.178,"Estimated",
"State of Palestine",,,,,,,,,,,,"No value reported or collected",,,"No value reported or collected",0.176,"Estimated",,0.176,"Estimated",,0.172,"Estimated",,0.158,"Estimated",,0.171,"Estimated",,0.171,"Estimated",,0.177,"Estimated",,0.166,"Estimated",,0.158,"Estimated",,0.19,"Estimated",,0.172,"Estimated",,0.18,"Estimated",,0.167,"Estimated",,0.162,"Estimated",,0.189,"Estimated",,0.186,"Estimated",,0.193,"Estimated",,0.193,"Estimated",,0.169,"Estimated",,0.177,"Estimated",,0.165,"Estimated",,0.16,"Estimated",,0.169,"Estimated",,0.163,"Estimated",,0.167,"Estimated",
"Sudan",,,"Not applicable",,,"Not applicable",,,"Not applicable",,,"Not applicable",,,"Not applicable",,,"Not applicable",,,"Not applicable",,,"Not applicable",,,"Not applicable",,,"Not applicable",,,"Not applicable",,,"Not applicable",,,"Not applicable",,,"Not applicable",,,"Not applicable",,,"Not applicable",,,"Not applicable",0.564,"Estimated",,0.687,"Estimated",,0.482,"Estimated",,0.422,"Estimated",,0.379,"Estimated",,0.438,"Estimated",,0.364,"Estimated",,0.375,,,0.437,,,0.546,,,0.463,,,0.498,,,0.504,,
"Sudan (...2011)",0.3,"Estimated",,0.298,"Estimated",,0.292,"Estimated",,0.276,"Estimated",,0.348,"Estimated",,0.487,"Estimated",,0.515,"Estimated",,0.475,"Estimated",,0.477,"Estimated",,0.546,"Estimated",,0.605,"Estimated",,0.608,"Estimated",,0.881,"Estimated",,0.896,"Estimated",,0.831,"Estimated",,0.811,"Estimated",,0.795,"Estimated",,,,"Not applicable",,,"Not applicable",,,"Not applicable",,,"Not applicable",,,"Not applicable",,,"Not applicable",,,"Not applicable",,,"Not applicable",,,"Not applicable",,,"Not applicable",,,"Not applicable",,,"Not applicable",,,"Not applicable"
"Suriname",0.569,"Estimated",,0.533,"Estimated",,0.541,"Estimated",,0.382,"Estimated",,0.58,"Estimated",,0.491,"Estimated",,0.557,"Estimated",,0.533,"Estimated",,0.48,"Estimated",,0.525,"Estimated",,0.473,"Estimated",,0.471,"Estimated",,0.462,"Estimated",,0.424,"Estimated",,0.509,"Estimated. More than 30% of total trade under ""931: Special transactions & commodities not classified""",,0.49,"Estimated. More than 30% of total trade under ""931: Special transactions & commodities not classified""",,0.495,"Estimated. More than 30% of total trade under ""931: Special transactions & commodities not classified""",,0.517,"Estimated. More than 30% of total trade under ""931: Special transactions & commodities not classified""",,0.501,"Estimated. More than 30% of total trade under ""931: Special transactions & commodities not classified""",,0.458,"Estimated. More than 30% of total trade under ""931: Special transactions & commodities not classified""",,0.562,"Estimated",,0.765,"Estimated",,0.765,"Estimated",,0.824,"Estimated",,0.819,"Estimated",,0.814,"Estimated",,0.785,"Estimated",,0.737,"Estimated",,0.702,"Estimated",,0.542,"Estimated",
"Sweden",0.127,,,0.13,,,0.136,,,0.135,,,0.15,,,0.152,,,0.116,,,0.115,,,0.117,,,0.117,,,0.117,,,0.112,,,0.102,,,0.101,,,0.097,,,0.096,,,0.096,,,0.095,,,0.091,,,0.091,,,0.09,,,0.091,,,0.09,,,0.097,,,0.096,,,0.093,,,0.088,,,0.092,,,0.095,,,0.092,,
"Switzerland",0.09,,,0.093,,,0.096,,,0.099,,,0.106,,,0.151,,,0.153,,,0.138,,,0.139,,,0.151,,,0.166,,,0.164,,,0.169,,,0.188,,,0.202,,,0.166,,,0.168,,,0.283,,,0.355,,,0.257,,,0.267,,,0.289,,,0.258,,,0.246,,,0.25,,,0.273,,,0.271,,,0.28,,,0.286,,,0.297,,
"Syrian Arab Republic",0.518,"Estimated",,0.59,"Estimated",,0.525,"Estimated",,0.428,"Estimated",,0.539,"Estimated",,0.577,"Estimated",,0.622,"Estimated",,0.561,"Estimated",,0.547,"Estimated",,0.458,"Estimated",,0.505,"Estimated",,0.41,"Estimated",,0.346,"Estimated",,0.288,"Estimated",,0.244,"Estimated",,0.29,"Estimated",,0.272,"Estimated",,0.22,"Estimated",,0.255,"Estimated",,0.131,"Estimated",,0.166,"Estimated",,0.142,"Estimated",,0.138,"Estimated",,0.158,"Estimated",,0.115,"Estimated",,0.126,"Estimated",,0.131,"Estimated",,0.127,"Estimated",,0.132,"Estimated",,0.129,"Estimated",
"Tajikistan",0.433,"Estimated",,0.416,"Estimated",,0.448,"Estimated",,0.416,"Estimated",,0.448,"Estimated",,0.499,"Estimated",,0.52,"Estimated",,0.548,"Estimated",,0.496,"Estimated",,0.455,"Estimated",,0.577,"Estimated",,0.7,"Estimated",,0.672,"Estimated",,0.559,"Estimated",,0.444,"Estimated",,0.495,"Estimated",,0.458,"Estimated",,0.498,"Estimated",,0.464,"Estimated",,0.367,"Estimated",,0.356,"Estimated",,0.328,"Estimated",,0.333,"Estimated",,0.298,"Estimated",,0.304,"Estimated",,0.377,"Estimated",,0.332,"Estimated",,0.273,"Estimated",,0.237,"Estimated",,0.233,"Estimated",
"Thailand",0.09,,,0.096,,,0.093,,,0.11,,,0.108,,,0.108,,,0.101,,,0.09,,,0.09,,,0.083,,,0.086,,,0.093,,,0.09,,,0.09,,,0.087,,,0.086,,,0.08,,,0.082,,,0.079,,,0.076,,,0.076,,,0.078,,,0.08,,,0.079,,,0.077,,,0.084,,,0.078,,,0.076,,,0.079,,,0.08,,
"Timor-Leste",,,"Not applicable",,,"Not applicable",,,"Not applicable",,,"Not applicable",,,"Not applicable",,,"Not applicable",,,"Not applicable",,,"Not applicable",0.307,"Estimated",,0.502,"Estimated",,0.585,"Estimated",,0.446,"Estimated",,0.439,"Estimated",,0.703,"Estimated",,0.728,"Estimated",,0.372,"Estimated",,0.393,"Estimated",,0.88,"Estimated",,0.646,"Estimated",,0.539,"Estimated",,0.867,"Estimated",,0.422,"Estimated",,0.537,"Estimated",,0.506,"Estimated",,0.564,"Estimated",,0.675,"Estimated",,0.644,"Estimated",,0.616,"Estimated",,0.655,"Estimated",,0.593,"Estimated",
"Togo",0.36,"Estimated",,0.387,"Estimated",,0.365,"Estimated",,0.397,"Estimated",,0.3,"Estimated",,0.288,"Estimated",,0.234,"Estimated",,0.235,"Estimated",,0.242,"Estimated",,0.243,"Estimated",,0.218,"Estimated",,0.228,,,0.211,"Estimated",,0.24,"Estimated",,0.227,"Estimated",,0.219,"Estimated",,0.212,"Estimated",,0.27,"Estimated",,0.262,"Estimated",,0.272,"Estimated",,0.235,"Estimated",,0.255,"Estimated",,0.318,"Estimated",,0.387,"Estimated",,0.406,"Estimated",,0.301,"Estimated",,0.309,"Estimated",,0.29,"Estimated",,0.382,"Estimated",,0.165,"Estimated",
"Tokelau",0.217,"Estimated",,0.144,"Estimated",,0.225,"Estimated",,0.589,"Estimated",,0.273,"Estimated",,0.119,"Estimated",,0.243,"Estimated",,0.242,"Estimated",,0.299,"Estimated",,0.161,"Estimated",,0.305,"Estimated",,0.173,"Estimated",,0.109,"Estimated",,0.164,"Estimated",,0.336,"Estimated. More than 30% of total trade under ""931: Special transactions & commodities not classified""",,0.229,"Estimated",,0.462,"Estimated",,0.463,"Estimated",,0.41,"Estimated",,0.143,"Estimated",,0.279,"Estimated",,0.207,"Estimated",,0.625,"Estimated",,0.401,"Estimated",,0.174,"Estimated",,0.466,"Estimated",,0.219,"Estimated",,0.951,"Estimated",,0.893,"Estimated",,0.413,"Estimated",
"Tonga",0.463,"Estimated",,0.495,"Estimated",,0.581,"Estimated",,0.383,"Estimated",,0.4,"Estimated",,0.408,"Estimated",,0.52,"Estimated",,0.411,"Estimated",,0.373,"Estimated",,0.42,"Estimated",,0.427,"Estimated",,0.392,"Estimated",,0.377,"Estimated",,0.297,"Estimated",,0.334,"Estimated",,0.303,"Estimated",,0.285,"Estimated",,0.32,"Estimated",,0.337,"Estimated",,0.321,"Estimated",,0.402,"Estimated",,0.372,"Estimated",,0.399,"Estimated",,0.35,"Estimated",,0.378,"Estimated",,0.351,"Estimated",,0.31,"Estimated",,0.297,"Estimated",,0.255,"Estimated",,0.257,"Estimated",
"Trinidad and Tobago",0.3,"Estimated",,0.325,"Estimated",,0.284,"Estimated",,0.307,"Estimated",,0.333,"Estimated",,0.376,"Estimated",,0.319,"Estimated",,0.319,"Estimated",,0.343,"Estimated",,0.363,"Estimated",,0.375,"Estimated",,0.397,"Estimated",,0.363,"Estimated",,0.37,"Estimated",,0.412,"Estimated",,0.334,"Estimated",,0.347,"Estimated",,0.333,"Estimated",,0.364,"Estimated",,0.359,"Estimated",,0.342,"Estimated",,0.309,"Estimated",,0.314,"Estimated",,0.313,"Estimated",,0.325,"Estimated",,0.281,"Estimated",,0.297,"Estimated",,0.352,"Estimated",,0.312,"Estimated",,0.294,"Estimated",
"Tunisia",0.213,,,0.225,,,0.213,,,0.217,,,0.21,,,0.207,,,0.202,,,0.199,,,0.198,,,0.191,,,0.18,,,0.169,,,0.173,,,0.173,,,0.156,,,0.162,,,0.165,,,0.152,,,0.149,,,0.146,,,0.141,,,0.134,,,0.141,,,0.141,,,0.141,,,0.137,,,0.138,,,0.137,,,0.153,,,0.142,,
"Turkiye",0.111,,,0.107,,,0.102,,,0.107,,,0.102,,,0.098,,,0.091,,,0.097,,,0.095,,,0.097,,,0.091,,,0.09,,,0.09,,,0.098,,,0.083,,,0.074,,,0.074,,,0.092,,,0.072,,,0.068,,,0.072,,,0.076,,,0.077,,,0.074,,,0.072,,,0.064,,,0.06,,,0.062,,,0.064,,,0.066,,
"Turkmenistan",0.49,"Estimated",,0.546,"Estimated",,0.606,"Estimated",,0.354,"Estimated",,0.426,"Estimated",,0.474,"Estimated",,0.644,"Estimated",,0.629,"Estimated",,0.479,"Estimated",,0.713,"Estimated",,0.716,"Estimated",,0.725,"Estimated",,0.738,"Estimated",,0.702,"Estimated",,0.528,"Estimated",,0.342,"Estimated",,0.545,"Estimated",,0.574,"Estimated",,0.567,"Estimated",,0.574,"Estimated",,0.618,"Estimated",,0.577,"Estimated",,0.619,"Estimated",,0.589,"Estimated",,0.627,"Estimated",,0.632,"Estimated",,0.569,"Estimated",,0.607,"Estimated",,0.578,"Estimated",,0.615,"Estimated",
"Turks and Caicos Islands",0.37,"Estimated",,0.491,"Estimated",,0.262,"Estimated. More than 30% of total trade under ""931: Special transactions & commodities not classified""",,0.231,"Estimated. More than 30% of total trade under ""931: Special transactions & commodities not classified""",,0.42,"Estimated. More than 30% of total trade under ""931: Special transactions & commodities not classified""",,0.453,"Estimated",,0.504,"Estimated. More than 30% of total trade under ""931: Special transactions & commodities not classified""",,0.413,"Estimated",,0.375,"Estimated",,0.465,"Estimated",,0.438,"Estimated",,0.447,"Estimated",,0.419,"Estimated",,0.336,"Estimated",,0.265,"Estimated",,0.156,"Estimated",,0.394,"Estimated",,0.395,"Estimated. More than 30% of total trade under ""931: Special transactions & commodities not classified""",,0.218,"Estimated",,0.153,"Estimated",,0.276,"Estimated",,0.234,"Estimated",,0.269,"Estimated",,0.263,"Estimated",,0.772,"Estimated",,0.702,"Estimated",,0.562,"Estimated",,0.241,"Estimated",,0.228,"Estimated",,0.308,"Estimated",
"Tuvalu",0.218,"Estimated",,0.317,"Estimated",,0.472,"Estimated",,0.296,"Estimated",,0.19,"Estimated",,0.34,"Estimated",,0.252,"Estimated",,0.45,"Estimated",,0.311,"Estimated",,0.31,"Estimated",,0.238,"Estimated",,0.362,"Estimated",,0.476,"Estimated",,0.194,"Estimated",,0.181,"Estimated",,0.459,"Estimated",,0.747,"Estimated",,0.626,"Estimated",,0.759,"Estimated",,0.633,"Estimated",,0.61,"Estimated",,0.607,"Estimated",,0.577,"Estimated",,0.859,"Estimated",,0.813,"Estimated",,0.555,"Estimated",,0.615,"Estimated",,0.652,"Estimated",,0.708,"Estimated",,0.793,"Estimated",
"Uganda",0.708,"Estimated",,0.621,"Estimated",,0.649,"Estimated",,0.652,"Estimated",,0.629,"Estimated",,0.366,"Estimated",,0.308,"Estimated",,0.315,"Estimated",,0.284,"Estimated",,0.258,"Estimated",,0.272,"Estimated",,0.269,"Estimated",,0.219,"Estimated",,0.243,"Estimated",,0.224,"Estimated",,0.197,"Estimated",,0.222,"Estimated",,0.171,"Estimated",,0.186,"Estimated",,0.187,"Estimated",,0.184,"Estimated",,0.203,"Estimated",,0.239,"Estimated",,0.266,"Estimated",,0.395,"Estimated",,0.435,"Estimated",,0.366,"Estimated",,0.41,"Estimated",,0.427,"Estimated",,0.419,"Estimated",
"Ukraine",0.106,"Estimated",,0.106,,,0.126,,,0.123,,,0.13,,,0.131,,,0.12,,,0.125,,,0.122,,,0.134,,,0.144,,,0.143,,,0.138,,,0.149,,,0.116,,,0.13,,,0.132,,,0.121,,,0.12,,,0.127,,,0.135,,,0.146,,,0.142,,,0.14,,,0.155,,,0.165,,,0.167,,,0.187,,,0.201,,,0.19,,
"United Arab Emirates",0.568,"Estimated",,0.596,"Estimated",,0.518,"Estimated",,0.483,"Estimated",,0.466,"Estimated",,0.466,"Estimated",,0.431,"Estimated",,0.406,"Estimated",,0.4,"Estimated",,0.395,"Estimated",,0.421,"Estimated",,0.473,"Estimated",,0.451,"Estimated",,0.475,"Estimated",,0.351,"Estimated",,0.335,"Estimated",,0.373,"Estimated",,0.332,"Estimated",,0.335,"Estimated",,0.326,"Estimated",,0.242,"Estimated",,0.229,"Estimated",,0.232,"Estimated",,0.246,"Estimated",,0.253,"Estimated",,0.227,"Estimated",,0.242,"Estimated",,0.299,"Estimated",,0.28,"Estimated",,0.282,"Estimated",
"United Kingdom",0.07,,,0.073,,,0.075,,,0.078,,,0.085,,,0.104,,,0.106,,,0.1,,,0.094,,,0.092,,,0.1,,,0.121,,,0.096,,,0.107,,,0.131,,,0.111,,,0.133,,,0.118,,,0.152,,,0.111,,,0.112,,,0.108,,,0.108,,,0.112,,,0.105,,,0.097,,,0.114,,,0.14,,,0.139,,,0.14,,
"United Republic of Tanzania",0.239,"Estimated",,0.234,"Estimated",,0.259,"Estimated",,0.244,"Estimated",,0.224,"Estimated",,0.216,"Estimated",,0.222,"Estimated",,0.229,"Estimated",,0.292,"Estimated",,0.252,"Estimated",,0.215,"Estimated",,0.191,"Estimated",,0.166,"Estimated",,0.166,"Estimated",,0.215,"Estimated",,0.207,"Estimated",,0.269,"Estimated",,0.344,"Estimated",,0.315,"Estimated",,0.255,"Estimated",,0.262,"Estimated",,0.312,"Estimated",,0.289,"Estimated",,0.18,"Estimated",,0.352,"Estimated",,0.393,"Estimated",,0.385,"Estimated",,0.324,"Estimated",,0.385,"Estimated",,0.35,"Estimated",
"United States",0.075,,,0.077,,,0.081,,,0.088,,,0.092,,,0.091,,,0.086,,,0.084,,,0.081,,,0.09,,,0.09,,,0.075,,,0.074,,,0.069,,,0.088,,,0.082,,,0.083,,,0.09,,,0.095,,,0.095,,,0.097,,,0.099,,,0.097,,,0.099,,,0.101,,,0.083,,,0.083,,,0.094,,,0.097,,,0.103,,
"United States Minor Outlying Islands",0.418,"Estimated",,0.395,"Estimated",,0.259,"Estimated",,0.27,"Estimated",,0.309,"Estimated",,0.366,"Estimated",,0.335,"Estimated",,0.243,"Estimated",,0.25,"Estimated",,0.247,"Estimated",,,,,,,,,,,,,,,,,,,,,,,,,,,,,,,,,,,,,,,,,,,,,,,,,,,,,,,,,,,,,
"Uruguay",0.159,,,0.17,,,0.165,,,0.16,,,0.161,,,0.17,,,0.154,,,0.176,,,0.187,,,0.203,,,0.209,,,0.223,,,0.176,,,0.197,,,0.188,,,0.179,,,0.178,,,0.206,,,0.228,,,0.215,,,0.218,,,0.228,,,0.231,,,0.226,,,0.252,,,0.248,,,0.256,,,0.272,,,0.227,,,0.246,,
"Uzbekistan",0.467,"Estimated",,0.532,"Estimated",,0.477,"Estimated",,0.458,"Estimated",,0.43,"Estimated",,0.364,"Estimated",,0.297,"Estimated",,0.31,"Estimated",,0.325,"Estimated",,0.298,"Estimated",,0.286,"Estimated",,0.287,"Estimated",,0.27,"Estimated",,0.256,"Estimated",,0.259,"Estimated",,0.291,"Estimated",,0.303,"Estimated",,0.285,"Estimated",,0.283,"Estimated",,0.279,"Estimated",,0.274,"Estimated",,0.28,"Estimated",,0.282,"Estimated",,0.262,"Estimated",,0.33,"Estimated",,0.277,"Estimated",,0.233,"Estimated",,0.267,"Estimated",,0.368,"Estimated",,0.32,"Estimated",
"Vanuatu",0.229,"Estimated",,0.285,"Estimated",,0.466,"Estimated",,0.445,"Estimated. More than 30% of total trade under ""931: Special transactions & commodities not classified""",,0.346,"Estimated",,0.564,"Estimated",,0.339,"Estimated",,0.364,"Estimated",,0.473,"Estimated",,0.558,"Estimated",,0.54,"Estimated",,0.728,"Estimated",,0.593,"Estimated",,0.613,"Estimated",,0.607,"Estimated",,0.565,"Estimated",,0.725,"Estimated",,0.246,"Estimated",,0.28,"Estimated",,0.265,"Estimated",,0.239,"Estimated",,0.242,"Estimated",,0.302,"Estimated",,0.229,"Estimated",,0.255,"Estimated",,0.29,"Estimated",,0.27,"Estimated",,0.272,"Estimated",,0.319,"Estimated",,0.366,"Estimated",
"Venezuela (Bolivarian Rep. of)",0.498,"Estimated",,0.547,"Estimated",,0.534,"Estimated",,0.478,"Estimated",,0.535,"Estimated",,0.605,"Estimated",,0.596,"Estimated",,0.652,"Estimated",,0.669,"Estimated",,0.574,"Estimated",,0.633,"Estimated",,0.725,"Estimated",,0.65,,,0.694,"Estimated",,0.632,"Estimated",,0.685,"Estimated",,0.698,"Estimated",,0.754,"Estimated",,0.762,"Estimated",,0.747,,,0.738,,,0.677,,,0.667,,,0.686,,,0.735,,,0.67,,,0.398,,,0.595,,,0.559,,,0.556,,
"Viet Nam",0.2,"Estimated",,0.2,"Estimated",,0.2,,,0.193,,,0.219,,,0.244,,,0.223,,,0.218,,,0.21,,,0.218,,,0.226,,,0.208,,,0.179,,,0.167,,,0.13,,,0.112,,,0.118,,,0.137,,,0.168,,,0.165,,,0.191,,,0.204,,,0.22,,,0.167,,,0.169,,,0.175,,,0.169,,,0.173,,,0.147,,,0.159,,
"Wallis and Futuna Islands",0.309,"Estimated",,0.175,"Estimated",,0.412,"Estimated",,0.23,"Estimated",,0.368,"Estimated",,0.541,"Estimated",,0.544,"Estimated",,0.424,"Estimated",,0.549,"Estimated",,0.338,"Estimated",,0.516,"Estimated",,0.369,"Estimated",,0.408,"Estimated",,0.321,"Estimated",,0.522,"Estimated",,0.467,"Estimated",,0.485,"Estimated",,0.541,"Estimated",,0.5,"Estimated",,0.482,"Estimated",,0.491,"Estimated",,0.445,"Estimated. More than 30% of total trade under ""931: Special transactions & commodities not classified""",,0.319,"Estimated",,0.209,"Estimated",,0.433,"Estimated",,0.425,"Estimated",,0.289,"Estimated",,0.301,"Estimated",,0.368,"Estimated",,0.226,"Estimated",
"Western Sahara",0.499,"Estimated",,0.832,"Estimated",,0.568,"Estimated",,0.289,"Estimated",,0.294,"Estimated. More than 30% of total trade under ""931: Special transactions & commodities not classified""",,0.158,"Estimated",,0.537,"Estimated",,0.468,"Estimated",,0.243,"Estimated",,0.278,"Estimated",,,,,,,,,,,,,,,,,,,,,,,,,,,,,,,,,,,,,,,,,,,,,,,,,,,,,,,,,,,,,
"Yemen",0.814,"Estimated",,0.842,"Estimated",,0.846,"Estimated",,0.775,"Estimated",,0.852,"Estimated",,0.851,"Estimated",,0.846,"Estimated",,0.858,"Estimated",,0.838,"Estimated",,0.841,"Estimated",,0.839,"Estimated",,0.851,"Estimated",,0.794,"Estimated",,0.835,"Estimated",,0.763,"Estimated",,0.701,"Estimated",,0.628,"Estimated",,0.645,"Estimated",,0.541,"Estimated",,0.567,"Estimated",,0.48,"Estimated",,0.391,"Estimated",,0.411,"Estimated",,0.491,"Estimated",,0.557,"Estimated",,0.412,"Estimated",,0.489,"Estimated",,0.436,"Estimated",,0.461,"Estimated",,0.442,"Estimated",
"Zambia",0.755,"Estimated",,0.622,"Estimated",,0.543,"Estimated",,0.508,"Estimated",,0.375,"Estimated",,0.438,"Estimated",,0.487,"Estimated",,0.495,"Estimated",,0.464,"Estimated",,0.459,"Estimated",,0.541,"Estimated",,0.64,"Estimated",,0.65,"Estimated",,0.63,"Estimated",,0.663,"Estimated",,0.705,"Estimated",,0.724,"Estimated",,0.681,"Estimated",,0.638,"Estimated",,0.692,"Estimated",,0.68,"Estimated",,0.688,"Estimated",,0.729,"Estimated",,0.723,"Estimated",,0.68,"Estimated",,0.644,"Estimated",,0.655,"Estimated",,0.651,"Estimated",,0.593,"Estimated",,0.664,,
"Zimbabwe",0.235,"Estimated",,0.276,"Estimated",,0.281,"Estimated",,0.267,"Estimated",,0.303,"Estimated",,0.269,"Estimated",,0.361,"Estimated",,0.272,"Estimated",,0.355,"Estimated",,0.22,"Estimated",,0.203,"Estimated",,0.213,"Estimated",,0.239,"Estimated",,0.238,"Estimated",,0.212,"Estimated",,0.225,"Estimated",,0.26,"Estimated",,0.249,"Estimated",,0.278,"Estimated",,0.314,"Estimated",,0.329,"Estimated",,0.365,"Estimated",,0.363,"Estimated",,0.365,"Estimated",,0.348,"Estimated",,0.375,"Estimated",,0.415,"Estimated",,0.426,"Estimated",,0.355,"Estimated",,0.386,"Estimated",
"Developing economies: Africa",0.248,,,0.291,,,0.269,,,0.208,,,0.262,,,0.346,,,0.302,,,0.303,,,0.322,,,0.364,,,0.409,,,0.432,,,0.438,,,0.454,,,0.394,,,0.403,,,0.401,,,0.417,,,0.39,,,0.366,,,0.264,,,0.231,,,0.248,,,0.282,,,0.279,,,0.194,,,0.215,,,0.246,,,0.227,,,0.213,,
"Developing economies: Northern Africa",0.359,,,0.385,,,0.357,,,0.289,,,0.331,,,0.382,,,0.345,,,0.333,,,0.365,,,0.404,,,0.44,,,0.45,,,0.461,,,0.457,,,0.397,,,0.427,,,0.373,,,0.43,,,0.395,,,0.326,,,0.263,,,0.248,,,0.258,,,0.299,,,0.286,,,0.167,,,0.25,,,0.28,,,0.255,,,0.233,,
"Developing economies: Sub-Saharan Africa",0.209,,,0.259,,,0.244,,,0.191,,,0.245,,,0.342,,,0.296,,,0.303,,,0.312,,,0.352,,,0.403,,,0.433,,,0.434,,,0.46,,,0.404,,,0.399,,,0.419,,,0.418,,,0.396,,,0.392,,,0.277,,,0.235,,,0.255,,,0.284,,,0.285,,,0.219,,,0.22,,,0.253,,,0.233,,,0.223,,
"Developing economies: Americas",0.087,,,0.102,,,0.092,,,0.072,,,0.083,,,0.11,,,0.096,,,0.098,,,0.1,,,0.103,,,0.121,,,0.13,,,0.122,,,0.142,,,0.113,,,0.126,,,0.14,,,0.143,,,0.134,,,0.123,,,0.086,,,0.079,,,0.087,,,0.098,,,0.091,,,0.084,,,0.093,,,0.096,,,0.092,,,0.095,,
"Developing economies: Asia and Oceania",0.096,,,0.11,,,0.107,,,0.097,,,0.115,,,0.133,,,0.118,,,0.115,,,0.115,,,0.12,,,0.129,,,0.136,,,0.133,,,0.149,,,0.122,,,0.119,,,0.132,,,0.13,,,0.127,,,0.118,,,0.098,,,0.1,,,0.1,,,0.108,,,0.105,,,0.107,,,0.106,,,0.113,,,0.108,,,0.104,,
"Developing economies: Asia",0.096,,,0.11,,,0.107,,,0.098,,,0.115,,,0.134,,,0.118,,,0.116,,,0.116,,,0.12,,,0.129,,,0.136,,,0.133,,,0.149,,,0.122,,,0.119,,,0.132,,,0.131,,,0.127,,,0.118,,,0.098,,,0.1,,,0.1,,,0.108,,,0.106,,,0.107,,,0.106,,,0.113,,,0.108,,,0.105,,
"Developing economies: Central Asia",0.217,,,0.242,,,0.231,,,0.226,,,0.249,,,0.407,"More than 30% of total trade under ""931: Special transactions & commodities not classified""",,0.304,,,0.325,,,0.331,,,0.378,,,0.44,,,0.442,,,0.412,,,0.442,,,0.414,,,0.457,,,0.457,,,0.448,,,0.481,,,0.476,,,0.394,,,0.351,,,0.377,,,0.436,,,0.389,,,0.361,,,0.369,,,0.416,,,0.345,,,0.421,,
"Developing economies: Eastern Asia",0.073,,,0.075,,,0.078,,,0.082,,,0.088,,,0.093,,,0.092,,,0.097,,,0.102,,,0.105,,,0.107,,,0.11,,,0.106,,,0.102,,,0.113,,,0.113,,,0.107,,,0.109,,,0.115,,,0.113,,,0.121,,,0.127,,,0.121,,,0.124,,,0.127,,,0.137,,,0.136,,,0.132,,,0.127,,,0.127,,
"Developing economies: South-eastern Asia",0.125,,,0.143,,,0.15,,,0.16,,,0.175,,,0.178,,,0.159,,,0.161,,,0.164,,,0.158,,,0.137,,,0.137,,,0.14,,,0.127,,,0.125,,,0.125,,,0.121,,,0.117,,,0.121,,,0.12,,,0.114,,,0.114,,,0.118,,,0.119,,,0.12,,,0.134,,,0.13,,,0.136,,,0.133,,,0.13,,
"Developing economies: Southern Asia",0.194,,,0.213,,,0.176,,,0.149,,,0.176,,,0.229,,,0.2,,,0.193,,,0.198,,,0.205,,,0.213,,,0.221,,,0.224,,,0.235,,,0.189,,,0.177,,,0.185,,,0.165,,,0.153,,,0.143,,,0.101,,,0.112,,,0.122,,,0.128,,,0.098,,,0.079,,,0.096,,,0.128,,,0.121,,,0.1,,
"Developing economies: Western Asia",0.49,,,0.513,,,0.492,,,0.435,,,0.492,,,0.531,,,0.468,,,0.446,,,0.42,,,0.433,,,0.471,,,0.513,,,0.496,,,0.527,,,0.45,,,0.454,,,0.489,,,0.464,,,0.462,,,0.443,,,0.317,,,0.301,,,0.318,,,0.358,,,0.34,,,0.262,,,0.295,,,0.361,,,0.321,,,0.294,,
"Developing economies: Oceania",0.202,,,0.183,,,0.165,,,0.155,,,0.164,,,0.164,,,0.16,,,0.15,,,0.16,,,0.172,,,0.176,,,0.231,,,0.222,,,0.222,,,0.224,,,0.246,,,0.21,,,0.202,,,0.195,,,0.191,,,0.216,,,0.211,,,0.203,,,0.208,,,0.285,,,0.271,,,0.281,,,0.355,,,0.308,,,0.28,,
"Developed economies: Americas",0.073,,,0.074,,,0.076,,,0.082,,,0.086,,,0.084,,,0.08,,,0.081,,,0.077,,,0.083,,,0.083,,,0.071,,,0.07,,,0.068,,,0.079,,,0.076,,,0.079,,,0.086,,,0.09,,,0.091,,,0.09,,,0.093,,,0.091,,,0.095,,,0.099,,,0.082,,,0.084,,,0.099,,,0.099,,,0.104,,
"Developed economies: Asia and Oceania",0.102,,,0.097,,,0.101,,,0.105,,,0.11,,,0.113,,,0.107,,,0.115,,,0.116,,,0.113,,,0.11,,,0.112,,,0.113,,,0.106,,,0.097,,,0.099,,,0.094,,,0.096,,,0.098,,,0.098,,,0.102,,,0.103,,,0.108,,,0.112,,,0.107,,,0.113,,,0.114,,,0.111,,,0.115,,,0.123,,
"Developed economies: Asia",0.117,,,0.114,,,0.118,,,0.121,,,0.126,,,0.127,,,0.121,,,0.131,,,0.132,,,0.128,,,0.126,,,0.129,,,0.13,,,0.124,,,0.114,,,0.117,,,0.111,,,0.114,,,0.117,,,0.117,,,0.121,,,0.122,,,0.13,,,0.136,,,0.131,,,0.134,,,0.134,,,0.135,,,0.141,,,0.152,,
"Developed economies: Oceania",0.107,,,0.104,,,0.104,,,0.11,,,0.097,,,0.124,,,0.122,,,0.12,,,0.119,,,0.123,,,0.148,,,0.148,,,0.144,,,0.2,,,0.203,,,0.224,,,0.244,,,0.226,,,0.252,,,0.234,,,0.197,,,0.205,,,0.237,,,0.235,,,0.261,,,0.289,,,0.328,,,0.289,,,0.273,,,0.268,,
"Developed economies: Europe",0.047,,,0.049,,,0.051,,,0.053,,,0.057,,,0.069,,,0.066,,,0.066,,,0.068,,,0.068,,,0.067,,,0.067,,,0.067,,,0.069,,,0.068,,,0.066,,,0.069,,,0.07,,,0.07,,,0.067,,,0.064,,,0.065,,,0.063,,,0.065,,,0.064,,,0.062,,,0.06,,,0.065,,,0.064,,,0.064,,
"LDCs: Africa",0.251,,,0.298,,,0.294,,,0.238,,,0.312,,,0.387,,,0.305,,,0.335,,,0.369,,,0.43,,,0.528,,,0.544,,,0.609,,,0.657,,,0.557,,,0.564,,,0.555,,,0.522,,,0.506,,,0.488,,,0.386,,,0.331,,,0.319,,,0.319,,,0.32,,,0.286,,,0.28,,,0.302,,,0.281,,,0.274,,
"LDCs: Asia",0.246,,,0.288,,,0.274,,,0.265,,,0.278,,,0.299,,,0.275,,,0.264,,,0.278,,,0.272,,,0.268,,,0.271,,,0.248,,,0.263,,,0.25,,,0.244,,,0.256,,,0.246,,,0.253,,,0.268,,,0.275,,,0.271,,,0.264,,,0.264,,,0.256,,,0.235,,,0.238,,,0.251,,,0.239,,,0.239,,
"LDCs: Islands and Haiti",0.319,,,0.362,,,0.249,,,0.274,,,0.323,,,0.365,,,0.369,,,0.351,,,0.39,,,0.421,,,0.5,,,0.491,,,0.451,,,0.399,,,0.488,,,0.454,,,0.419,,,0.403,,,0.394,,,0.401,,,0.419,,,0.423,,,0.395,,,0.4,,,0.401,,,0.342,,,0.332,,,0.369,,,0.333,,,0.315,,
"SIDS: Atlantic and Indian Ocean",0.3,,,0.308,,,0.294,,,0.302,,,0.291,,,0.274,,,0.271,,,0.264,,,0.261,,,0.247,,,0.223,,,0.226,,,0.224,,,0.212,,,0.21,,,0.2,,,0.197,,,0.227,,,0.235,,,0.212,,,0.191,,,0.201,,,0.203,,,0.184,,,0.187,,,0.191,,,0.184,,,0.172,,,0.197,,,0.191,,
"SIDS: Caribbean",0.205,,,0.251,,,0.223,,,0.177,,,0.2,,,0.249,,,0.256,,,0.21,,,0.198,,,0.206,,,0.258,,,0.258,,,0.234,,,0.266,,,0.201,,,0.163,,,0.224,,,0.169,,,0.188,,,0.168,,,0.151,,,0.158,,,0.165,,,0.16,,,0.159,,,0.179,,,0.172,,,0.24,,,0.274,,,0.346,,
"SIDS: Pacific",0.211,,,0.231,,,0.235,,,0.237,,,0.239,,,0.249,,,0.231,,,0.229,,,0.233,,,0.236,,,0.252,,,0.262,,,0.237,,,0.251,,,0.237,,,0.254,,,0.254,,,0.24,,,0.247,,,0.244,,,0.223,,,0.221,,,0.232,,,0.229,,,0.219,,,0.238,,,0.251,,,0.255,,,0.239,,,0.245,,
