Economy_Label,1995_Diversification_Index_Value,1995_Diversification_Index_Footnote,1995_Diversification_Index_MissingValue,1996_Diversification_Index_Value,1996_Diversification_Index_Footnote,1996_Diversification_Index_MissingValue,1997_Diversification_Index_Value,1997_Diversification_Index_Footnote,1997_Diversification_Index_MissingValue,1998_Diversification_Index_Value,1998_Diversification_Index_Footnote,1998_Diversification_Index_MissingValue,1999_Diversification_Index_Value,1999_Diversification_Index_Footnote,1999_Diversification_Index_MissingValue,2000_Diversification_Index_Value,2000_Diversification_Index_Footnote,2000_Diversification_Index_MissingValue,2001_Diversification_Index_Value,2001_Diversification_Index_Footnote,2001_Diversification_Index_MissingValue,2002_Diversification_Index_Value,2002_Diversification_Index_Footnote,2002_Diversification_Index_MissingValue,2003_Diversification_Index_Value,2003_Diversification_Index_Footnote,2003_Diversification_Index_MissingValue,2004_Diversification_Index_Value,2004_Diversification_Index_Footnote,2004_Diversification_Index_MissingValue,2005_Diversification_Index_Value,2005_Diversification_Index_Footnote,2005_Diversification_Index_MissingValue,2006_Diversification_Index_Value,2006_Diversification_Index_Footnote,2006_Diversification_Index_MissingValue,2007_Diversification_Index_Value,2007_Diversification_Index_Footnote,2007_Diversification_Index_MissingValue,2008_Diversification_Index_Value,2008_Diversification_Index_Footnote,2008_Diversification_Index_MissingValue,2009_Diversification_Index_Value,2009_Diversification_Index_Footnote,2009_Diversification_Index_MissingValue,2010_Diversification_Index_Value,2010_Diversification_Index_Footnote,2010_Diversification_Index_MissingValue,2011_Diversification_Index_Value,2011_Diversification_Index_Footnote,2011_Diversification_Index_MissingValue,2012_Diversification_Index_Value,2012_Diversification_Index_Footnote,2012_Diversification_Index_MissingValue,2013_Diversification_Index_Value,2013_Diversification_Index_Footnote,2013_Diversification_Index_MissingValue,2014_Diversification_Index_Value,2014_Diversification_Index_Footnote,2014_Diversification_Index_MissingValue,2015_Diversification_Index_Value,2015_Diversification_Index_Footnote,2015_Diversification_Index_MissingValue,2016_Diversification_Index_Value,2016_Diversification_Index_Footnote,2016_Diversification_Index_MissingValue,2017_Diversification_Index_Value,2017_Diversification_Index_Footnote,2017_Diversification_Index_MissingValue,2018_Diversification_Index_Value,2018_Diversification_Index_Footnote,2018_Diversification_Index_MissingValue,2019_Diversification_Index_Value,2019_Diversification_Index_Footnote,2019_Diversification_Index_MissingValue,2020_Diversification_Index_Value,2020_Diversification_Index_Footnote,2020_Diversification_Index_MissingValue,2021_Diversification_Index_Value,2021_Diversification_Index_Footnote,2021_Diversification_Index_MissingValue,2022_Diversification_Index_Value,2022_Diversification_Index_Footnote,2022_Diversification_Index_MissingValue,2023_Diversification_Index_Value,2023_Diversification_Index_Footnote,2023_Diversification_Index_MissingValue,2024_Diversification_Index_Value,2024_Diversification_Index_Footnote,2024_Diversification_Index_MissingValue
"Afghanistan",0.764,"Estimated",,0.762,"Estimated",,0.792,"Estimated",,0.764,"Estimated",,0.798,"Estimated",,0.829,"Estimated",,0.808,"Estimated",,0.766,"Estimated",,0.773,"Estimated",,0.787,"Estimated",,0.772,"Estimated",,0.765,"Estimated",,0.784,"Estimated",,0.765,"Estimated",,0.794,"Estimated",,0.785,"Estimated",,0.77,"Estimated",,0.773,"Estimated",,0.778,"Estimated",,0.801,"Estimated",,0.82,"Estimated",,0.824,"Estimated",,0.825,"Estimated",,0.837,"Estimated",,0.853,"Estimated",,0.863,"Estimated",,0.857,"Estimated",,0.851,"Estimated",,0.851,"Estimated",,0.862,"Estimated",
"Albania",0.723,"Estimated",,0.71,"Estimated",,0.71,"Estimated",,0.719,"Estimated",,0.724,"Estimated",,0.75,"Estimated",,0.749,"Estimated",,0.711,"Estimated",,0.711,"Estimated",,0.715,"Estimated",,0.727,"Estimated",,0.738,"Estimated",,0.699,"Estimated",,0.609,"Estimated",,0.625,"Estimated",,0.717,"Estimated",,0.697,"Estimated",,0.698,"Estimated",,0.715,"Estimated",,0.709,"Estimated",,0.702,"Estimated",,0.712,"Estimated",,0.715,"Estimated",,0.714,"Estimated",,0.689,"Estimated",,0.705,"Estimated",,0.699,"Estimated",,0.688,"Estimated. More than 30% of total trade under ""931: Special transactions & commodities not classified""",,0.694,"Estimated",,0.695,"Estimated",
"Algeria",0.825,,,0.822,,,0.805,,,0.87,,,0.826,,,0.834,,,0.821,,,0.836,,,0.819,,,0.829,,,0.814,,,0.803,,,0.804,,,0.764,,,0.794,,,0.784,,,0.72,,,0.726,,,0.734,,,0.746,,,0.783,,,0.814,,,0.791,,,0.807,,,0.806,,,0.829,,,0.815,,,0.778,,,0.793,,,0.8,,
"American Samoa",0.529,"Estimated",,0.527,"Estimated",,0.532,"Estimated",,0.535,"Estimated",,0.535,"Estimated",,0.675,"Estimated",,0.656,"Estimated",,0.755,"Estimated",,0.691,"Estimated",,0.706,"Estimated",,0.625,"Estimated",,0.736,"Estimated",,0.708,"Estimated",,0.702,"Estimated",,0.637,"Estimated",,0.672,"Estimated",,0.679,"Estimated",,0.669,"Estimated",,0.7,"Estimated",,0.693,"Estimated",,0.62,"Estimated",,0.736,"Estimated",,0.669,"Estimated",,0.705,"Estimated",,0.673,"Estimated",,0.643,"Estimated",,0.667,"Estimated",,0.564,"Estimated",,0.595,"Estimated",,0.695,"Estimated",
"Andorra",0.574,"Estimated",,0.583,"Estimated",,0.58,"Estimated",,0.578,"Estimated",,0.559,"Estimated",,0.515,"Estimated",,0.529,"Estimated",,0.546,"Estimated",,0.591,"Estimated",,0.593,"Estimated",,0.613,"Estimated",,0.612,"Estimated",,0.548,"Estimated",,0.525,"Estimated",,0.519,"Estimated",,0.516,"Estimated",,0.509,"Estimated",,0.537,"Estimated",,0.557,"Estimated",,0.493,"Estimated",,0.549,"Estimated",,0.545,"Estimated",,0.506,"Estimated",,0.537,"Estimated",,0.544,"Estimated",,0.582,"Estimated",,0.592,"Estimated",,0.656,"Estimated",,0.617,"Estimated",,0.54,,
"Angola",0.815,"Estimated",,0.812,"Estimated",,0.829,"Estimated",,0.835,"Estimated",,0.845,"Estimated",,0.82,"Estimated",,0.863,"Estimated",,0.855,"Estimated",,0.843,"Estimated",,0.868,"Estimated",,0.862,"Estimated",,0.847,"Estimated",,0.834,"Estimated",,0.842,"Estimated",,0.837,"Estimated",,0.844,"Estimated",,0.828,"Estimated",,0.843,"Estimated",,0.842,"Estimated",,0.86,"Estimated",,0.894,"Estimated",,0.894,"Estimated",,0.884,"Estimated",,0.887,"Estimated",,0.885,"Estimated",,0.901,"Estimated",,0.894,"Estimated",,0.86,"Estimated",,0.884,"Estimated",,0.868,"Estimated",
"Anguilla",0.513,"Estimated",,0.561,"Estimated",,0.504,"Estimated",,0.484,"Estimated",,0.501,"Estimated",,0.557,"Estimated",,0.603,"Estimated. More than 30% of total trade under ""931: Special transactions & commodities not classified""",,0.545,"Estimated",,0.513,"Estimated",,0.564,"Estimated",,0.55,"Estimated",,0.685,"Estimated",,0.565,"Estimated",,0.588,"Estimated",,0.603,"Estimated",,0.577,"Estimated",,0.599,"Estimated",,0.608,"Estimated",,0.642,"Estimated",,0.648,"Estimated",,0.622,"Estimated",,0.626,"Estimated",,0.609,"Estimated",,0.619,"Estimated",,0.731,"Estimated",,0.702,"Estimated",,0.68,"Estimated",,0.64,"Estimated",,0.57,"Estimated",,0.606,"Estimated",
"Antigua and Barbuda",0.651,"Estimated",,0.674,"Estimated",,0.639,"Estimated",,0.533,"Estimated",,0.569,"Estimated",,0.78,"Estimated",,0.76,"Estimated",,0.797,"Estimated",,0.781,"Estimated",,0.72,"Estimated",,0.769,"Estimated",,0.782,"Estimated",,0.656,"Estimated",,0.695,"Estimated",,0.523,"Estimated",,0.514,"Estimated",,0.787,"Estimated",,0.593,"Estimated",,0.741,"Estimated",,0.777,"Estimated",,0.835,"Estimated",,0.778,"Estimated",,0.753,"Estimated",,0.761,"Estimated",,0.85,"Estimated",,0.863,"Estimated",,0.846,"Estimated",,0.756,"Estimated",,0.734,"Estimated",,0.771,"Estimated",
"Argentina",0.57,,,0.578,,,0.557,,,0.575,,,0.571,,,0.554,,,0.554,,,0.582,,,0.586,,,0.569,,,0.554,,,0.549,,,0.581,,,0.577,,,0.559,,,0.588,,,0.614,,,0.596,,,0.61,,,0.62,,,0.648,,,0.668,,,0.661,,,0.708,,,0.724,,,0.724,,,0.736,,,0.697,,,0.639,,,0.671,,
"Armenia",0.6,"Estimated",,0.594,"Estimated",,0.652,"Estimated",,0.68,"Estimated",,0.712,"Estimated",,0.721,"Estimated",,0.713,"Estimated",,0.745,"Estimated",,0.77,"Estimated",,0.743,"Estimated",,0.77,"Estimated",,0.755,"Estimated",,0.699,"Estimated",,0.708,"Estimated",,0.723,"Estimated",,0.739,"Estimated",,0.73,"Estimated",,0.693,"Estimated",,0.74,"Estimated",,0.755,"Estimated",,0.779,"Estimated",,0.755,"Estimated",,0.748,"Estimated",,0.744,"Estimated",,0.762,"Estimated",,0.777,"Estimated",,0.769,"Estimated",,0.657,"Estimated",,0.671,"Estimated",,0.741,"Estimated",
"Aruba",0.806,"Estimated",,0.883,"Estimated",,0.843,"Estimated",,0.814,"Estimated",,0.825,"Estimated",,0.844,"Estimated",,0.83,"Estimated",,0.818,"Estimated",,0.826,"Estimated",,0.854,"Estimated",,0.836,"Estimated",,0.881,"Estimated",,0.866,"Estimated",,0.873,"Estimated",,0.848,"Estimated",,0.726,"Estimated",,0.839,"Estimated",,0.809,"Estimated",,0.731,"Estimated",,0.729,"Estimated",,0.771,"Estimated",,0.733,"Estimated",,0.74,"Estimated",,0.585,"Estimated",,0.71,"Estimated",,0.738,"Estimated",,0.703,"Estimated",,0.666,"Estimated",,0.663,"Estimated",,0.699,"Estimated",
"Australia",0.555,"Estimated",,0.553,"Estimated",,0.554,"Estimated",,0.573,"Estimated",,0.553,"Estimated",,0.558,"Estimated",,0.559,"Estimated",,0.556,"Estimated",,0.552,"Estimated",,0.567,"Estimated",,0.581,"Estimated",,0.604,"Estimated",,0.597,"Estimated",,0.625,"Estimated",,0.63,"Estimated",,0.643,"Estimated",,0.654,"Estimated",,0.65,"Estimated",,0.665,"Estimated",,0.683,"Estimated",,0.675,"Estimated",,0.669,"Estimated",,0.713,"Estimated",,0.713,"Estimated",,0.721,"Estimated",,0.702,"Estimated",,0.738,"Estimated",,0.741,"Estimated",,0.737,"Estimated",,0.714,"Estimated",
"Austria",0.377,,,0.365,,,0.354,,,0.353,,,0.356,,,0.351,,,0.348,,,0.319,,,0.318,,,0.314,,,0.318,,,0.328,,,0.313,,,0.317,,,0.333,,,0.342,,,0.342,,,0.346,,,0.346,,,0.336,,,0.361,,,0.335,,,0.334,,,0.335,,,0.338,,,0.336,,,0.345,,,0.357,,,0.348,,,0.346,,
"Azerbaijan",0.71,,,0.755,"Estimated",,0.739,"Estimated",,0.721,"Estimated",,0.78,"Estimated",,0.787,"Estimated",,0.824,"Estimated",,0.823,"Estimated",,0.812,"Estimated",,0.794,"Estimated",,0.768,"Estimated",,0.777,"Estimated",,0.785,"Estimated",,0.796,"Estimated",,0.807,"Estimated",,0.8,"Estimated",,0.796,"Estimated",,0.782,"Estimated",,0.788,"Estimated",,0.785,"Estimated",,0.812,"Estimated",,0.835,"Estimated",,0.836,"Estimated",,0.826,"Estimated",,0.829,"Estimated",,0.832,"Estimated",,0.825,"Estimated",,0.831,"Estimated",,0.817,"Estimated",,0.798,"Estimated",
"Bahamas",0.76,"Estimated",,0.777,"Estimated",,0.787,"Estimated",,0.757,"Estimated",,0.786,"Estimated",,0.781,"Estimated",,0.793,"Estimated",,0.815,"Estimated",,0.809,"Estimated",,0.84,"Estimated",,0.794,"Estimated",,0.811,"Estimated",,0.833,"Estimated",,0.802,"Estimated",,0.817,"Estimated",,0.829,"Estimated",,0.775,"Estimated",,0.771,"Estimated",,0.816,"Estimated",,0.766,"Estimated",,0.84,"Estimated",,0.769,"Estimated",,0.776,"Estimated. More than 30% of total trade under ""931: Special transactions & commodities not classified""",,0.823,"Estimated",,0.803,"Estimated",,0.792,"Estimated",,0.793,"Estimated",,0.827,"Estimated",,0.873,"Estimated",,0.859,"Estimated",
"Bahrain",0.754,"Estimated",,0.753,"Estimated",,0.751,"Estimated",,0.778,"Estimated",,0.783,"Estimated",,0.786,"Estimated",,0.767,"Estimated",,0.773,"Estimated",,0.749,"Estimated",,0.733,"Estimated",,0.765,"Estimated",,0.74,"Estimated",,0.728,"Estimated",,0.71,"Estimated",,0.699,"Estimated",,0.726,"Estimated",,0.738,"Estimated",,0.721,"Estimated",,0.663,"Estimated",,0.671,"Estimated",,0.661,"Estimated",,0.67,"Estimated",,0.715,"Estimated",,0.705,"Estimated",,0.686,"Estimated",,0.708,"Estimated",,0.716,"Estimated",,0.732,"Estimated",,0.75,"Estimated",,0.74,"Estimated",
"Bangladesh",0.801,"Estimated",,0.804,"Estimated",,0.816,"Estimated",,0.829,"Estimated",,0.834,"Estimated",,0.84,"Estimated",,0.836,"Estimated",,0.831,"Estimated",,0.87,"Estimated",,0.845,"Estimated",,0.829,"Estimated",,0.837,"Estimated",,0.821,"Estimated",,0.864,"Estimated",,0.883,"Estimated",,0.876,"Estimated",,0.895,"Estimated",,0.83,"Estimated",,0.844,"Estimated",,0.877,"Estimated",,0.887,"Estimated",,0.884,"Estimated",,0.883,"Estimated",,0.893,"Estimated",,0.891,"Estimated",,0.88,"Estimated",,0.868,"Estimated",,0.874,"Estimated",,0.882,"Estimated",,0.884,"Estimated",
"Barbados",0.616,"Estimated",,0.634,"Estimated",,0.618,"Estimated",,0.632,"Estimated",,0.608,"Estimated",,0.647,"Estimated",,0.64,"Estimated",,0.615,"Estimated",,0.666,"Estimated",,0.661,"Estimated",,0.665,"Estimated",,0.591,"Estimated",,0.583,"Estimated",,0.581,"Estimated",,0.507,"Estimated",,0.562,"Estimated",,0.627,"Estimated",,0.531,"Estimated",,0.551,"Estimated",,0.598,"Estimated",,0.621,"Estimated",,0.639,"Estimated",,0.613,"Estimated",,0.62,"Estimated",,0.672,"Estimated",,0.661,"Estimated",,0.649,"Estimated",,0.651,"Estimated",,0.625,"Estimated",,0.622,"Estimated",
"Belarus",0.698,"More than 30% of total trade under ""931: Special transactions & commodities not classified""",,0.477,"Estimated",,0.478,"Estimated",,0.544,"Estimated",,0.572,"Estimated",,0.594,"Estimated",,0.584,"Estimated",,0.579,"Estimated",,0.581,"Estimated",,0.594,"Estimated",,0.606,"Estimated",,0.609,"Estimated",,0.615,"Estimated",,0.618,"Estimated",,0.612,"Estimated",,0.62,"Estimated",,0.616,"Estimated",,0.585,"Estimated",,0.529,"Estimated",,0.571,"Estimated",,0.596,"Estimated",,0.56,"Estimated",,0.564,"Estimated",,0.56,"Estimated",,0.544,"Estimated",,0.551,"Estimated",,0.551,"Estimated",,0.518,,,0.524,,,0.521,,
"Belgium",0.371,,,0.366,,,0.347,,,0.338,,,0.342,,,0.333,,,0.327,,,0.349,,,0.344,,,0.348,,,0.355,,,0.36,,,0.352,,,0.336,,,0.354,,,0.371,,,0.381,,,0.389,,,0.392,,,0.388,,,0.377,,,0.388,,,0.391,,,0.41,,,0.411,,,0.418,,,0.427,,,0.435,,,0.415,,,0.421,,
"Belize",0.746,"Estimated",,0.769,"Estimated",,0.811,"Estimated",,0.798,"Estimated",,0.779,"Estimated",,0.785,"Estimated",,0.75,"Estimated",,0.745,"Estimated",,0.769,"Estimated",,0.772,"Estimated",,0.792,"Estimated",,0.74,"Estimated",,0.697,"Estimated",,0.748,"Estimated",,0.538,"Estimated",,0.713,"Estimated",,0.71,"Estimated",,0.707,"Estimated",,0.712,"Estimated",,0.696,"Estimated",,0.755,"Estimated",,0.737,"Estimated",,0.742,"Estimated",,0.733,"Estimated",,0.727,"Estimated",,0.832,"Estimated",,0.755,"Estimated",,0.74,"Estimated",,0.772,"Estimated",,0.774,"Estimated",
"Benin",0.768,,,0.795,,,0.814,,,0.821,"Estimated",,0.827,"Estimated",,0.781,"Estimated",,0.784,"Estimated",,0.78,"Estimated",,0.796,"Estimated",,0.79,"Estimated",,0.778,"Estimated",,0.757,"Estimated",,0.76,"Estimated",,0.733,"Estimated",,0.736,"Estimated",,0.778,"Estimated",,0.772,"Estimated",,0.753,"Estimated",,0.752,"Estimated",,0.776,"Estimated",,0.811,"Estimated",,0.795,"Estimated",,0.779,"Estimated",,0.775,"Estimated",,0.795,"Estimated",,0.808,"Estimated",,0.801,"Estimated",,0.799,"Estimated",,0.809,"Estimated",,0.796,,
"Bermuda",0.684,"Estimated",,0.773,"Estimated. More than 30% of total trade under ""931: Special transactions & commodities not classified""",,0.727,"Estimated",,0.735,"Estimated",,0.713,"Estimated",,0.705,"Estimated",,0.715,"Estimated",,0.763,"Estimated",,0.757,"Estimated",,0.77,"Estimated",,0.801,"Estimated",,0.744,"Estimated",,0.673,"Estimated",,0.806,"Estimated",,0.682,"Estimated",,0.818,"Estimated",,0.761,"Estimated",,0.77,"Estimated",,0.739,"Estimated",,0.767,"Estimated",,0.786,"Estimated",,0.796,"Estimated",,0.757,"Estimated",,0.797,"Estimated",,0.813,"Estimated",,0.736,"Estimated",,0.759,"Estimated",,0.688,"Estimated. More than 30% of total trade under ""931: Special transactions & commodities not classified""",,0.757,"Estimated",,0.783,"Estimated",
"Bhutan",0.628,"Estimated",,0.586,"Estimated",,0.586,"Estimated",,0.66,"Estimated",,0.711,"Estimated",,0.618,"Estimated",,0.62,"Estimated",,0.655,"Estimated",,0.676,"Estimated",,0.651,"Estimated",,0.763,"Estimated",,0.769,"Estimated",,0.788,"Estimated",,0.759,"Estimated",,0.769,"Estimated",,0.755,"Estimated",,0.752,"Estimated",,0.772,"Estimated",,0.781,,,0.788,,,0.799,,,0.801,,,0.801,,,0.798,,,0.798,,,0.801,,,0.799,,,0.793,,,0.795,,,0.795,,
"Bolivia (Plurinational State of)",0.782,"Estimated",,0.777,"Estimated",,0.798,"Estimated",,0.76,"Estimated",,0.763,"Estimated",,0.757,"Estimated",,0.709,"Estimated",,0.749,"Estimated",,0.74,"Estimated",,0.75,"Estimated",,0.759,"Estimated",,0.755,"Estimated",,0.783,"Estimated",,0.79,"Estimated",,0.799,"Estimated",,0.824,"Estimated",,0.828,"Estimated",,0.804,"Estimated",,0.815,"Estimated",,0.811,"Estimated",,0.834,"Estimated",,0.84,"Estimated",,0.848,"Estimated",,0.857,"Estimated",,0.862,"Estimated",,0.85,"Estimated",,0.85,"Estimated",,0.837,"Estimated",,0.851,"Estimated",,0.842,"Estimated",
"Bonaire, Sint Eustatius and Saba",,,"Not applicable",,,"Not applicable",,,"Not applicable",,,"Not applicable",,,"Not applicable",,,"Not applicable",,,"Not applicable",,,"Not applicable",,,"Not applicable",,,"Not applicable",,,"Not applicable",,,"Not applicable",,,"Not applicable",,,"Not applicable",,,"Not applicable",,,"Not applicable",0.475,,,0.486,,,0.591,,,0.594,,,0.756,,,0.689,,,0.754,,,0.788,,,0.79,,,0.747,,,0.708,,,0.665,,,0.742,,,0.657,,
"Bosnia and Herzegovina",0.566,"Estimated",,0.597,"Estimated",,0.629,"Estimated",,0.659,"Estimated",,0.624,"Estimated",,0.655,"Estimated",,0.644,"Estimated",,0.638,"Estimated",,0.663,"Estimated",,0.641,"Estimated",,0.664,"Estimated",,0.679,"Estimated",,0.627,"Estimated",,0.592,"Estimated",,0.613,"Estimated",,0.579,"Estimated",,0.622,"Estimated",,0.607,"Estimated",,0.57,"Estimated",,0.62,"Estimated",,0.606,"Estimated",,0.61,"Estimated",,0.62,"Estimated",,0.593,"Estimated",,0.629,"Estimated",,0.62,"Estimated",,0.64,"Estimated",,0.64,"Estimated",,0.631,"Estimated",,0.617,"Estimated",
"Botswana",0.879,"Estimated",,0.883,"Estimated",,0.878,"Estimated",,0.884,"Estimated",,0.883,"Estimated",,0.854,"Estimated",,0.883,"Estimated",,0.899,"Estimated",,0.916,"Estimated",,0.904,"Estimated",,0.913,"Estimated",,0.914,"Estimated",,0.905,"Estimated",,0.865,"Estimated",,0.812,"Estimated",,0.857,"Estimated",,0.879,"Estimated",,0.885,"Estimated",,0.915,"Estimated",,0.922,"Estimated",,0.914,"Estimated",,0.938,"Estimated",,0.935,"Estimated",,0.925,"Estimated",,0.921,"Estimated",,0.91,"Estimated",,0.928,"Estimated",,0.923,"Estimated",,0.921,"Estimated",,0.926,"Estimated",
"Brazil",0.519,,,0.524,,,0.516,,,0.516,,,0.522,,,0.512,,,0.483,,,0.492,,,0.487,,,0.496,,,0.478,,,0.468,,,0.466,,,0.477,,,0.513,,,0.511,,,0.526,,,0.523,,,0.553,,,0.543,,,0.562,,,0.566,,,0.573,,,0.582,,,0.587,,,0.619,,,0.617,,,0.605,,,0.625,,,0.628,,
"British Virgin Islands",0.705,,,0.688,,,0.691,,,0.697,,,0.696,,,0.664,,,0.7,,,0.695,,,0.705,,,0.732,,,0.809,,,0.654,,,0.619,,,0.615,,,0.622,,,0.658,,,0.666,,,0.764,,,0.723,,,0.623,,,0.771,,,0.71,,,0.755,,,0.705,,,0.696,,,0.812,,,0.773,,,0.693,,,0.719,,,0.69,,
"Brunei Darussalam",0.813,"Estimated",,0.801,"Estimated",,0.816,,,0.825,,,0.806,"Estimated",,0.812,"Estimated",,0.819,,,0.83,,,0.833,,,0.85,,,0.821,,,0.841,,,0.834,,,0.839,,,0.843,,,0.833,,,0.827,,,0.841,,,0.84,,,0.821,,,0.862,,,0.84,,,0.849,,,0.851,,,0.793,,,0.867,,,0.836,,,0.792,,,0.817,,,0.815,,
"Bulgaria",0.512,"Estimated",,0.51,"Estimated",,0.545,"Estimated",,0.52,"Estimated",,0.559,"Estimated",,0.546,"Estimated",,0.531,"Estimated",,0.503,"Estimated",,0.504,"Estimated",,0.505,"Estimated",,0.533,"Estimated",,0.499,"Estimated",,0.498,"Estimated",,0.495,"Estimated",,0.481,"Estimated",,0.456,"Estimated",,0.448,"Estimated",,0.453,"Estimated",,0.493,"Estimated",,0.448,"Estimated",,0.474,"Estimated",,0.46,"Estimated",,0.465,"Estimated",,0.463,"Estimated",,0.449,"Estimated",,0.441,"Estimated",,0.443,"Estimated",,0.431,"Estimated",,0.425,"Estimated",,0.434,"Estimated",
"Burkina Faso",0.806,"Estimated",,0.794,"Estimated",,0.785,"Estimated",,0.814,"Estimated",,0.807,"Estimated",,0.741,"Estimated",,0.725,"Estimated",,0.749,"Estimated",,0.832,"Estimated",,0.829,"Estimated",,0.795,"Estimated",,0.777,"Estimated",,0.765,"Estimated",,0.718,"Estimated",,0.736,"Estimated",,0.808,"Estimated",,0.807,"Estimated",,0.825,"Estimated",,0.81,"Estimated",,0.79,"Estimated",,0.872,"Estimated",,0.857,"Estimated",,0.872,"Estimated",,0.858,"Estimated",,0.854,"Estimated",,0.88,"Estimated",,0.884,"Estimated",,0.869,"Estimated",,0.898,"Estimated",,0.873,"Estimated",
"Burundi",0.738,"Estimated",,0.709,"Estimated",,0.718,"Estimated",,0.722,"Estimated",,0.726,"Estimated",,0.743,"Estimated",,0.727,"Estimated",,0.771,"Estimated",,0.709,"Estimated",,0.705,"Estimated",,0.759,"Estimated",,0.718,"Estimated",,0.826,"Estimated",,0.714,"Estimated",,0.776,"Estimated",,0.789,"Estimated",,0.772,"Estimated",,0.753,"Estimated",,0.798,"Estimated",,0.805,"Estimated",,0.816,"Estimated",,0.788,"Estimated",,0.816,"Estimated",,0.798,"Estimated",,0.814,"Estimated",,0.803,"Estimated",,0.783,"Estimated",,0.791,"Estimated",,0.833,"Estimated",,0.842,"Estimated",
"Cabo Verde",0.607,,,0.639,,,0.693,"Estimated",,0.715,"Estimated",,0.698,"Estimated",,0.661,"Estimated",,0.696,"Estimated",,0.685,"Estimated",,0.623,"Estimated",,0.674,"Estimated",,0.713,"Estimated",,0.712,"Estimated",,0.675,"Estimated",,0.665,,,0.702,"Estimated",,0.72,"Estimated",,0.687,"Estimated",,0.714,"Estimated",,0.777,"Estimated",,0.76,"Estimated",,0.813,"Estimated",,0.743,"Estimated",,0.704,"Estimated",,0.763,"Estimated",,0.735,"Estimated",,0.73,"Estimated",,0.71,"Estimated",,0.703,"Estimated",,0.741,"Estimated",,0.728,,
"Cambodia",0.79,"Estimated",,0.753,"Estimated",,0.778,"Estimated",,0.822,"Estimated",,0.819,"Estimated",,0.837,"Estimated",,0.839,"Estimated",,0.846,"Estimated",,0.851,"Estimated",,0.843,"Estimated",,0.839,"Estimated",,0.833,"Estimated",,0.836,"Estimated",,0.815,"Estimated",,0.816,"Estimated",,0.796,"Estimated",,0.806,"Estimated",,0.789,"Estimated",,0.795,"Estimated",,0.786,"Estimated",,0.827,"Estimated",,0.79,"Estimated",,0.78,"Estimated",,0.785,"Estimated",,0.771,"Estimated",,0.756,"Estimated",,0.763,"Estimated",,0.761,"Estimated",,0.707,"Estimated",,0.747,"Estimated",
"Cameroon",0.82,"Estimated",,0.81,"Estimated",,0.811,"Estimated",,0.821,"Estimated",,0.843,"Estimated",,0.798,"Estimated",,0.833,"Estimated",,0.792,"Estimated",,0.792,"Estimated",,0.785,"Estimated",,0.802,"Estimated",,0.801,"Estimated",,0.757,"Estimated",,0.74,"Estimated",,0.748,"Estimated",,0.75,"Estimated",,0.703,"Estimated",,0.719,"Estimated",,0.725,"Estimated",,0.75,"Estimated",,0.789,"Estimated",,0.788,"Estimated",,0.777,"Estimated",,0.765,"Estimated",,0.767,"Estimated",,0.779,"Estimated",,0.783,"Estimated",,0.761,"Estimated",,0.768,"Estimated",,0.778,"Estimated",
"Canada",0.406,,,0.387,,,0.381,,,0.378,,,0.395,,,0.376,,,0.382,,,0.378,,,0.37,,,0.365,,,0.358,,,0.341,,,0.338,,,0.332,,,0.336,,,0.36,,,0.355,,,0.345,,,0.357,,,0.379,,,0.376,,,0.38,,,0.385,,,0.377,,,0.38,,,0.403,,,0.405,,,0.384,,,0.374,,,0.381,,
"Cayman Islands",0.661,"Estimated",,0.692,"Estimated",,0.66,"Estimated",,0.694,"Estimated",,0.746,"Estimated",,0.75,"Estimated",,0.787,"Estimated",,0.803,"Estimated",,0.831,"Estimated",,0.761,"Estimated",,0.874,"Estimated",,0.871,"Estimated",,0.772,"Estimated",,0.555,"Estimated",,0.477,"Estimated",,0.878,"Estimated",,0.853,"Estimated",,0.817,"Estimated",,0.794,"Estimated",,0.777,"Estimated",,0.804,"Estimated",,0.87,"Estimated",,0.843,"Estimated",,0.868,"Estimated",,0.849,"Estimated",,0.663,"Estimated",,0.673,"Estimated. More than 30% of total trade under ""931: Special transactions & commodities not classified""",,0.643,"Estimated",,0.716,"Estimated",,0.654,"Estimated",
"Central African Republic",0.72,"Estimated",,0.705,"Estimated",,0.808,"Estimated",,0.82,"Estimated",,0.827,"Estimated",,0.85,"Estimated",,0.847,"Estimated",,0.831,"Estimated",,0.834,"Estimated",,0.823,"Estimated",,0.802,"Estimated",,0.765,"Estimated",,0.823,"Estimated",,0.791,"Estimated",,0.792,"Estimated",,0.781,"Estimated",,0.784,"Estimated",,0.774,"Estimated",,0.798,"Estimated",,0.77,"Estimated",,0.759,"Estimated",,0.768,"Estimated",,0.72,"Estimated",,0.734,"Estimated",,0.814,"Estimated",,0.766,"Estimated",,0.71,"Estimated",,0.739,"Estimated",,0.794,"Estimated",,0.811,"Estimated",
"Chad",0.706,"Estimated",,0.694,"Estimated",,0.714,"Estimated",,0.696,"Estimated",,0.743,"Estimated",,0.781,"Estimated",,0.797,"Estimated",,0.761,"Estimated",,0.715,"Estimated",,0.759,"Estimated",,0.774,"Estimated",,0.765,"Estimated",,0.801,"Estimated",,0.765,"Estimated",,0.774,"Estimated",,0.755,"Estimated",,0.793,"Estimated",,0.752,"Estimated",,0.81,"Estimated",,0.813,"Estimated",,0.849,"Estimated",,0.846,"Estimated",,0.845,"Estimated",,0.839,"Estimated",,0.842,"Estimated",,0.851,"Estimated",,0.858,"Estimated",,0.834,"Estimated",,0.846,"Estimated",,0.866,"Estimated",
"Chile",0.778,,,0.756,,,0.756,,,0.747,,,0.747,,,0.749,,,0.762,,,0.741,,,0.73,,,0.74,,,0.756,,,0.761,,,0.753,,,0.706,,,0.744,,,0.734,,,0.712,,,0.724,,,0.727,,,0.734,,,0.755,,,0.767,,,0.771,,,0.771,,,0.765,,,0.8,,,0.789,,,0.802,,,0.804,,,0.815,,
"China",0.477,,,0.469,,,0.466,,,0.464,,,0.46,,,0.457,,,0.455,,,0.46,,,0.471,,,0.465,,,0.461,,,0.453,,,0.453,,,0.458,,,0.455,,,0.451,,,0.463,,,0.468,,,0.467,,,0.448,,,0.42,,,0.41,,,0.412,,,0.412,,,0.403,,,0.385,,,0.383,,,0.394,,,0.367,,,0.354,,
"China, Hong Kong SAR",0.45,,,0.443,,,0.44,,,0.463,,,0.457,,,0.461,,,0.477,,,0.479,,,0.489,,,0.502,,,0.519,,,0.527,,,0.528,,,0.544,,,0.544,,,0.532,,,0.542,,,0.539,,,0.549,,,0.553,,,0.558,,,0.564,,,0.572,,,0.569,,,0.572,,,0.582,,,0.601,,,0.626,,,0.625,,,0.619,,
"China, Macao SAR",0.769,"Estimated",,0.783,"Estimated",,0.789,"Estimated",,0.791,"Estimated",,0.801,"Estimated",,0.773,"Estimated",,0.781,"Estimated",,0.788,"Estimated",,0.785,"Estimated",,0.777,"Estimated",,0.737,"Estimated",,0.71,"Estimated",,0.7,"Estimated",,0.69,"Estimated",,0.674,"Estimated",,0.644,"Estimated",,0.607,"Estimated",,0.577,"Estimated",,0.538,"Estimated",,0.635,"Estimated",,0.606,"Estimated",,0.594,"Estimated",,0.607,"Estimated",,0.589,"Estimated",,0.62,"Estimated",,0.623,"Estimated",,0.615,"Estimated",,0.584,"Estimated",,0.636,"Estimated",,0.611,"Estimated",
"China, Taiwan Province of",0.447,,,0.447,,,0.449,,,0.467,,,0.483,,,0.487,,,0.463,,,0.47,,,0.496,,,0.493,,,0.462,,,0.476,,,0.483,,,0.479,,,0.486,,,0.482,,,0.464,,,0.479,,,0.478,,,0.481,,,0.483,,,0.484,,,0.49,,,0.482,,,0.489,,,0.505,,,0.497,,,0.501,,,0.523,,,0.5,,
"Colombia",0.647,,,0.65,,,0.629,,,0.656,,,0.661,,,0.639,,,0.589,,,0.605,,,0.627,,,0.605,,,0.585,,,0.576,,,0.559,,,0.563,,,0.599,,,0.641,,,0.647,,,0.64,,,0.638,,,0.659,,,0.655,,,0.651,,,0.672,,,0.656,,,0.663,,,0.669,,,0.658,,,0.648,,,0.641,,,0.622,,
"Comoros",0.662,"Estimated",,0.636,"Estimated",,0.671,"Estimated",,0.649,"Estimated",,0.642,"Estimated",,0.747,"Estimated",,0.726,"Estimated",,0.79,"Estimated",,0.757,"Estimated",,0.751,"Estimated",,0.68,"Estimated",,0.739,"Estimated",,0.733,"Estimated",,0.761,"Estimated",,0.782,"Estimated",,0.754,"Estimated",,0.74,"Estimated",,0.714,"Estimated",,0.718,"Estimated",,0.728,"Estimated",,0.726,"Estimated",,0.777,"Estimated",,0.793,"Estimated",,0.81,"Estimated",,0.778,"Estimated",,0.788,"Estimated",,0.783,"Estimated",,0.763,,,0.801,"Estimated",,0.801,"Estimated",
"Congo",0.826,"Estimated",,0.824,"Estimated",,0.851,"Estimated",,0.829,"Estimated",,0.814,"Estimated",,0.807,"Estimated",,0.829,"Estimated",,0.815,"Estimated",,0.826,"Estimated",,0.811,"Estimated",,0.826,"Estimated",,0.81,"Estimated",,0.815,"Estimated",,0.811,"Estimated",,0.821,"Estimated",,0.811,"Estimated",,0.813,"Estimated",,0.823,"Estimated",,0.805,"Estimated",,0.819,"Estimated",,0.835,"Estimated",,0.851,"Estimated",,0.856,"Estimated",,0.844,"Estimated",,0.852,"Estimated",,0.864,"Estimated",,0.845,"Estimated",,0.824,"Estimated",,0.83,"Estimated",,0.828,"Estimated",
"Cook Islands",0.546,"Estimated",,0.564,"Estimated",,0.535,"Estimated",,0.536,"Estimated",,0.542,"Estimated",,0.613,"Estimated",,0.667,"Estimated",,0.637,"Estimated",,0.612,"Estimated",,0.608,"Estimated",,0.658,"Estimated",,0.641,"Estimated",,0.615,"Estimated",,0.591,"Estimated",,0.602,"Estimated",,0.599,"Estimated",,0.619,"Estimated",,0.74,"Estimated",,0.723,"Estimated",,0.735,"Estimated",,0.736,"Estimated",,0.734,"Estimated",,0.758,"Estimated",,0.776,"Estimated",,0.725,"Estimated",,0.731,"Estimated",,0.774,"Estimated",,0.752,"Estimated",,0.775,"Estimated",,0.757,"Estimated",
"Costa Rica",0.699,"Estimated",,0.673,"Estimated",,0.653,"Estimated",,0.617,"Estimated",,0.674,"Estimated",,0.644,"Estimated",,0.632,"Estimated",,0.614,"Estimated",,0.664,"Estimated",,0.658,"Estimated",,0.654,"Estimated",,0.657,"Estimated",,0.631,"Estimated",,0.676,"Estimated",,0.693,"Estimated",,0.679,"Estimated",,0.731,"Estimated",,0.731,"Estimated",,0.739,"Estimated",,0.734,"Estimated",,0.646,"Estimated",,0.673,"Estimated",,0.691,"Estimated",,0.665,"Estimated",,0.667,"Estimated",,0.663,"Estimated",,0.644,"Estimated",,0.643,"Estimated",,0.677,"Estimated",,0.683,,
"Cote d'Ivoire",0.811,"Estimated",,0.793,"Estimated",,0.786,"Estimated",,0.808,"Estimated",,0.791,"Estimated",,0.801,"Estimated",,0.799,"Estimated",,0.823,"Estimated",,0.767,"Estimated",,0.779,"Estimated",,0.743,"Estimated",,0.754,"Estimated",,0.742,"Estimated",,0.734,"Estimated",,0.731,"Estimated",,0.738,"Estimated",,0.714,"Estimated",,0.701,"Estimated",,0.708,"Estimated",,0.742,"Estimated",,0.761,"Estimated",,0.768,"Estimated",,0.775,"Estimated",,0.764,"Estimated",,0.777,"Estimated",,0.792,"Estimated",,0.789,"Estimated",,0.765,"Estimated",,0.776,"Estimated",,0.769,,
"Croatia",0.531,,,0.538,,,0.534,,,0.552,,,0.566,,,0.553,,,0.522,,,0.492,,,0.469,,,0.497,,,0.454,,,0.496,,,0.444,,,0.42,,,0.428,,,0.447,,,0.46,,,0.455,,,0.48,,,0.473,,,0.435,,,0.451,,,0.462,,,0.447,,,0.436,,,0.406,,,0.413,,,0.433,,,0.427,,,0.414,,
"Cuba",0.821,"Estimated",,0.856,"Estimated",,0.861,"Estimated",,0.863,"Estimated",,0.862,"Estimated",,0.842,"Estimated",,0.86,"Estimated",,0.857,"Estimated",,0.81,"Estimated",,0.809,"Estimated",,0.793,"Estimated. More than 30% of total trade under ""931: Special transactions & commodities not classified""",,0.785,"Estimated. More than 30% of total trade under ""931: Special transactions & commodities not classified""",,0.794,"Estimated",,0.757,"Estimated",,0.76,"Estimated",,0.783,"Estimated",,0.757,"Estimated",,0.743,"Estimated",,0.739,"Estimated",,0.739,"Estimated",,0.765,"Estimated",,0.779,"Estimated",,0.801,"Estimated. More than 30% of total trade under ""931: Special transactions & commodities not classified""",,0.816,"Estimated. More than 30% of total trade under ""931: Special transactions & commodities not classified""",,0.764,"Estimated",,0.779,"Estimated",,0.767,"Estimated",,0.794,"Estimated. More than 30% of total trade under ""931: Special transactions & commodities not classified""",,0.793,"Estimated",,0.79,"Estimated",
"Curacao",,,"Not applicable",,,"Not applicable",,,"Not applicable",,,"Not applicable",,,"Not applicable",,,"Not applicable",,,"Not applicable",,,"Not applicable",,,"Not applicable",,,"Not applicable",,,"Not applicable",,,"Not applicable",,,"Not applicable",,,"Not applicable",,,"Not applicable",,,"Not applicable",0.81,"Estimated",,0.775,"Estimated",,0.771,"Estimated",,0.832,"Estimated",,0.771,"Estimated",,0.78,"Estimated",,0.743,"Estimated",,0.698,"Estimated",,0.642,"Estimated",,0.562,"Estimated",,0.647,"Estimated",,0.556,"Estimated",,0.45,"Estimated",,0.477,"Estimated",
"Cyprus",0.639,,,0.673,,,0.645,,,0.581,,,0.615,,,0.585,,,0.57,,,0.558,,,0.561,,,0.516,,,0.553,,,0.527,,,0.542,,,0.586,,,0.544,,,0.546,,,0.522,,,0.552,,,0.583,,,0.659,,,0.651,,,0.64,,,0.658,,,0.664,,,0.663,,,0.666,,,0.67,,,0.665,,,0.712,,,0.69,,
"Czechia",0.366,,,0.374,,,0.373,,,0.381,,,0.386,,,0.407,,,0.388,,,0.393,,,0.378,,,0.402,,,0.397,,,0.405,,,0.413,,,0.399,,,0.408,,,0.41,,,0.435,,,0.433,,,0.433,,,0.428,,,0.405,,,0.412,,,0.417,,,0.433,,,0.425,,,0.416,,,0.418,,,0.441,,,0.432,,,0.436,,
"Dem. People's Rep. of Korea",0.519,,,0.514,,,0.483,,,0.449,,,0.457,,,0.459,,,0.456,,,0.488,,,0.548,,,0.553,,,0.557,,,0.455,,,0.547,,,0.467,,,0.508,,,0.529,,,0.623,,,0.682,,,0.673,,,0.738,,,0.698,,,0.752,,,0.701,,,0.541,,,0.599,,,0.539,,,0.594,,,0.603,,,0.643,,,0.724,,
"Dem. Rep. of the Congo",0.769,"Estimated",,0.802,"Estimated",,0.804,"Estimated",,0.831,"Estimated",,0.846,"Estimated",,0.792,"Estimated",,0.77,"Estimated",,0.782,"Estimated",,0.768,"Estimated",,0.798,"Estimated",,0.785,"Estimated",,0.815,"Estimated",,0.805,"Estimated",,0.839,"Estimated",,0.788,"Estimated",,0.823,"Estimated",,0.787,"Estimated",,0.806,"Estimated",,0.81,"Estimated",,0.809,"Estimated",,0.883,"Estimated",,0.851,"Estimated",,0.866,"Estimated",,0.896,"Estimated",,0.87,"Estimated",,0.905,"Estimated",,0.911,"Estimated",,0.904,"Estimated",,0.909,"Estimated",,0.922,"Estimated",
"Denmark",0.452,"Estimated",,0.443,"Estimated",,0.428,"Estimated",,0.424,"Estimated",,0.417,"Estimated",,0.395,"Estimated",,0.409,"Estimated",,0.393,"Estimated",,0.392,"Estimated",,0.385,"Estimated",,0.389,"Estimated",,0.382,"Estimated",,0.392,"Estimated",,0.407,"Estimated",,0.41,"Estimated",,0.427,"Estimated",,0.416,"Estimated",,0.432,"Estimated",,0.439,"Estimated",,0.445,"Estimated",,0.439,"Estimated",,0.447,"Estimated",,0.437,"Estimated",,0.441,"Estimated",,0.439,"Estimated",,0.435,"Estimated",,0.432,"Estimated",,0.438,"Estimated",,0.431,"Estimated",,0.425,"Estimated",
"Djibouti",0.531,"Estimated",,0.51,"Estimated",,0.591,"Estimated",,0.569,"Estimated",,0.567,"Estimated",,0.514,"Estimated",,0.577,"Estimated",,0.596,"Estimated",,0.663,"Estimated",,0.686,"Estimated",,0.632,"Estimated",,0.599,"Estimated",,0.661,"Estimated",,0.657,"Estimated",,0.644,"Estimated",,0.624,"Estimated",,0.609,"Estimated",,0.615,"Estimated",,0.616,"Estimated",,0.654,"Estimated",,0.65,"Estimated",,0.591,"Estimated",,0.581,"Estimated",,0.578,"Estimated",,0.56,"Estimated",,0.58,"Estimated",,0.688,"Estimated",,0.66,"Estimated",,0.607,"Estimated",,0.627,"Estimated",
"Dominica",0.669,"Estimated",,0.702,"Estimated",,0.68,"Estimated",,0.687,"Estimated",,0.697,"Estimated",,0.639,"Estimated",,0.639,"Estimated",,0.709,"Estimated",,0.724,"Estimated",,0.706,"Estimated",,0.695,"Estimated",,0.665,"Estimated",,0.63,"Estimated",,0.662,"Estimated",,0.637,"Estimated",,0.644,"Estimated",,0.605,"Estimated",,0.612,"Estimated",,0.612,"Estimated",,0.616,"Estimated",,0.68,"Estimated",,0.697,"Estimated",,0.682,"Estimated",,0.685,"Estimated",,0.637,"Estimated",,0.597,"Estimated",,0.61,"Estimated",,0.62,"Estimated",,0.596,"Estimated",,0.622,"Estimated",
"Dominican Republic",0.738,"Estimated",,0.783,"Estimated. More than 30% of total trade under ""931: Special transactions & commodities not classified""",,0.766,"Estimated. More than 30% of total trade under ""931: Special transactions & commodities not classified""",,0.748,"Estimated",,0.743,"Estimated",,0.74,"Estimated",,0.725,"Estimated",,0.732,"Estimated",,0.714,"Estimated",,0.733,"Estimated",,0.712,"Estimated",,0.663,"Estimated",,0.699,"Estimated",,0.681,"Estimated",,0.694,"Estimated",,0.681,"Estimated",,0.664,"Estimated",,0.649,"Estimated",,0.638,"Estimated",,0.703,"Estimated",,0.686,"Estimated",,0.679,"Estimated",,0.676,"Estimated",,0.649,"Estimated",,0.679,"Estimated",,0.656,"Estimated",,0.677,"Estimated",,0.659,"Estimated",,0.661,"Estimated",,0.659,"Estimated",
"Ecuador",0.785,,,0.761,,,0.766,,,0.783,,,0.773,,,0.741,,,0.727,,,0.76,,,0.754,,,0.758,,,0.75,,,0.74,,,0.741,,,0.719,,,0.736,,,0.721,,,0.714,,,0.717,,,0.755,,,0.777,,,0.792,,,0.779,,,0.78,,,0.764,,,0.774,,,0.795,,,0.771,,,0.748,,,0.77,,,0.777,,
"Egypt",0.701,"Estimated",,0.699,"Estimated",,0.673,"Estimated",,0.685,"Estimated",,0.676,"Estimated",,0.635,"Estimated",,0.626,"Estimated",,0.625,"Estimated",,0.621,"Estimated",,0.615,"Estimated",,0.605,"Estimated",,0.601,"Estimated",,0.6,"Estimated",,0.554,"Estimated",,0.55,"Estimated",,0.568,"Estimated",,0.547,"Estimated",,0.533,"Estimated",,0.512,"Estimated",,0.532,"Estimated",,0.573,"Estimated",,0.577,"Estimated",,0.569,"Estimated",,0.57,"Estimated",,0.584,"Estimated",,0.59,"Estimated",,0.586,"Estimated",,0.564,"Estimated",,0.565,"Estimated",,0.599,"Estimated",
"El Salvador",0.691,"Estimated",,0.671,"Estimated",,0.679,"Estimated",,0.667,"Estimated",,0.676,"Estimated",,0.688,"Estimated",,0.699,"Estimated",,0.745,"Estimated",,0.719,"Estimated",,0.712,"Estimated",,0.732,"Estimated",,0.694,"Estimated",,0.659,"Estimated",,0.643,"Estimated",,0.643,"Estimated",,0.701,"Estimated",,0.689,"Estimated",,0.651,"Estimated",,0.698,"Estimated",,0.66,"Estimated",,0.662,"Estimated",,0.669,"Estimated",,0.677,"Estimated",,0.678,"Estimated",,0.7,"Estimated",,0.666,"Estimated",,0.696,"Estimated",,0.7,"Estimated",,0.69,"Estimated",,0.672,"Estimated",
"Equatorial Guinea",0.612,,,0.637,,,0.678,,,0.674,,,0.669,,,0.677,,,0.736,,,0.778,,,0.771,,,0.811,,,0.819,,,0.788,,,0.774,,,0.827,,,0.817,,,0.798,,,0.763,,,0.753,,,0.752,,,0.77,,,0.866,,,0.828,,,0.796,,,0.83,,,0.819,,,0.821,,,0.843,,,0.787,,,0.844,,,0.822,,
"Eritrea",0.592,"Estimated",,0.623,"Estimated",,0.674,"Estimated",,0.687,"Estimated",,0.658,"Estimated",,0.64,"Estimated",,0.666,"Estimated",,0.625,"Estimated",,0.612,"Estimated",,0.628,"Estimated",,0.692,"Estimated",,0.627,"Estimated",,0.73,"Estimated",,0.693,"Estimated",,0.667,"Estimated",,0.663,"Estimated",,0.788,"Estimated",,0.747,"Estimated",,0.749,"Estimated",,0.747,"Estimated",,0.76,"Estimated",,0.804,"Estimated",,0.801,"Estimated",,0.799,"Estimated",,0.801,"Estimated",,0.816,"Estimated",,0.804,"Estimated",,0.786,"Estimated",,0.799,"Estimated",,0.822,"Estimated",
"Estonia",0.505,,,0.501,,,0.497,,,0.521,,,0.558,,,0.58,,,0.555,,,0.544,,,0.53,,,0.476,,,0.442,,,0.484,,,0.452,,,0.436,,,0.411,,,0.426,,,0.482,,,0.471,,,0.454,,,0.456,,,0.468,,,0.437,,,0.438,,,0.453,,,0.432,,,0.435,,,0.458,,,0.436,,,0.404,,,0.441,,
"Eswatini",0.731,"Estimated",,0.734,"Estimated",,0.737,"Estimated",,0.737,"Estimated",,0.743,"Estimated",,0.767,"Estimated",,0.767,"Estimated",,0.755,"Estimated",,0.77,"Estimated",,0.769,"Estimated",,0.755,"Estimated",,0.718,"Estimated",,0.743,"Estimated",,0.692,"Estimated",,0.718,"Estimated",,0.746,"Estimated",,0.775,"Estimated",,0.783,"Estimated",,0.764,"Estimated",,0.758,"Estimated",,0.787,"Estimated",,0.8,"Estimated",,0.767,"Estimated",,0.78,"Estimated",,0.807,"Estimated",,0.79,"Estimated",,0.791,"Estimated",,0.771,"Estimated",,0.751,"Estimated",,0.771,"Estimated",
"Ethiopia",0.804,"Estimated",,0.793,"Estimated",,0.815,"Estimated",,0.842,"Estimated",,0.82,"Estimated",,0.814,"Estimated",,0.781,"Estimated",,0.848,"Estimated",,0.798,"Estimated",,0.829,"Estimated",,0.849,"Estimated",,0.825,"Estimated",,0.841,"Estimated",,0.82,"Estimated",,0.773,"Estimated",,0.831,"Estimated",,0.829,"Estimated",,0.776,"Estimated",,0.798,"Estimated",,0.822,"Estimated",,0.814,"Estimated",,0.804,"Estimated",,0.797,"Estimated",,0.773,"Estimated",,0.783,"Estimated",,0.795,"Estimated",,0.804,"Estimated",,0.787,"Estimated",,0.796,"Estimated",,0.795,"Estimated",
"Falkland Islands (Malvinas)",0.625,,,0.716,,,0.66,,,0.708,,,0.718,,,0.725,,,0.715,,,0.705,,,0.701,,,0.711,,,0.705,,,0.714,,,0.718,,,0.677,,,0.674,,,0.723,,,0.66,,,0.657,,,0.67,,,0.734,,,0.7,,,0.743,,,0.754,,,0.781,,,0.753,,,0.781,,,0.768,,,0.733,,,0.727,,,0.781,,
"Faroe Islands",0.742,"Estimated",,0.773,"Estimated",,0.801,"Estimated",,0.827,"Estimated",,0.808,"Estimated",,0.836,"Estimated",,0.854,"Estimated",,0.852,"Estimated",,0.862,"Estimated",,0.842,"Estimated",,0.834,"Estimated",,0.817,"Estimated",,0.807,"Estimated",,0.841,"Estimated",,0.766,"Estimated",,0.838,"Estimated",,0.827,"Estimated",,0.833,"Estimated",,0.833,"Estimated",,0.812,"Estimated",,0.875,"Estimated",,0.857,"Estimated",,0.848,"Estimated",,0.844,"Estimated",,0.836,"Estimated",,0.854,"Estimated",,0.842,"Estimated",,0.839,"Estimated",,0.854,"Estimated",,0.855,"Estimated",
"Fiji",0.803,"Estimated",,0.775,"Estimated",,0.785,"Estimated",,0.765,"Estimated",,0.792,"Estimated",,0.805,"Estimated",,0.797,"Estimated",,0.75,"Estimated",,0.761,"Estimated",,0.794,"Estimated",,0.778,"Estimated",,0.749,"Estimated",,0.746,"Estimated",,0.757,"Estimated",,0.745,"Estimated",,0.741,"Estimated",,0.752,"Estimated",,0.74,"Estimated",,0.7,"Estimated",,0.714,"Estimated",,0.726,"Estimated",,0.717,"Estimated",,0.732,"Estimated",,0.738,"Estimated",,0.726,"Estimated",,0.71,"Estimated",,0.723,"Estimated",,0.729,"Estimated",,0.73,"Estimated",,0.722,"Estimated",
"Finland",0.528,,,0.511,,,0.502,,,0.517,,,0.552,,,0.545,,,0.552,,,0.561,,,0.53,,,0.536,,,0.52,,,0.459,,,0.47,,,0.453,,,0.507,,,0.461,,,0.492,,,0.494,,,0.518,,,0.502,,,0.506,,,0.522,,,0.51,,,0.517,,,0.516,,,0.521,,,0.518,,,0.511,,,0.511,,,0.509,,
"France",0.262,,,0.26,,,0.257,,,0.238,,,0.255,,,0.264,,,0.258,,,0.263,,,0.276,,,0.293,,,0.303,,,0.294,,,0.3,,,0.314,,,0.322,,,0.337,,,0.34,,,0.342,,,0.351,,,0.342,,,0.331,,,0.323,,,0.325,,,0.333,,,0.335,,,0.33,,,0.329,,,0.331,,,0.319,,,0.344,,
"French Guiana",0.663,,,,,,,,,,,,,,,,,,,,,,,,,,,,,,,,,,,,,,,,,,,,,,,,,,,,,,,,,,,,,,,,,,,,,,,,,,,,,,,,,,,,,,,,,
"French Polynesia",0.759,"Estimated",,0.769,"Estimated",,0.758,"Estimated",,0.779,"Estimated",,0.792,"Estimated",,0.818,"Estimated",,0.752,"Estimated",,0.767,"Estimated",,0.721,"Estimated",,0.787,"Estimated",,0.771,"Estimated",,0.785,"Estimated",,0.787,"Estimated",,0.754,"Estimated",,0.77,"Estimated",,0.756,"Estimated",,0.744,"Estimated",,0.747,"Estimated",,0.745,"Estimated",,0.765,"Estimated",,0.785,"Estimated",,0.773,"Estimated",,0.78,"Estimated",,0.76,"Estimated",,0.755,"Estimated",,0.716,"Estimated",,0.738,"Estimated",,0.709,"Estimated",,0.716,"Estimated",,0.757,"Estimated",
"Gabon",0.829,"Estimated",,0.836,"Estimated",,0.844,"Estimated",,0.859,"Estimated",,0.844,"Estimated",,0.873,"Estimated",,0.872,"Estimated",,0.863,"Estimated",,0.863,"Estimated",,0.856,"Estimated",,0.861,"Estimated",,0.843,"Estimated",,0.852,"Estimated",,0.834,"Estimated",,0.845,"Estimated",,0.835,"Estimated",,0.828,"Estimated",,0.828,"Estimated",,0.838,"Estimated",,0.842,"Estimated",,0.865,"Estimated",,0.863,"Estimated",,0.85,"Estimated",,0.845,"Estimated",,0.871,"Estimated",,0.85,"Estimated",,0.85,"Estimated",,0.841,"Estimated",,0.865,"Estimated",,0.877,"Estimated",
"Gambia",0.736,"Estimated",,0.744,"Estimated",,0.83,"Estimated",,0.822,"Estimated",,0.799,"Estimated",,0.761,"Estimated",,0.724,"Estimated",,0.721,"Estimated",,0.649,"Estimated",,0.663,"Estimated",,0.668,"Estimated",,0.702,"Estimated",,0.713,"Estimated",,0.709,"Estimated",,0.724,"Estimated",,0.748,"Estimated",,0.741,"Estimated",,0.711,"Estimated",,0.734,"Estimated",,0.744,"Estimated",,0.857,"Estimated",,0.811,"Estimated",,0.817,"Estimated",,0.708,"Estimated",,0.73,"Estimated",,0.777,"Estimated",,0.742,"Estimated",,0.734,"Estimated",,0.744,"Estimated",,0.75,"Estimated",
"Georgia",0.646,"Estimated",,0.652,,,0.638,,,0.669,,,0.688,,,0.704,,,0.725,,,0.787,,,0.776,,,0.777,,,0.75,,,0.702,,,0.721,,,0.743,,,0.693,,,0.691,,,0.706,,,0.696,,,0.695,,,0.703,,,0.644,,,0.671,,,0.656,,,0.672,,,0.684,,,0.683,,,0.652,,,0.638,,,0.645,,,0.648,,
"Germany",0.278,,,0.29,,,0.288,,,0.268,,,0.271,,,0.283,,,0.263,,,0.262,,,0.278,,,0.277,,,0.288,,,0.281,,,0.291,,,0.309,,,0.304,,,0.317,,,0.333,,,0.346,,,0.349,,,0.337,,,0.317,,,0.307,,,0.309,,,0.311,,,0.304,,,0.292,,,0.302,,,0.324,,,0.311,,,0.312,,
"Ghana",0.829,"Estimated",,0.806,"Estimated",,0.842,"Estimated",,0.808,"Estimated",,0.795,"Estimated",,0.811,"Estimated",,0.8,"Estimated",,0.822,"Estimated",,0.83,"Estimated",,0.8,"Estimated",,0.803,"Estimated",,0.814,"Estimated",,0.749,"Estimated",,0.803,"Estimated",,0.823,"Estimated",,0.809,"Estimated",,0.758,"Estimated",,0.774,"Estimated",,0.755,"Estimated",,0.761,"Estimated",,0.809,"Estimated",,0.813,"Estimated",,0.822,"Estimated",,0.833,"Estimated",,0.826,"Estimated",,0.828,"Estimated",,0.81,"Estimated",,0.79,"Estimated",,0.8,"Estimated",,0.817,"Estimated",
"Gibraltar",0.665,,,0.667,,,0.649,,,0.65,,,0.622,,,0.681,,,0.707,,,0.663,,,0.692,,,0.637,,,0.679,,,0.656,,,0.653,,,0.639,,,0.654,,,0.765,,,0.684,,,0.744,,,0.75,,,0.803,,,0.782,,,0.716,,,0.723,,,0.692,,,0.686,,,0.733,,,0.662,,,0.689,,,0.737,,,0.762,,
"Greece",0.591,,,0.588,,,0.568,,,0.555,,,0.561,,,0.538,,,0.552,,,0.543,,,0.505,,,0.489,,,0.489,,,0.488,,,0.505,,,0.468,,,0.488,,,0.496,,,0.51,,,0.541,,,0.591,,,0.573,,,0.561,,,0.558,,,0.571,,,0.569,,,0.549,,,0.539,,,0.549,,,0.533,,,0.535,,,0.553,,
"Greenland",0.779,,,0.752,,,0.743,,,0.76,,,0.748,,,0.755,,,0.765,,,0.736,,,0.786,,,0.787,,,0.764,,,0.798,,,0.737,,,0.72,,,0.74,,,0.745,,,0.719,,,0.724,,,0.73,,,0.786,,,0.784,,,0.772,,,0.803,,,0.747,,,0.846,,,0.851,,,0.843,,,0.83,,,0.84,,,0.84,,
"Grenada",0.654,"Estimated",,0.669,"Estimated",,0.664,"Estimated",,0.646,"Estimated. More than 30% of total trade under ""931: Special transactions & commodities not classified""",,0.678,"Estimated",,0.661,"Estimated",,0.679,"Estimated",,0.659,"Estimated",,0.67,"Estimated",,0.68,"Estimated",,0.682,"Estimated",,0.671,"Estimated",,0.703,"Estimated",,0.631,"Estimated",,0.631,,,0.708,"Estimated",,0.693,"Estimated",,0.703,"Estimated",,0.695,"Estimated",,0.676,"Estimated",,0.693,"Estimated",,0.68,"Estimated",,0.681,"Estimated",,0.655,"Estimated",,0.701,"Estimated",,0.73,"Estimated",,0.712,"Estimated",,0.715,"Estimated",,0.64,"Estimated",,0.68,"Estimated",
"Guadeloupe",0.728,,,,,,,,,,,,,,,,,,,,,,,,,,,,,,,,,,,,,,,,,,,,,,,,,,,,,,,,,,,,,,,,,,,,,,,,,,,,,,,,,,,,,,,,,
"Guam",0.5,"Estimated",,0.5,"Estimated",,0.499,"Estimated",,0.502,"Estimated",,0.506,"Estimated",,0.753,"Estimated",,0.72,"Estimated. More than 30% of total trade under ""931: Special transactions & commodities not classified""",,0.699,"Estimated. More than 30% of total trade under ""931: Special transactions & commodities not classified""",,0.776,"Estimated",,0.735,"Estimated. More than 30% of total trade under ""931: Special transactions & commodities not classified""",,0.704,"Estimated. More than 30% of total trade under ""931: Special transactions & commodities not classified""",,0.727,"Estimated",,0.742,"Estimated",,0.684,"Estimated",,0.684,"Estimated",,0.676,"Estimated",,0.677,"Estimated",,0.696,"Estimated",,0.675,"Estimated",,0.663,"Estimated",,0.644,"Estimated",,0.619,"Estimated",,0.631,"Estimated",,0.662,"Estimated",,0.625,"Estimated",,0.65,"Estimated",,0.663,"Estimated",,0.692,"Estimated",,0.653,"Estimated",,0.641,"Estimated",
"Guatemala",0.72,"Estimated",,0.714,"Estimated",,0.712,"Estimated",,0.726,"Estimated",,0.715,"Estimated",,0.694,"Estimated",,0.696,"Estimated",,0.675,"Estimated",,0.675,"Estimated",,0.67,"Estimated",,0.68,"Estimated",,0.644,"Estimated",,0.681,"Estimated",,0.657,"Estimated",,0.675,"Estimated",,0.672,"Estimated",,0.691,"Estimated",,0.674,"Estimated",,0.665,"Estimated",,0.68,"Estimated",,0.685,"Estimated",,0.698,"Estimated",,0.699,"Estimated",,0.714,"Estimated",,0.722,"Estimated",,0.717,"Estimated",,0.696,"Estimated",,0.69,"Estimated",,0.703,"Estimated",,0.691,"Estimated",
"Guinea",0.854,"Estimated",,0.798,"Estimated",,0.812,"Estimated",,0.849,"Estimated",,0.805,"Estimated",,0.838,"Estimated",,0.835,"Estimated",,0.826,"Estimated",,0.82,"Estimated",,0.824,"Estimated",,0.83,"Estimated",,0.78,"Estimated",,0.78,"Estimated",,0.788,"Estimated",,0.787,"Estimated",,0.811,"Estimated",,0.824,"Estimated",,0.797,"Estimated",,0.772,"Estimated",,0.81,"Estimated",,0.815,"Estimated",,0.864,"Estimated",,0.854,"Estimated",,0.872,"Estimated",,0.879,"Estimated",,0.873,"Estimated",,0.853,"Estimated",,0.824,"Estimated",,0.868,"Estimated",,0.888,"Estimated",
"Guinea-Bissau",0.689,,,0.561,"Estimated",,0.562,"Estimated",,0.637,"Estimated",,0.691,"Estimated",,0.672,"Estimated",,0.647,"Estimated",,0.695,"Estimated",,0.705,"Estimated",,0.716,"Estimated",,0.707,"Estimated",,0.762,,,0.761,,,0.767,,,0.711,,,0.717,,,0.691,,,0.692,,,0.693,,,0.688,"Estimated",,0.766,"Estimated",,0.718,"Estimated",,0.722,"Estimated",,0.772,"Estimated",,0.684,,,0.697,,,0.684,,,0.667,,,0.679,,,0.682,,
"Guyana",0.79,"Estimated",,0.782,"Estimated",,0.801,"Estimated",,0.811,"Estimated",,0.816,"Estimated",,0.821,"Estimated",,0.826,"Estimated",,0.815,"Estimated",,0.844,"Estimated",,0.862,"Estimated",,0.828,"Estimated",,0.827,"Estimated",,0.823,"Estimated",,0.834,"Estimated",,0.847,"Estimated",,0.846,"Estimated",,0.822,"Estimated",,0.841,"Estimated",,0.806,"Estimated",,0.818,"Estimated",,0.871,"Estimated",,0.835,"Estimated",,0.84,"Estimated",,0.836,"Estimated",,0.835,"Estimated",,0.844,"Estimated",,0.86,"Estimated",,0.849,"Estimated",,0.844,"Estimated",,0.866,"Estimated",
"Haiti",0.607,"Estimated",,0.669,"Estimated",,0.684,"Estimated",,0.679,"Estimated",,0.708,"Estimated",,0.753,"Estimated",,0.758,"Estimated",,0.73,"Estimated",,0.746,"Estimated",,0.78,"Estimated",,0.811,"Estimated",,0.788,"Estimated",,0.808,"Estimated",,0.799,"Estimated",,0.8,"Estimated",,0.804,"Estimated",,0.807,"Estimated",,0.785,"Estimated",,0.773,"Estimated",,0.795,"Estimated",,0.818,"Estimated",,0.834,"Estimated",,0.83,"Estimated",,0.824,"Estimated",,0.828,"Estimated",,0.798,"Estimated",,0.791,"Estimated",,0.824,"Estimated",,0.811,"Estimated",,0.813,"Estimated",
"Honduras",0.777,"Estimated",,0.764,"Estimated",,0.794,"Estimated",,0.79,"Estimated",,0.77,"Estimated",,0.797,"Estimated",,0.798,"Estimated",,0.793,"Estimated",,0.797,"Estimated",,0.769,"Estimated",,0.795,"Estimated",,0.781,"Estimated",,0.743,"Estimated",,0.785,,,0.719,"Estimated",,0.715,"Estimated",,0.73,"Estimated",,0.742,"Estimated",,0.746,,,0.679,"Estimated",,0.738,"Estimated",,0.714,"Estimated",,0.71,"Estimated",,0.711,"Estimated",,0.747,"Estimated",,0.714,"Estimated",,0.75,"Estimated",,0.75,,,0.734,"Estimated",,0.744,,
"Hungary",0.419,"Estimated",,0.404,"Estimated",,0.396,"Estimated",,0.416,"Estimated",,0.402,"Estimated",,0.396,"Estimated",,0.379,"Estimated",,0.362,"Estimated",,0.377,"Estimated",,0.408,"Estimated",,0.404,"Estimated",,0.393,"Estimated",,0.42,"Estimated",,0.432,"Estimated",,0.39,"Estimated",,0.433,"Estimated",,0.393,"Estimated",,0.43,"Estimated",,0.422,"Estimated",,0.418,"Estimated",,0.407,"Estimated",,0.406,"Estimated",,0.404,"Estimated",,0.399,"Estimated",,0.402,"Estimated",,0.391,"Estimated",,0.391,"Estimated",,0.418,"Estimated",,0.424,"Estimated",,0.42,"Estimated",
"Iceland",0.775,,,0.8,,,0.823,,,0.841,,,0.831,,,0.826,,,0.819,,,0.818,,,0.82,,,0.807,,,0.784,,,0.776,,,0.776,,,0.76,,,0.78,,,0.821,,,0.776,,,0.772,,,0.796,,,0.786,,,0.808,,,0.802,,,0.813,,,0.793,,,0.793,,,0.825,,,0.8,,,0.783,,,0.793,,,0.782,,
"India",0.581,,,0.568,,,0.596,,,0.6,,,0.599,,,0.573,,,0.563,,,0.561,,,0.555,,,0.551,,,0.541,,,0.54,,,0.535,,,0.512,,,0.476,,,0.502,,,0.492,,,0.504,,,0.489,,,0.497,,,0.436,,,0.441,,,0.45,,,0.476,,,0.439,,,0.448,,,0.452,,,0.439,,,0.424,,,0.418,,
"Indonesia",,,"Not applicable",,,"Not applicable",,,"Not applicable",,,"Not applicable",,,"Not applicable",,,"Not applicable",,,"Not applicable",,,"Not applicable",0.507,,,0.503,,,0.497,,,0.496,,,0.515,,,0.506,,,0.519,,,0.551,,,0.558,,,0.557,,,0.555,,,0.539,,,0.548,,,0.55,,,0.561,,,0.564,,,0.56,,,0.566,,,0.596,,,0.603,,,0.599,,,0.574,,
"Indonesia (...2002)",0.603,,,0.577,,,0.587,,,0.587,,,0.534,,,0.49,,,0.509,,,0.508,,,,,"Not applicable",,,"Not applicable",,,"Not applicable",,,"Not applicable",,,"Not applicable",,,"Not applicable",,,"Not applicable",,,"Not applicable",,,"Not applicable",,,"Not applicable",,,"Not applicable",,,"Not applicable",,,"Not applicable",,,"Not applicable",,,"Not applicable",,,"Not applicable",,,"Not applicable",,,"Not applicable",,,"Not applicable",,,"Not applicable",,,"Not applicable",,,"Not applicable"
"Iran (Islamic Republic of)",0.809,"Estimated",,0.823,"Estimated",,0.808,"Estimated",,0.818,"Estimated",,0.806,"Estimated",,0.82,"Estimated",,0.822,"Estimated",,0.772,"Estimated",,0.786,"Estimated",,0.753,"Estimated",,0.742,"Estimated",,0.737,"Estimated",,0.735,"Estimated",,0.731,"Estimated",,0.741,"Estimated",,0.702,"Estimated",,0.729,"Estimated",,0.693,"Estimated",,0.678,"Estimated",,0.685,"Estimated",,0.692,"Estimated",,0.709,"Estimated",,0.72,"Estimated",,0.706,"Estimated",,0.674,"Estimated",,0.659,"Estimated",,0.633,"Estimated",,0.618,"Estimated",,0.636,"Estimated",,0.64,"Estimated",
"Iraq",0.718,"Estimated",,0.665,"Estimated",,0.734,"Estimated",,0.792,"Estimated",,0.821,"Estimated",,0.85,"Estimated",,0.858,"Estimated",,0.811,"Estimated",,0.843,"Estimated",,0.862,"Estimated",,0.824,"Estimated",,0.819,"Estimated",,0.816,"Estimated",,0.804,"Estimated",,0.839,"Estimated",,0.848,"Estimated",,0.869,"Estimated",,0.863,"Estimated",,0.858,"Estimated",,0.87,"Estimated",,0.896,"Estimated",,0.894,"Estimated",,0.894,"Estimated",,0.877,"Estimated",,0.866,"Estimated",,0.887,"Estimated",,0.869,"Estimated",,0.85,"Estimated",,0.854,"Estimated",,0.857,"Estimated",
"Ireland",0.555,,,0.549,,,0.547,,,0.573,,,0.579,,,0.56,,,0.606,,,0.623,,,0.62,,,0.617,,,0.64,,,0.644,,,0.648,,,0.606,,,0.662,,,0.671,,,0.692,,,0.686,,,0.644,,,0.693,,,0.687,,,0.673,,,0.672,,,0.697,,,0.683,,,0.679,,,0.672,,,0.687,,,0.7,,,0.705,,
"Israel",0.553,,,0.557,,,0.553,,,0.546,,,0.568,,,0.591,,,0.585,,,0.607,,,0.583,,,0.587,,,0.608,,,0.605,,,0.635,,,0.6,,,0.554,,,0.578,,,0.6,,,0.582,,,0.595,,,0.583,,,0.582,,,0.556,,,0.561,,,0.551,,,0.547,,,0.455,,,0.466,,,0.53,,,0.485,,,0.465,,
"Italy",0.351,,,0.359,,,0.366,,,0.358,,,0.367,,,0.385,,,0.375,,,0.377,,,0.373,,,0.378,,,0.377,,,0.376,,,0.371,,,0.376,,,0.367,,,0.366,,,0.372,,,0.365,,,0.381,,,0.374,,,0.351,,,0.346,,,0.349,,,0.357,,,0.355,,,0.345,,,0.353,,,0.365,,,0.358,,,0.359,,
"Jamaica",0.771,,,0.759,,,0.785,,,0.785,,,0.801,,,0.791,,,0.788,,,0.793,,,0.781,,,0.773,,,0.782,,,0.782,,,0.789,,,0.762,,,0.758,,,0.75,,,0.728,,,0.793,,,0.739,,,0.749,,,0.767,,,0.754,,,0.792,,,0.825,,,0.794,,,0.818,,,0.799,,,0.766,,,0.795,,,0.779,,
"Japan",0.386,,,0.381,,,0.394,,,0.38,,,0.376,,,0.377,,,0.378,,,0.369,,,0.402,,,0.399,,,0.41,,,0.381,,,0.418,,,0.43,,,0.419,,,0.434,,,0.4,,,0.421,,,0.42,,,0.456,,,0.432,,,0.402,,,0.423,,,0.395,,,0.396,,,0.402,,,0.43,,,0.441,,,0.408,,,0.408,,
"Jordan",0.635,,,0.716,,,0.616,,,0.622,,,0.587,,,0.589,,,0.567,,,0.631,,,0.615,,,0.612,,,0.609,,,0.601,,,0.592,,,0.573,,,0.576,,,0.614,,,0.614,,,0.604,,,0.678,,,0.629,,,0.646,,,0.665,,,0.667,,,0.644,,,0.63,,,0.651,,,0.67,,,0.672,,,0.681,,,0.677,,
"Kazakhstan",0.732,,,0.725,,,0.767,,,0.817,,,0.823,,,0.57,"More than 30% of total trade under ""931: Special transactions & commodities not classified""",,0.809,,,0.809,,,0.793,,,0.781,,,0.755,,,0.746,,,0.744,,,0.74,,,0.777,,,0.766,,,0.749,,,0.738,,,0.747,,,0.75,,,0.791,,,0.8,,,0.79,,,0.77,,,0.781,,,0.819,,,0.794,,,0.752,,,0.722,,,0.779,,
"Kenya",0.711,"Estimated",,0.698,"Estimated",,0.722,"Estimated",,0.737,"Estimated",,0.729,"Estimated",,0.749,"Estimated",,0.732,"Estimated",,0.715,"Estimated",,0.724,"Estimated",,0.723,"Estimated",,0.711,"Estimated",,0.702,"Estimated",,0.684,"Estimated",,0.681,"Estimated",,0.655,"Estimated",,0.674,"Estimated",,0.637,,,0.626,,,0.649,"Estimated",,0.626,,,0.692,"Estimated",,0.687,"Estimated",,0.706,"Estimated",,0.68,"Estimated",,0.684,"Estimated",,0.694,"Estimated",,0.685,"Estimated",,0.685,"Estimated",,0.663,"Estimated",,0.66,,
"Kiribati",0.544,"Estimated",,0.548,"Estimated",,0.568,"Estimated",,0.593,"Estimated. More than 30% of total trade under ""931: Special transactions & commodities not classified""",,0.542,"Estimated",,0.64,"Estimated",,0.762,"Estimated",,0.683,"Estimated",,0.691,"Estimated",,0.686,"Estimated",,0.648,"Estimated",,0.627,"Estimated",,0.659,"Estimated",,0.711,"Estimated",,0.738,"Estimated",,0.683,"Estimated",,0.693,"Estimated",,0.741,"Estimated",,0.744,"Estimated",,0.777,"Estimated",,0.784,"Estimated",,0.823,"Estimated",,0.805,"Estimated",,0.781,"Estimated",,0.817,"Estimated",,0.799,"Estimated",,0.781,"Estimated",,0.801,"Estimated",,0.829,"Estimated",,0.827,"Estimated",
"Kuwait",0.839,"Estimated",,0.854,"Estimated",,0.843,"Estimated",,0.843,"Estimated",,0.86,"Estimated",,0.829,"Estimated",,0.829,"Estimated",,0.826,"Estimated",,0.777,"Estimated",,0.805,"Estimated",,0.775,,,0.797,"Estimated",,0.797,"Estimated",,0.768,"Estimated",,0.778,"Estimated",,0.774,"Estimated",,0.753,"Estimated",,0.739,,,0.761,"Estimated",,0.777,"Estimated",,0.808,"Estimated",,0.807,"Estimated",,0.792,"Estimated",,0.789,"Estimated",,0.784,"Estimated",,0.81,"Estimated",,0.804,"Estimated",,0.806,"Estimated",,0.799,"Estimated",,0.628,,
"Kyrgyzstan",0.69,"Estimated",,0.706,"Estimated",,0.691,"Estimated",,0.749,"Estimated",,0.739,"Estimated",,0.751,"Estimated",,0.719,"Estimated",,0.686,"Estimated",,0.736,"Estimated",,0.707,"Estimated",,0.694,"Estimated",,0.692,"Estimated",,0.687,"Estimated",,0.756,"Estimated",,0.757,"Estimated",,0.728,"Estimated",,0.69,"Estimated",,0.619,"Estimated",,0.661,"Estimated",,0.704,"Estimated",,0.671,"Estimated",,0.667,"Estimated",,0.71,"Estimated",,0.716,"Estimated",,0.72,"Estimated",,0.745,"Estimated",,0.749,"Estimated",,0.618,"Estimated",,0.698,"Estimated",,0.749,"Estimated",
"Lao People's Dem. Rep.",0.741,"Estimated",,0.769,"Estimated",,0.756,"Estimated",,0.75,"Estimated",,0.769,"Estimated",,0.752,"Estimated",,0.776,"Estimated",,0.748,"Estimated",,0.771,"Estimated",,0.804,"Estimated",,0.768,"Estimated",,0.778,"Estimated",,0.781,"Estimated",,0.765,"Estimated",,0.792,"Estimated",,0.778,"Estimated",,0.825,"Estimated",,0.771,"Estimated",,0.777,"Estimated",,0.759,"Estimated",,0.75,"Estimated",,0.695,"Estimated",,0.705,"Estimated",,0.697,"Estimated",,0.732,"Estimated",,0.732,"Estimated",,0.738,"Estimated",,0.745,"Estimated",,0.745,"Estimated",,0.726,"Estimated",
"Latvia",0.588,"Estimated",,0.585,"Estimated",,0.583,"Estimated",,0.608,"Estimated",,0.633,"Estimated",,0.677,"Estimated",,0.63,"Estimated",,0.63,"Estimated",,0.63,"Estimated",,0.586,"Estimated",,0.541,"Estimated",,0.501,"Estimated",,0.449,"Estimated",,0.466,"Estimated",,0.456,"Estimated",,0.466,"Estimated",,0.453,"Estimated",,0.465,"Estimated",,0.455,"Estimated",,0.435,"Estimated",,0.449,"Estimated",,0.431,"Estimated",,0.438,"Estimated",,0.435,"Estimated",,0.448,"Estimated",,0.444,"Estimated",,0.463,"Estimated",,0.45,"Estimated",,0.455,"Estimated",,0.462,"Estimated",
"Lebanon",0.601,"Estimated",,0.618,"Estimated",,0.619,"Estimated",,0.609,"Estimated",,0.64,"Estimated",,0.638,"Estimated",,0.638,"Estimated",,0.624,"Estimated",,0.638,"Estimated",,0.631,"Estimated",,0.612,"Estimated",,0.621,"Estimated",,0.614,"Estimated",,0.619,"Estimated",,0.602,"Estimated",,0.618,"Estimated",,0.662,"Estimated",,0.654,"Estimated",,0.593,"Estimated",,0.637,"Estimated",,0.599,"Estimated",,0.616,"Estimated",,0.625,"Estimated",,0.638,"Estimated",,0.671,"Estimated",,0.657,"Estimated",,0.646,"Estimated",,0.65,"Estimated",,0.558,"Estimated",,0.61,"Estimated",
"Lesotho",0.873,"Estimated",,0.873,"Estimated",,0.873,"Estimated",,0.874,"Estimated",,0.878,"Estimated",,0.862,,,0.849,"Estimated",,0.839,"Estimated",,0.847,"Estimated",,0.894,"Estimated",,0.882,"Estimated",,0.89,"Estimated",,0.789,"Estimated",,0.877,"Estimated",,0.823,"Estimated",,0.802,"Estimated",,0.836,"Estimated",,0.807,"Estimated",,0.843,"Estimated",,0.874,"Estimated",,0.836,"Estimated",,0.838,"Estimated",,0.813,"Estimated",,0.859,"Estimated",,0.839,"Estimated",,0.822,"Estimated",,0.83,"Estimated",,0.805,"Estimated",,0.814,"Estimated",,0.826,"Estimated",
"Liberia",0.761,"Estimated",,0.786,"Estimated",,0.814,"Estimated",,0.841,"Estimated",,0.805,"Estimated",,0.839,"Estimated",,0.858,"Estimated",,0.843,"Estimated. More than 30% of total trade under ""931: Special transactions & commodities not classified""",,0.811,"Estimated",,0.801,"Estimated",,0.865,"Estimated",,0.813,"Estimated",,0.839,"Estimated",,0.752,"Estimated",,0.813,"Estimated",,0.737,"Estimated",,0.725,"Estimated",,0.771,"Estimated",,0.763,"Estimated",,0.814,"Estimated",,0.878,"Estimated",,0.76,"Estimated",,0.752,"Estimated",,0.773,"Estimated",,0.845,"Estimated",,0.842,"Estimated",,0.872,"Estimated",,0.808,"Estimated",,0.834,"Estimated",,0.811,"Estimated",
"Libya",0.822,"Estimated",,0.799,"Estimated",,0.8,"Estimated",,0.797,"Estimated",,0.816,"Estimated",,0.823,"Estimated",,0.822,"Estimated",,0.826,"Estimated",,0.836,"Estimated",,0.832,"Estimated",,0.824,"Estimated",,0.767,"Estimated",,0.772,"Estimated",,0.766,"Estimated",,0.821,"Estimated",,0.772,"Estimated",,0.779,"Estimated",,0.772,"Estimated",,0.776,"Estimated",,0.79,"Estimated",,0.814,"Estimated",,0.813,"Estimated",,0.828,"Estimated",,0.807,"Estimated",,0.834,"Estimated",,0.857,"Estimated",,0.855,"Estimated",,0.826,"Estimated",,0.828,"Estimated",,0.835,"Estimated",
"Lithuania",0.53,,,0.496,,,0.508,,,0.523,,,0.555,,,0.552,,,0.524,,,0.546,,,0.551,,,0.555,,,0.538,,,0.505,,,0.475,,,0.49,,,0.483,,,0.486,,,0.48,,,0.483,,,0.462,,,0.451,,,0.456,,,0.451,,,0.441,,,0.446,,,0.437,,,0.429,,,0.444,,,0.427,,,0.424,,,0.411,,
"Luxembourg",0.533,,,0.535,,,0.541,,,0.559,,,0.568,"Estimated",,0.546,"Estimated",,0.544,"Estimated",,0.534,"Estimated",,0.522,"Estimated",,0.523,"Estimated",,0.524,"Estimated",,0.54,"Estimated",,0.552,"Estimated",,0.573,"Estimated",,0.527,"Estimated",,0.546,"Estimated",,0.554,"Estimated",,0.503,"Estimated",,0.549,"Estimated",,0.545,"Estimated",,0.536,"Estimated",,0.524,"Estimated",,0.534,"Estimated",,0.537,"Estimated",,0.532,"Estimated",,0.526,"Estimated",,0.538,"Estimated",,0.554,"Estimated",,0.533,"Estimated",,0.535,"Estimated",
"Madagascar",0.726,"Estimated",,0.74,"Estimated",,0.729,"Estimated",,0.737,"Estimated",,0.752,"Estimated",,0.76,"Estimated",,0.782,"Estimated",,0.804,"Estimated",,0.794,"Estimated",,0.784,"Estimated",,0.766,"Estimated",,0.755,"Estimated",,0.743,"Estimated",,0.783,"Estimated",,0.748,"Estimated",,0.699,"Estimated",,0.74,"Estimated",,0.75,"Estimated",,0.789,"Estimated",,0.806,"Estimated",,0.816,"Estimated",,0.813,"Estimated",,0.839,"Estimated",,0.794,"Estimated",,0.838,"Estimated",,0.798,"Estimated",,0.802,"Estimated",,0.842,"Estimated",,0.829,"Estimated",,0.836,,
"Malawi",0.82,,,0.817,,,0.785,,,0.826,,,0.803,,,0.802,,,0.8,,,0.785,,,0.809,,,0.812,,,0.787,,,0.792,,,0.798,,,0.843,,,0.807,,,0.795,,,0.77,,,0.811,,,0.801,,,0.775,,,0.799,,,0.814,,,0.84,,,0.823,,,0.855,,,0.835,,,0.798,,,0.83,,,0.832,,,0.802,,
"Malaysia",0.517,,,0.51,,,0.511,,,0.516,,,0.527,,,0.507,,,0.502,,,0.496,,,0.498,,,0.474,,,0.471,,,0.458,,,0.464,,,0.438,,,0.47,,,0.469,,,0.468,,,0.456,,,0.454,,,0.444,,,0.44,,,0.441,,,0.442,,,0.437,,,0.434,,,0.454,,,0.455,,,0.452,,,0.469,,,0.467,,
"Maldives",0.697,"Estimated",,0.696,"Estimated",,0.738,"Estimated",,0.715,"Estimated",,0.739,"Estimated",,0.77,"Estimated",,0.809,"Estimated",,0.818,"Estimated",,0.763,"Estimated",,0.796,"Estimated",,0.755,"Estimated",,0.825,"Estimated",,0.799,"Estimated",,0.773,"Estimated",,0.747,"Estimated",,0.76,"Estimated",,0.737,"Estimated",,0.772,"Estimated",,0.805,"Estimated",,0.763,"Estimated",,0.793,"Estimated",,0.806,"Estimated",,0.843,"Estimated",,0.829,"Estimated",,0.827,"Estimated",,0.832,"Estimated",,0.832,"Estimated",,0.791,"Estimated",,0.818,"Estimated",,0.809,"Estimated",
"Mali",0.818,"Estimated",,0.82,"Estimated",,0.828,"Estimated",,0.839,"Estimated",,0.81,"Estimated",,0.779,"Estimated",,0.73,"Estimated",,0.849,"Estimated",,0.847,"Estimated. More than 30% of total trade under ""931: Special transactions & commodities not classified""",,0.825,"Estimated",,0.802,"Estimated",,0.807,"Estimated",,0.843,"Estimated",,0.813,"Estimated",,0.817,"Estimated",,0.836,"Estimated",,0.774,"Estimated",,0.898,"Estimated",,0.881,"Estimated",,0.895,"Estimated",,0.892,"Estimated",,0.871,"Estimated",,0.846,"Estimated",,0.877,"Estimated",,0.881,"Estimated",,0.896,"Estimated",,0.894,"Estimated",,0.875,"Estimated",,0.892,"Estimated",,0.869,"Estimated",
"Malta",0.648,,,0.634,,,0.638,,,0.679,,,0.673,,,0.703,,,0.649,,,0.663,,,0.638,,,0.664,,,0.597,,,0.627,,,0.672,,,0.664,,,0.679,,,0.693,,,0.714,,,0.697,,,0.693,,,0.659,,,0.654,,,0.669,,,0.635,,,0.625,,,0.615,,,0.624,,,0.622,,,0.605,,,0.655,,,0.621,,
"Marshall Islands",0.577,,,0.557,,,0.645,"More than 30% of total trade under ""931: Special transactions & commodities not classified""",,0.697,,,0.614,,,0.613,,,0.729,,,0.689,,,0.683,,,0.737,,,0.822,,,0.753,,,0.746,,,0.711,,,0.776,,,0.821,,,0.824,,,0.81,,,0.817,,,0.827,,,0.79,,,0.778,,,0.754,,,0.797,,,0.764,,,0.811,,,0.812,,,0.785,,,0.818,,,0.792,,
"Martinique",0.752,,,,,,,,,,,,,,,,,,,,,,,,,,,,,,,,,,,,,,,,,,,,,,,,,,,,,,,,,,,,,,,,,,,,,,,,,,,,,,,,,,,,,,,,,
"Mauritania",0.826,"Estimated",,0.781,"Estimated",,0.826,"Estimated",,0.817,"Estimated",,0.8,"Estimated",,0.8,"Estimated",,0.808,"Estimated",,0.815,"Estimated",,0.78,"Estimated",,0.832,"Estimated",,0.84,"Estimated",,0.819,"Estimated",,0.786,"Estimated",,0.751,"Estimated",,0.766,"Estimated",,0.79,"Estimated",,0.812,"Estimated",,0.812,"Estimated",,0.792,"Estimated",,0.817,"Estimated",,0.851,"Estimated",,0.828,"Estimated",,0.852,"Estimated",,0.862,"Estimated",,0.866,"Estimated",,0.878,"Estimated",,0.9,"Estimated",,0.894,"Estimated",,0.881,"Estimated",,0.905,"Estimated",
"Mauritius",0.807,"Estimated",,0.815,"Estimated",,0.811,"Estimated",,0.834,"Estimated",,0.821,"Estimated",,0.842,"Estimated",,0.798,"Estimated",,0.789,"Estimated",,0.801,"Estimated",,0.756,"Estimated",,0.721,"Estimated",,0.717,"Estimated",,0.695,"Estimated",,0.727,"Estimated",,0.67,"Estimated",,0.703,"Estimated",,0.714,"Estimated",,0.738,"Estimated",,0.71,"Estimated",,0.663,"Estimated",,0.676,"Estimated",,0.66,"Estimated",,0.668,"Estimated",,0.652,"Estimated",,0.658,"Estimated",,0.691,"Estimated",,0.688,"Estimated",,0.681,"Estimated",,0.659,"Estimated",,0.681,"Estimated",
"Mayotte",,,,,,,,,,,,,,,,0.565,,,0.638,,,0.597,,,0.554,,,0.498,,,0.532,,,0.514,,,0.493,,,0.544,,,0.567,,,,,,,,,,,,,,,,,,,,,,,,,,,,,,,,,,,,,,,,,,,,,,,
"Mexico",0.39,,,0.386,,,0.377,,,0.369,,,0.377,,,0.392,,,0.399,,,0.398,,,0.4,,,0.397,,,0.391,,,0.395,,,0.377,,,0.397,,,0.407,,,0.414,,,0.412,,,0.395,,,0.405,,,0.396,,,0.407,,,0.405,,,0.425,,,0.42,,,0.437,,,0.439,,,0.434,,,0.455,,,0.423,,,0.44,,
"Micronesia (Federated States of)",0.525,"Estimated",,0.526,"Estimated",,0.544,"Estimated",,0.559,"Estimated",,0.574,"Estimated",,0.601,"Estimated",,0.637,"Estimated",,0.599,"Estimated",,0.546,"Estimated",,0.547,"Estimated",,0.567,"Estimated",,0.562,"Estimated",,0.631,"Estimated",,0.635,"Estimated",,0.688,"Estimated",,0.647,"Estimated",,0.668,"Estimated",,0.73,"Estimated",,0.664,"Estimated",,0.757,"Estimated",,0.758,"Estimated",,0.818,"Estimated",,0.809,"Estimated",,0.817,"Estimated",,0.815,"Estimated",,0.82,"Estimated",,0.789,"Estimated",,0.802,"Estimated",,0.814,"Estimated",,0.82,"Estimated",
"Mongolia",0.73,"Estimated",,0.786,"Estimated",,0.812,"Estimated",,0.797,"Estimated",,0.799,"Estimated",,0.828,"Estimated",,0.837,"Estimated",,0.838,"Estimated",,0.815,"Estimated",,0.821,"Estimated",,0.834,"Estimated",,0.844,"Estimated",,0.82,"Estimated",,0.834,,,0.836,,,0.84,,,0.84,,,0.834,,,0.799,"Estimated",,0.816,"Estimated",,0.832,"Estimated",,0.832,"Estimated",,0.837,"Estimated",,0.841,"Estimated",,0.849,"Estimated",,0.87,"Estimated",,0.857,"Estimated",,0.868,"Estimated",,0.846,,,0.845,,
"Montenegro",,,"Not applicable",,,"Not applicable",,,"Not applicable",,,"Not applicable",,,"Not applicable",,,"Not applicable",,,"Not applicable",,,"Not applicable",,,"Not applicable",,,"Not applicable",,,"Not applicable",,,"Not applicable",,,"Not applicable",0.702,,,0.701,,,0.668,,,0.752,,,0.704,,,0.699,,,0.712,,,0.692,,,0.728,,,0.679,,,0.684,,,0.664,,,0.678,,,0.658,,,0.645,,,0.653,,,0.65,,
"Montserrat",0.588,"Estimated",,0.582,"Estimated",,0.407,"Estimated",,0.436,"Estimated",,0.446,"Estimated",,0.474,"Estimated",,0.585,"Estimated",,0.512,"Estimated",,0.614,"Estimated",,0.556,"Estimated",,0.493,"Estimated",,0.494,"Estimated",,0.51,"Estimated",,0.61,"Estimated",,0.54,"Estimated",,0.571,"Estimated",,0.539,"Estimated",,0.487,"Estimated",,0.576,"Estimated",,0.571,"Estimated",,0.645,"Estimated",,0.621,"Estimated",,0.649,"Estimated",,0.569,"Estimated",,0.566,"Estimated",,0.581,"Estimated",,0.614,"Estimated",,0.521,"Estimated",,0.551,"Estimated",,0.545,"Estimated",
"Morocco",0.726,"Estimated",,0.712,"Estimated",,0.71,"Estimated",,0.726,"Estimated",,0.744,"Estimated",,0.726,"Estimated",,0.725,"Estimated",,0.722,"Estimated",,0.702,"Estimated",,0.691,"Estimated",,0.67,"Estimated",,0.665,"Estimated",,0.683,"Estimated",,0.731,"Estimated",,0.705,"Estimated",,0.697,"Estimated",,0.688,"Estimated",,0.654,"Estimated",,0.637,"Estimated",,0.611,"Estimated",,0.669,"Estimated",,0.653,"Estimated",,0.654,"Estimated",,0.689,"Estimated",,0.683,"Estimated",,0.65,"Estimated",,0.68,"Estimated",,0.69,"Estimated",,0.659,"Estimated",,0.657,,
"Mozambique",0.746,"Estimated",,0.765,"Estimated",,0.765,"Estimated",,0.794,"Estimated. More than 30% of total trade under ""931: Special transactions & commodities not classified""",,0.785,"Estimated",,0.786,"Estimated",,0.82,"Estimated",,0.832,"Estimated",,0.832,"Estimated",,0.853,"Estimated",,0.798,"Estimated",,0.791,"Estimated",,0.794,"Estimated",,0.817,"Estimated",,0.738,"Estimated",,0.828,"Estimated",,0.741,"Estimated",,0.76,"Estimated",,0.735,"Estimated",,0.76,"Estimated",,0.806,"Estimated",,0.809,"Estimated",,0.831,"Estimated",,0.812,"Estimated",,0.79,"Estimated",,0.825,"Estimated",,0.79,"Estimated",,0.796,"Estimated",,0.826,"Estimated",,0.811,"Estimated",
"Myanmar",0.813,"Estimated",,0.792,"Estimated",,0.79,"Estimated",,0.781,"Estimated",,0.791,"Estimated",,0.796,"Estimated",,0.829,"Estimated",,0.823,"Estimated",,0.808,"Estimated",,0.787,"Estimated",,0.798,"Estimated",,0.816,"Estimated",,0.818,"Estimated",,0.829,"Estimated",,0.819,"Estimated",,0.803,"Estimated",,0.811,"Estimated",,0.804,"Estimated",,0.791,"Estimated",,0.822,"Estimated",,0.807,"Estimated",,0.772,"Estimated",,0.762,"Estimated",,0.772,"Estimated",,0.784,"Estimated",,0.799,"Estimated",,0.762,"Estimated",,0.797,"Estimated",,0.779,"Estimated",,0.807,"Estimated",
"Namibia",0.781,"Estimated",,0.782,"Estimated",,0.783,"Estimated",,0.791,"Estimated",,0.781,"Estimated",,0.789,"Estimated",,0.822,"Estimated",,0.802,"Estimated",,0.762,"Estimated",,0.803,"Estimated",,0.823,"Estimated",,0.849,"Estimated",,0.838,"Estimated",,0.808,"Estimated",,0.746,"Estimated",,0.802,"Estimated",,0.801,"Estimated",,0.778,"Estimated",,0.778,"Estimated",,0.782,"Estimated",,0.796,"Estimated",,0.814,"Estimated",,0.809,"Estimated",,0.774,"Estimated",,0.827,"Estimated",,0.811,"Estimated",,0.81,"Estimated",,0.773,"Estimated",,0.775,"Estimated",,0.764,"Estimated",
"Nauru",0.706,,,0.694,,,0.664,,,0.707,,,0.736,,,0.736,,,0.702,,,0.702,,,0.706,,,0.696,,,0.574,,,0.552,,,0.658,,,0.771,,,0.724,,,0.723,,,0.732,,,0.759,,,0.711,,,0.641,,,0.711,,,0.667,,,0.669,,,0.613,,,0.702,,,0.775,,,0.777,,,0.769,,,0.773,,,0.774,,
"Nepal",0.728,"Estimated",,0.714,"Estimated",,0.729,"Estimated",,0.73,"Estimated",,0.731,"Estimated",,0.729,"Estimated",,0.735,"Estimated",,0.726,"Estimated",,0.708,"Estimated",,0.699,"Estimated",,0.685,"Estimated",,0.695,"Estimated",,0.696,"Estimated",,0.701,"Estimated",,0.73,"Estimated",,0.715,"Estimated",,0.699,"Estimated",,0.705,"Estimated",,0.704,"Estimated",,0.724,"Estimated",,0.748,"Estimated",,0.731,"Estimated",,0.752,"Estimated",,0.742,"Estimated",,0.719,"Estimated",,0.725,"Estimated",,0.776,"Estimated",,0.743,"Estimated",,0.741,"Estimated",,0.746,"Estimated",
"Netherlands (Kingdom of the)",0.341,"Estimated",,0.341,"Estimated",,0.313,"Estimated",,0.331,"Estimated",,0.334,"Estimated",,0.367,"Estimated",,0.361,"Estimated",,0.366,"Estimated",,0.349,"Estimated",,0.335,"Estimated",,0.338,"Estimated",,0.361,"Estimated",,0.338,"Estimated",,0.337,"Estimated",,0.333,"Estimated",,0.349,"Estimated",,0.343,"Estimated",,0.349,"Estimated",,0.353,"Estimated",,0.338,"Estimated",,0.332,"Estimated",,0.325,"Estimated",,0.314,"Estimated",,0.314,"Estimated",,0.315,"Estimated",,0.315,"Estimated",,0.313,"Estimated",,0.34,"Estimated",,0.326,"Estimated",,0.324,"Estimated",
"Netherlands Antilles",0.765,"Estimated",,0.805,"Estimated",,0.786,"Estimated",,0.801,"Estimated",,0.792,"Estimated",,0.752,"Estimated",,0.829,"Estimated",,0.771,"Estimated",,0.745,"Estimated",,0.779,"Estimated",,0.801,"Estimated",,0.772,"Estimated",,0.785,"Estimated",,0.802,"Estimated",,0.763,"Estimated",,0.795,"Estimated",,,,"Not applicable",,,"Not applicable",,,"Not applicable",,,"Not applicable",,,"Not applicable",,,"Not applicable",,,"Not applicable",,,"Not applicable",,,"Not applicable",,,"Not applicable",,,"Not applicable",,,"Not applicable",,,"Not applicable",,,"Not applicable"
"New Caledonia",0.805,"Estimated",,0.827,"Estimated",,0.867,"Estimated",,0.846,"Estimated",,0.859,"Estimated",,0.902,"Estimated",,0.913,"Estimated",,0.912,"Estimated",,0.876,"Estimated",,0.907,"Estimated",,0.877,"Estimated",,0.869,"Estimated",,0.943,"Estimated",,0.917,"Estimated",,0.782,"Estimated",,0.912,"Estimated",,0.91,"Estimated",,0.909,"Estimated",,0.905,"Estimated",,0.914,"Estimated",,0.918,"Estimated",,0.926,"Estimated",,0.928,"Estimated",,0.936,"Estimated",,0.943,"Estimated",,0.94,"Estimated",,0.935,"Estimated",,0.947,"Estimated",,0.954,"Estimated",,0.929,"Estimated",
"New Zealand",0.645,,,0.653,,,0.654,,,0.646,,,0.631,,,0.652,,,0.665,,,0.652,,,0.647,,,0.644,,,0.639,,,0.641,,,0.631,,,0.612,,,0.619,,,0.638,,,0.641,,,0.656,,,0.679,,,0.691,,,0.687,,,0.689,,,0.707,,,0.706,,,0.717,,,0.738,,,0.746,,,0.729,,,0.713,,,0.715,,
"Nicaragua",0.745,"Estimated",,0.75,"Estimated",,0.762,"Estimated",,0.77,"Estimated",,0.785,"Estimated",,0.786,"Estimated",,0.772,"Estimated",,0.802,"Estimated",,0.778,"Estimated",,0.811,"Estimated",,0.773,"Estimated",,0.763,"Estimated",,0.772,"Estimated",,0.802,"Estimated",,0.806,"Estimated",,0.828,"Estimated",,0.8,"Estimated",,0.802,"Estimated",,0.79,"Estimated",,0.813,"Estimated",,0.81,"Estimated",,0.796,"Estimated",,0.808,"Estimated",,0.766,"Estimated",,0.773,"Estimated",,0.798,"Estimated",,0.753,"Estimated",,0.754,"Estimated",,0.799,"Estimated",,0.8,,
"Niger",0.773,"Estimated",,0.734,"Estimated",,0.772,"Estimated",,0.757,"Estimated",,0.797,"Estimated",,0.85,"Estimated",,0.775,"Estimated",,0.754,"Estimated",,0.792,"Estimated",,0.773,"Estimated",,0.763,"Estimated",,0.74,"Estimated",,0.795,"Estimated",,0.749,"Estimated",,0.823,"Estimated",,0.799,"Estimated",,0.818,"Estimated",,0.782,"Estimated. More than 30% of total trade under ""931: Special transactions & commodities not classified""",,0.802,"Estimated",,0.81,"Estimated",,0.846,"Estimated",,0.835,"Estimated",,0.815,"Estimated",,0.805,"Estimated",,0.825,"Estimated",,0.838,"Estimated",,0.866,"Estimated",,0.825,"Estimated",,0.813,"Estimated",,0.818,,
"Nigeria",0.889,"Estimated",,0.886,"Estimated",,0.886,"Estimated",,0.893,"Estimated",,0.889,"Estimated",,0.885,"Estimated",,0.872,"Estimated",,0.866,"Estimated",,0.875,"Estimated",,0.846,"Estimated",,0.834,"Estimated",,0.822,"Estimated",,0.829,"Estimated",,0.813,"Estimated",,0.841,"Estimated",,0.795,"Estimated",,0.791,"Estimated",,0.794,"Estimated",,0.808,"Estimated",,0.794,"Estimated",,0.854,"Estimated",,0.868,"Estimated",,0.858,"Estimated",,0.849,"Estimated",,0.863,"Estimated",,0.873,"Estimated",,0.864,"Estimated",,0.83,"Estimated",,0.843,"Estimated",,0.826,"Estimated",
"Niue",0.455,,,0.486,,,0.488,,,0.555,,,0.489,,,0.569,,,0.555,,,0.582,,,0.576,,,0.487,,,0.522,,,0.517,,,0.51,,,0.527,,,0.62,,,0.701,,,0.557,,,0.527,,,0.491,,,0.487,,,0.546,,,0.536,,,0.727,,,0.738,,,0.807,,,0.739,,,0.647,,,0.536,,,0.608,,,0.617,,
"Norfolk Island",0.48,"Estimated",,0.496,"Estimated",,0.47,"Estimated",,0.484,"Estimated",,0.471,"Estimated",,0.471,"Estimated",,0.5,"Estimated",,0.598,"Estimated",,0.615,"Estimated",,0.536,"Estimated",,,,,,,,,,,,,,,,,,,,,,,,,,,,,,,,,,,,,,,,,,,,,,,,,,,,,,,,,,,,,
"North Macedonia",0.621,"Estimated",,0.631,"Estimated",,0.669,"Estimated",,0.656,"Estimated",,0.655,"Estimated",,0.654,"Estimated",,0.661,"Estimated",,0.662,"Estimated",,0.65,"Estimated",,0.67,"Estimated",,0.658,"Estimated",,0.654,"Estimated",,0.685,"Estimated",,0.638,"Estimated",,0.628,"Estimated",,0.65,"Estimated",,0.647,"Estimated",,0.654,"Estimated",,0.669,"Estimated",,0.702,"Estimated",,0.713,"Estimated",,0.671,"Estimated",,0.65,"Estimated",,0.662,"Estimated",,0.668,"Estimated",,0.668,"Estimated",,0.668,"Estimated",,0.638,"Estimated",,0.639,"Estimated",,0.618,"Estimated",
"Northern Mariana Islands",0.498,"More than 30% of total trade under ""931: Special transactions & commodities not classified""",,0.56,"More than 30% of total trade under ""931: Special transactions & commodities not classified""",,0.56,,,0.543,,,0.62,,,0.646,,,0.637,,,0.645,,,0.687,,,0.7,,,0.661,,,0.674,,,0.699,,,0.686,,,0.59,,,0.658,,,0.65,,,0.614,,,0.644,,,0.566,,,0.586,,,0.667,,,0.596,,,0.652,,,0.615,,,0.654,,,0.624,,,0.498,,,0.558,,,0.638,,
"Norway",0.642,,,0.652,,,0.65,,,0.629,,,0.647,,,0.661,,,0.659,,,0.647,,,0.65,,,0.647,,,0.644,,,0.639,,,0.625,,,0.611,,,0.62,,,0.623,,,0.613,,,0.614,,,0.619,,,0.62,,,0.637,,,0.644,,,0.656,,,0.658,,,0.638,,,0.65,,,0.709,,,0.74,,,0.693,,,0.686,,
"Oman",0.759,"Estimated",,0.73,"Estimated",,0.739,"Estimated",,0.708,"Estimated",,0.738,"Estimated",,0.783,"Estimated",,0.788,"Estimated",,0.764,"Estimated",,0.789,"Estimated",,0.781,"Estimated",,0.774,"Estimated",,0.781,"Estimated",,0.752,"Estimated",,0.729,"Estimated",,0.7,"Estimated",,0.717,"Estimated",,0.701,"Estimated",,0.694,"Estimated",,0.694,"Estimated",,0.707,"Estimated",,0.681,"Estimated",,0.727,"Estimated",,0.706,"Estimated",,0.677,"Estimated",,0.677,"Estimated",,0.667,"Estimated",,0.687,"Estimated",,0.683,"Estimated",,0.69,"Estimated",,0.684,,
"Pakistan",0.781,,,0.788,,,0.771,,,0.811,,,0.798,,,0.797,,,0.785,,,0.79,,,0.783,,,0.788,,,0.769,,,0.736,,,0.722,,,0.716,,,0.707,,,0.718,,,0.698,,,0.72,,,0.719,,,0.746,,,0.767,,,0.776,,,0.764,,,0.761,,,0.768,,,0.763,,,0.757,,,0.763,,,0.768,,,0.766,,
"Palau",0.64,"Estimated",,0.56,"Estimated",,0.614,"Estimated",,0.617,"Estimated",,0.577,"Estimated",,0.634,"Estimated",,0.572,"Estimated",,0.613,"Estimated",,0.648,"Estimated",,0.708,"Estimated",,0.782,"Estimated",,0.731,"Estimated",,0.68,"Estimated",,0.711,"Estimated",,0.758,"Estimated",,0.687,"Estimated",,0.695,"Estimated",,0.755,"Estimated",,0.723,"Estimated",,0.672,"Estimated",,0.715,"Estimated",,0.758,"Estimated",,0.684,"Estimated",,0.69,"Estimated",,0.725,"Estimated",,0.688,"Estimated",,0.67,"Estimated",,0.644,"Estimated",,0.652,"Estimated",,0.65,"Estimated",
"Panama",0.648,"Estimated",,0.645,"Estimated",,0.648,"Estimated",,0.617,"Estimated",,0.626,"Estimated",,0.619,"Estimated",,0.61,"Estimated",,0.59,"Estimated",,0.624,"Estimated",,0.588,"Estimated",,0.592,"Estimated",,0.613,"Estimated",,0.579,"Estimated",,0.607,"Estimated",,0.576,"Estimated",,0.545,"Estimated",,0.546,"Estimated",,0.544,"Estimated",,0.54,"Estimated",,0.603,"Estimated",,0.573,"Estimated",,0.601,"Estimated",,0.548,"Estimated",,0.54,"Estimated",,0.54,"Estimated",,0.544,"Estimated",,0.711,"Estimated",,0.714,"Estimated",,0.689,"Estimated",,0.548,"Estimated",
"Papua New Guinea",0.843,"Estimated",,0.86,"Estimated",,0.841,"Estimated",,0.85,"Estimated",,0.84,"Estimated",,0.833,"Estimated",,0.822,"Estimated",,0.849,"Estimated",,0.845,"Estimated",,0.827,"Estimated",,0.822,"Estimated",,0.835,"Estimated",,0.827,"Estimated",,0.816,"Estimated",,0.828,"Estimated",,0.818,"Estimated",,0.786,"Estimated",,0.774,"Estimated",,0.76,"Estimated",,0.793,"Estimated",,0.837,"Estimated",,0.835,"Estimated",,0.822,"Estimated",,0.816,"Estimated",,0.842,"Estimated",,0.847,"Estimated",,0.81,"Estimated",,0.823,"Estimated",,0.837,"Estimated",,0.828,"Estimated",
"Paraguay",0.806,"Estimated",,0.794,"Estimated",,0.813,"Estimated",,0.813,"Estimated",,0.817,"Estimated",,0.837,"Estimated",,0.869,"Estimated",,0.874,"Estimated",,0.885,"Estimated",,0.874,"Estimated",,0.838,"Estimated",,0.832,"Estimated",,0.827,"Estimated",,0.818,"Estimated",,0.822,"Estimated",,0.819,"Estimated",,0.813,"Estimated",,0.788,"Estimated",,0.81,"Estimated",,0.803,"Estimated",,0.844,"Estimated",,0.823,"Estimated",,0.817,"Estimated",,0.823,"Estimated",,0.82,"Estimated",,0.822,"Estimated",,0.809,"Estimated",,0.782,"Estimated",,0.813,"Estimated",,0.826,"Estimated",
"Peru",0.791,"Estimated",,0.76,"Estimated",,0.763,"Estimated",,0.763,"Estimated",,0.763,"Estimated",,0.74,"Estimated",,0.738,"Estimated",,0.762,"Estimated",,0.734,"Estimated",,0.78,"Estimated",,0.763,"Estimated",,0.75,"Estimated",,0.752,"Estimated",,0.732,"Estimated",,0.728,"Estimated",,0.749,"Estimated",,0.734,"Estimated",,0.719,"Estimated",,0.707,"Estimated",,0.707,"Estimated",,0.735,"Estimated",,0.754,"Estimated",,0.766,"Estimated",,0.77,"Estimated",,0.765,"Estimated",,0.78,"Estimated",,0.774,"Estimated",,0.757,"Estimated",,0.772,"Estimated",,0.778,"Estimated",
"Philippines",0.625,"More than 30% of total trade under ""931: Special transactions & commodities not classified""",,0.6,,,0.585,,,0.628,,,0.643,,,0.626,,,0.623,,,0.627,,,0.626,,,0.622,,,0.625,,,0.62,,,0.612,,,0.613,,,0.598,,,0.604,,,0.594,,,0.568,,,0.557,,,0.576,,,0.573,,,0.56,,,0.56,,,0.551,,,0.545,,,0.549,,,0.555,,,0.576,,,0.577,,,0.554,,
"Poland",0.489,,,0.468,,,0.453,,,0.42,,,0.406,,,0.456,,,0.454,,,0.456,,,0.46,,,0.449,,,0.452,,,0.441,,,0.43,,,0.427,,,0.429,,,0.412,,,0.418,,,0.401,,,0.393,,,0.386,,,0.372,,,0.373,,,0.379,,,0.397,,,0.407,,,0.407,,,0.42,,,0.404,,,0.401,,,0.403,,
"Portugal",0.482,,,0.508,,,0.483,,,0.492,,,0.463,,,0.452,,,0.459,,,0.458,,,0.415,,,0.441,,,0.383,,,0.417,,,0.375,,,0.37,,,0.412,,,0.453,,,0.407,,,0.394,,,0.399,,,0.394,,,0.424,,,0.404,,,0.396,,,0.407,,,0.428,,,0.412,,,0.414,,,0.403,,,0.396,,,0.397,,
"Qatar",0.828,"Estimated",,0.816,"Estimated",,0.826,"Estimated",,0.844,"Estimated",,0.846,"Estimated",,0.842,"Estimated",,0.843,"Estimated",,0.847,"Estimated",,0.841,"Estimated",,0.833,"Estimated",,0.784,"Estimated",,0.792,"Estimated",,0.804,"Estimated",,0.791,"Estimated",,0.77,"Estimated",,0.772,"Estimated",,0.754,"Estimated",,0.762,"Estimated",,0.767,"Estimated",,0.774,"Estimated",,0.814,"Estimated",,0.817,"Estimated",,0.805,"Estimated",,0.782,"Estimated",,0.799,"Estimated",,0.811,"Estimated",,0.809,"Estimated",,0.758,"Estimated",,0.79,"Estimated",,0.803,"Estimated",
"Republic of Korea",0.41,,,0.405,,,0.406,,,0.404,,,0.38,,,0.393,,,0.389,,,0.428,,,0.429,,,0.408,,,0.445,,,0.405,,,0.451,,,0.464,,,0.434,,,0.449,,,0.454,,,0.46,,,0.461,,,0.441,,,0.436,,,0.425,,,0.428,,,0.431,,,0.433,,,0.442,,,0.448,,,0.45,,,0.424,,,0.429,,
"Republic of Moldova",0.726,,,0.702,,,0.602,,,0.726,,,0.718,,,0.728,,,0.719,,,0.722,,,0.723,,,0.736,,,0.691,,,0.68,,,0.633,,,0.651,,,0.674,,,0.658,,,0.613,,,0.62,,,0.641,,,0.662,,,0.67,,,0.694,,,0.695,,,0.719,,,0.716,,,0.697,,,0.692,,,0.67,,,0.667,,,0.67,,
"Reunion",0.68,,,,,,,,,,,,,,,,,,,,,,,,,,,,,,,,,,,,,,,,,,,,,,,,,,,,,,,,,,,,,,,,,,,,,,,,,,,,,,,,,,,,,,,,,
"Romania",0.582,,,0.605,,,0.576,,,0.586,,,0.582,,,0.551,,,0.542,,,0.576,,,0.548,,,0.562,,,0.507,,,0.478,,,0.444,,,0.4,,,0.436,,,0.421,,,0.424,,,0.415,,,0.428,,,0.415,,,0.422,,,0.424,,,0.436,,,0.458,,,0.453,,,0.455,,,0.468,,,0.445,,,0.436,,,0.453,,
"Russian Federation",0.674,"Estimated",,0.671,,,0.673,,,0.676,,,0.682,,,0.653,,,0.654,,,0.665,,,0.671,,,0.661,,,0.654,,,0.641,,,0.638,,,0.623,,,0.645,,,0.657,,,0.639,,,0.612,,,0.61,,,0.623,,,0.644,,,0.641,,,0.628,,,0.633,,,0.62,,,0.622,,,0.601,,,0.585,,,0.574,,,0.611,"Estimated",
"Rwanda",0.729,"Estimated",,0.733,"Estimated",,0.747,"Estimated",,0.797,"Estimated",,0.775,"Estimated",,0.694,"Estimated",,0.769,"Estimated",,0.738,"Estimated",,0.758,"Estimated",,0.8,"Estimated",,0.751,"Estimated",,0.784,"Estimated",,0.743,"Estimated",,0.847,"Estimated",,0.788,"Estimated",,0.833,"Estimated",,0.83,"Estimated",,0.819,"Estimated",,0.793,"Estimated",,0.746,"Estimated",,0.766,"Estimated",,0.797,"Estimated",,0.811,"Estimated",,0.765,"Estimated",,0.797,"Estimated",,0.805,"Estimated",,0.769,"Estimated",,0.73,"Estimated",,0.766,"Estimated",,0.764,"Estimated",
"Saint Helena",0.556,,,0.554,,,0.571,,,0.538,,,0.565,,,0.561,,,0.615,,,0.636,,,0.626,,,0.556,,,0.553,,,0.533,,,0.573,,,0.675,,,0.624,,,0.624,,,0.604,,,0.582,,,0.628,,,0.652,,,0.705,,,0.682,,,0.674,,,0.667,,,0.676,,,0.613,,,0.757,,,0.697,,,0.705,,,0.653,,
"Saint Kitts and Nevis",0.683,"Estimated",,0.694,"Estimated",,0.678,"Estimated",,0.661,"Estimated",,0.725,"Estimated",,0.701,"Estimated",,0.692,"Estimated",,0.722,"Estimated",,0.716,"Estimated",,0.677,"Estimated",,0.691,"Estimated",,0.694,"Estimated",,0.673,"Estimated",,0.662,"Estimated",,0.646,"Estimated",,0.689,"Estimated",,0.672,"Estimated",,0.697,"Estimated",,0.675,"Estimated",,0.661,"Estimated",,0.721,"Estimated",,0.707,"Estimated",,0.686,"Estimated",,0.719,"Estimated",,0.722,"Estimated",,0.705,"Estimated",,0.702,"Estimated",,0.684,"Estimated",,0.771,"Estimated",,0.686,"Estimated",
"Saint Lucia",0.683,"Estimated",,0.706,"Estimated",,0.678,"Estimated",,0.674,"Estimated",,0.673,"Estimated",,0.692,"Estimated",,0.674,"Estimated",,0.62,"Estimated",,0.629,"Estimated",,0.657,"Estimated",,0.672,"Estimated",,0.726,"Estimated",,0.692,"Estimated",,0.615,"Estimated",,0.671,"Estimated",,0.668,"Estimated",,0.577,"Estimated",,0.612,"Estimated",,0.629,"Estimated",,0.712,"Estimated",,0.691,"Estimated",,0.684,"Estimated",,0.597,"Estimated",,0.602,"Estimated",,0.641,"Estimated",,0.637,"Estimated",,0.634,,,0.633,,,0.638,,,0.638,,
"Saint Pierre and Miquelon",0.605,,,0.593,,,0.621,,,0.645,,,0.615,,,0.628,,,0.655,"More than 30% of total trade under ""931: Special transactions & commodities not classified""",,0.649,,,0.625,,,0.646,,,0.63,,,0.693,,,0.634,,,0.62,,,0.641,,,0.604,,,0.6,,,0.588,,,0.543,,,0.526,,,0.554,,,0.587,,,0.566,,,0.634,,,0.626,,,0.602,,,0.649,,,0.704,,,0.696,,,0.685,"More than 30% of total trade under ""931: Special transactions & commodities not classified""",
"Saint Vincent and the Grenadines",0.714,"Estimated",,0.733,"Estimated",,0.73,"Estimated",,0.737,"Estimated",,0.773,"Estimated",,0.817,"Estimated",,0.794,"Estimated",,0.821,"Estimated",,0.793,"Estimated",,0.841,"Estimated",,0.833,"Estimated",,0.82,"Estimated",,0.774,"Estimated",,0.787,"Estimated",,0.848,"Estimated",,0.788,"Estimated",,0.738,"Estimated",,0.742,"Estimated",,0.749,"Estimated",,0.804,"Estimated",,0.825,"Estimated",,0.854,"Estimated",,0.83,"Estimated",,0.806,"Estimated",,0.808,"Estimated",,0.834,"Estimated",,0.838,"Estimated",,0.755,"Estimated",,0.712,"Estimated",,0.748,,
"Samoa",0.604,"Estimated",,0.614,"Estimated",,0.615,"Estimated",,0.693,"Estimated",,0.756,"Estimated",,0.757,"Estimated",,0.752,"Estimated",,0.772,"Estimated. More than 30% of total trade under ""931: Special transactions & commodities not classified""",,0.768,"Estimated. More than 30% of total trade under ""931: Special transactions & commodities not classified""",,0.791,"Estimated. More than 30% of total trade under ""931: Special transactions & commodities not classified""",,0.739,"Estimated. More than 30% of total trade under ""931: Special transactions & commodities not classified""",,0.753,"Estimated",,0.807,"Estimated",,0.716,"Estimated",,0.636,"Estimated",,0.662,"Estimated",,0.68,"Estimated",,0.713,"Estimated",,0.715,"Estimated",,0.661,"Estimated. More than 30% of total trade under ""931: Special transactions & commodities not classified""",,0.693,"Estimated",,0.704,"Estimated",,0.637,"Estimated",,0.634,"Estimated",,0.652,"Estimated",,0.646,"Estimated",,0.54,"Estimated",,0.562,"Estimated",,0.592,"Estimated",,0.576,"Estimated",
"Sao Tome and Principe",0.554,"Estimated",,0.617,"Estimated",,0.636,"Estimated",,0.579,"Estimated",,0.649,"Estimated",,0.691,"Estimated",,0.606,"Estimated",,0.665,"Estimated",,0.658,"Estimated",,0.575,"Estimated",,0.666,"Estimated",,0.648,"Estimated",,0.572,"Estimated",,0.611,"Estimated",,0.683,"Estimated",,0.608,"Estimated",,0.683,"Estimated",,0.622,"Estimated",,0.596,"Estimated",,0.641,"Estimated",,0.625,"Estimated",,0.74,"Estimated",,0.672,"Estimated",,0.836,"Estimated",,0.669,"Estimated",,0.726,"Estimated",,0.739,"Estimated",,0.707,"Estimated",,0.722,"Estimated",,0.754,"Estimated",
"Saudi Arabia",0.832,"Estimated",,0.816,"Estimated",,0.792,"Estimated",,0.804,"Estimated",,0.823,"Estimated",,0.801,"Estimated",,0.796,"Estimated",,0.785,"Estimated",,0.782,"Estimated",,0.782,"Estimated",,0.766,"Estimated",,0.763,"Estimated",,0.756,"Estimated",,0.738,"Estimated",,0.756,"Estimated",,0.754,"Estimated",,0.751,"Estimated",,0.742,"Estimated",,0.761,"Estimated",,0.753,"Estimated",,0.772,"Estimated",,0.778,"Estimated",,0.763,"Estimated",,0.763,"Estimated",,0.768,"Estimated",,0.764,"Estimated",,0.756,"Estimated",,0.75,"Estimated",,0.75,"Estimated",,0.728,"Estimated",
"Senegal",0.817,"Estimated",,0.796,"Estimated",,0.797,"Estimated",,0.793,"Estimated",,0.769,"Estimated",,0.729,"Estimated",,0.747,"Estimated",,0.773,"Estimated",,0.749,"Estimated",,0.749,"Estimated",,0.696,"Estimated",,0.718,"Estimated",,0.718,"Estimated",,0.752,"Estimated",,0.708,"Estimated",,0.758,"Estimated",,0.752,"Estimated",,0.724,"Estimated",,0.725,"Estimated",,0.734,"Estimated",,0.729,"Estimated",,0.754,"Estimated",,0.763,"Estimated",,0.772,"Estimated",,0.784,"Estimated",,0.77,"Estimated",,0.774,"Estimated",,0.763,"Estimated",,0.768,"Estimated",,0.711,"Estimated",
"Serbia",,,"Not applicable",,,"Not applicable",,,"Not applicable",,,"Not applicable",,,"Not applicable",,,"Not applicable",,,"Not applicable",,,"Not applicable",,,"Not applicable",,,"Not applicable",,,"Not applicable",,,"Not applicable",,,"Not applicable",0.547,,,0.524,,,0.541,,,0.538,,,0.516,,,0.534,,,0.519,,,0.498,,,0.5,,,0.494,,,0.496,,,0.5,,,0.496,,,0.502,,,0.498,,,0.52,,,0.511,,
"Serbia and Montenegro",0.528,"Estimated",,0.517,"Estimated",,0.575,"Estimated",,0.577,"Estimated",,0.529,"Estimated",,0.574,"Estimated",,0.533,"Estimated",,0.533,"Estimated",,0.5,"Estimated",,0.555,"Estimated",,0.572,"Estimated",,0.604,"Estimated",,0.59,"Estimated",,,,"Not applicable",,,"Not applicable",,,"Not applicable",,,"Not applicable",,,"Not applicable",,,"Not applicable",,,"Not applicable",,,"Not applicable",,,"Not applicable",,,"Not applicable",,,"Not applicable",,,"Not applicable",,,"Not applicable",,,"Not applicable",,,"Not applicable",,,"Not applicable",,,"Not applicable"
"Seychelles",0.72,"Estimated",,0.712,"Estimated",,0.787,"Estimated",,0.758,"Estimated",,0.791,"Estimated",,0.822,"Estimated",,0.81,"Estimated",,0.84,"Estimated",,0.838,"Estimated",,0.809,"Estimated",,0.834,"Estimated",,0.869,"Estimated",,0.82,"Estimated",,0.766,"Estimated",,0.763,"Estimated",,0.749,"Estimated",,0.767,"Estimated",,0.759,"Estimated",,0.792,"Estimated",,0.796,"Estimated",,0.789,"Estimated",,0.821,"Estimated",,0.874,"Estimated",,0.793,"Estimated",,0.792,"Estimated",,0.824,"Estimated",,0.806,"Estimated",,0.771,"Estimated",,0.793,"Estimated",,0.787,,
"Sierra Leone",0.703,"Estimated",,0.702,"Estimated",,0.817,"Estimated",,0.771,"Estimated",,0.634,"Estimated",,0.636,"Estimated",,0.644,"Estimated",,0.632,"Estimated",,0.734,"Estimated",,0.759,"Estimated",,0.704,"Estimated",,0.683,"Estimated",,0.662,"Estimated",,0.61,"Estimated",,0.673,"Estimated",,0.718,"Estimated",,0.708,"Estimated",,0.73,"Estimated",,0.82,"Estimated",,0.85,"Estimated",,0.796,"Estimated",,0.799,"Estimated",,0.791,"Estimated",,0.751,"Estimated",,0.778,"Estimated",,0.789,"Estimated",,0.806,"Estimated",,0.798,"Estimated",,0.838,"Estimated",,0.819,"Estimated",
"Singapore",0.5,"Estimated",,0.518,"Estimated",,0.51,"Estimated",,0.511,"Estimated",,0.504,"Estimated",,0.485,"Estimated",,0.486,"Estimated",,0.497,"Estimated",,0.528,"Estimated",,0.506,"Estimated",,0.502,"Estimated",,0.503,"Estimated",,0.493,"Estimated",,0.493,"Estimated",,0.474,"Estimated",,0.487,"Estimated",,0.499,"Estimated",,0.489,"Estimated",,0.486,"Estimated",,0.487,"Estimated",,0.471,"Estimated",,0.463,"Estimated",,0.473,"Estimated",,0.468,"Estimated",,0.46,"Estimated",,0.464,"Estimated",,0.474,"Estimated",,0.488,"Estimated",,0.487,"Estimated",,0.476,,
"Sint Maarten (Dutch part)",,,"Not applicable",,,"Not applicable",,,"Not applicable",,,"Not applicable",,,"Not applicable",,,"Not applicable",,,"Not applicable",,,"Not applicable",,,"Not applicable",,,"Not applicable",,,"Not applicable",,,"Not applicable",,,"Not applicable",,,"Not applicable",,,"Not applicable",,,"Not applicable",0.722,"More than 30% of total trade under ""931: Special transactions & commodities not classified""",,0.618,"More than 30% of total trade under ""931: Special transactions & commodities not classified""",,0.745,"More than 30% of total trade under ""931: Special transactions & commodities not classified""",,0.787,"More than 30% of total trade under ""931: Special transactions & commodities not classified""",,0.752,"More than 30% of total trade under ""931: Special transactions & commodities not classified""",,0.834,"More than 30% of total trade under ""931: Special transactions & commodities not classified""",,0.84,"More than 30% of total trade under ""931: Special transactions & commodities not classified""",,0.779,"More than 30% of total trade under ""931: Special transactions & commodities not classified""",,0.789,"More than 30% of total trade under ""931: Special transactions & commodities not classified""",,0.755,"More than 30% of total trade under ""931: Special transactions & commodities not classified""",,0.73,"More than 30% of total trade under ""931: Special transactions & commodities not classified""",,0.763,"More than 30% of total trade under ""931: Special transactions & commodities not classified""",,0.779,"More than 30% of total trade under ""931: Special transactions & commodities not classified""",,0.775,"More than 30% of total trade under ""931: Special transactions & commodities not classified""",
"Slovakia",0.455,,,0.441,,,0.441,,,0.452,,,0.445,,,0.473,,,0.458,,,0.458,,,0.479,,,0.474,,,0.397,,,0.4,,,0.46,,,0.405,,,0.467,,,0.455,,,0.457,,,0.462,,,0.457,,,0.456,,,0.452,,,0.466,,,0.472,,,0.487,,,0.49,,,0.495,,,0.488,,,0.48,,,0.491,,,0.5,,
"Slovenia",0.451,"Estimated",,0.428,"Estimated",,0.46,"Estimated",,0.445,"Estimated",,0.463,"Estimated",,0.448,"Estimated",,0.467,"Estimated",,0.461,"Estimated",,0.46,"Estimated",,0.459,"Estimated",,0.475,"Estimated",,0.481,"Estimated",,0.47,"Estimated",,0.471,"Estimated",,0.435,"Estimated",,0.478,"Estimated",,0.471,"Estimated",,0.475,"Estimated",,0.458,"Estimated",,0.453,"Estimated",,0.439,"Estimated",,0.434,"Estimated",,0.443,"Estimated",,0.441,"Estimated",,0.435,"Estimated",,0.433,"Estimated",,0.437,"Estimated",,0.459,"Estimated",,0.467,"Estimated",,0.507,"Estimated",
"Solomon Islands",0.701,"Estimated",,0.725,"Estimated",,0.746,"Estimated",,0.777,"Estimated",,0.787,"Estimated",,0.816,"Estimated",,0.785,"Estimated",,0.808,"Estimated",,0.782,"Estimated",,0.796,"Estimated",,0.829,"Estimated",,0.804,"Estimated",,0.82,"Estimated",,0.816,"Estimated",,0.817,"Estimated",,0.834,"Estimated",,0.818,"Estimated",,0.809,"Estimated",,0.872,"Estimated",,0.825,"Estimated",,0.848,"Estimated",,0.894,"Estimated",,0.858,"Estimated",,0.864,"Estimated",,0.914,"Estimated",,0.909,"Estimated",,0.876,"Estimated",,0.869,"Estimated",,0.88,"Estimated",,0.88,"Estimated",
"Somalia",0.787,,,0.75,,,0.736,,,0.726,,,0.758,,,0.801,,,0.785,,,0.786,,,0.829,,,0.796,,,0.771,,,0.86,,,0.702,,,0.793,,,0.798,,,0.833,,,0.793,,,0.786,,,0.79,,,0.815,,,0.804,,,0.821,,,0.812,,,0.798,,,0.83,,,0.826,,,0.825,,,0.818,,,0.836,,,0.774,,
"South Africa",0.508,"Estimated",,0.512,"Estimated",,0.517,"Estimated",,0.526,"Estimated",,0.523,"Estimated",,0.539,,,0.566,,,0.523,,,0.554,,,0.567,,,0.569,,,0.57,,,0.557,,,0.59,,,0.586,,,0.541,,,0.564,,,0.535,,,0.537,,,0.529,,,0.509,,,0.52,,,0.519,,,0.545,,,0.542,,,0.566,,,0.589,,,0.581,,,0.555,,,0.553,,
"South Sudan",,,"Not applicable",,,"Not applicable",,,"Not applicable",,,"Not applicable",,,"Not applicable",,,"Not applicable",,,"Not applicable",,,"Not applicable",,,"Not applicable",,,"Not applicable",,,"Not applicable",,,"Not applicable",,,"Not applicable",,,"Not applicable",,,"Not applicable",,,"Not applicable",,,"Not applicable",0.523,,,0.622,,,0.75,,,0.756,,,0.815,,,0.808,,,0.761,,,0.803,,,0.802,,,0.779,,,0.732,,,0.786,"Estimated",,0.794,"Estimated",
"Spain",0.36,,,0.353,,,0.35,,,0.339,,,0.334,,,0.327,,,0.314,,,0.338,,,0.344,,,0.347,,,0.353,,,0.354,,,0.346,,,0.355,,,0.352,,,0.347,,,0.346,,,0.353,,,0.352,,,0.344,,,0.337,,,0.339,,,0.338,,,0.341,,,0.342,,,0.358,,,0.355,,,0.354,,,0.331,,,0.34,,
"Sri Lanka",0.744,"Estimated",,0.739,"Estimated",,0.738,"Estimated",,0.748,"Estimated",,0.753,"Estimated",,0.742,"Estimated",,0.745,"Estimated",,0.748,"Estimated",,0.737,"Estimated",,0.734,"Estimated",,0.756,"Estimated",,0.72,"Estimated",,0.751,"Estimated",,0.781,"Estimated",,0.769,"Estimated",,0.763,"Estimated",,0.752,"Estimated",,0.77,"Estimated",,0.762,"Estimated",,0.738,"Estimated",,0.738,"Estimated",,0.737,"Estimated",,0.721,"Estimated",,0.725,"Estimated",,0.725,"Estimated",,0.727,"Estimated",,0.72,"Estimated",,0.728,"Estimated",,0.717,"Estimated",,0.727,"Estimated",
"State of Palestine",,,,,,,,,,0.497,"Estimated",,0.497,"Estimated",,0.609,"Estimated",,0.616,"Estimated",,0.602,"Estimated",,0.575,"Estimated",,0.627,"Estimated",,0.578,"Estimated",,0.621,"Estimated",,0.636,"Estimated",,0.624,"Estimated",,0.617,"Estimated",,0.626,"Estimated",,0.642,"Estimated",,0.654,"Estimated",,0.659,"Estimated",,0.666,"Estimated",,0.678,"Estimated",,0.655,"Estimated",,0.654,"Estimated",,0.659,"Estimated",,0.667,"Estimated",,0.632,"Estimated",,0.653,"Estimated",,0.672,"Estimated",,0.665,"Estimated",,0.677,"Estimated",
"Sudan",,,"Not applicable",,,"Not applicable",,,"Not applicable",,,"Not applicable",,,"Not applicable",,,"Not applicable",,,"Not applicable",,,"Not applicable",,,"Not applicable",,,"Not applicable",,,"Not applicable",,,"Not applicable",,,"Not applicable",,,"Not applicable",,,"Not applicable",,,"Not applicable",,,"Not applicable",0.779,"Estimated",,0.819,"Estimated",,0.803,"Estimated",,0.843,"Estimated",,0.802,"Estimated",,0.824,"Estimated",,0.831,"Estimated",,0.826,,,0.846,,,0.845,,,0.83,,,0.819,,,0.819,,
"Sudan (...2011)",0.783,"Estimated",,0.797,"Estimated",,0.822,"Estimated",,0.796,"Estimated",,0.806,"Estimated",,0.824,"Estimated",,0.844,"Estimated",,0.827,"Estimated",,0.829,"Estimated",,0.831,"Estimated",,0.815,"Estimated",,0.805,"Estimated",,0.831,"Estimated",,0.82,"Estimated",,0.839,"Estimated",,0.858,"Estimated",,0.824,"Estimated",,,,"Not applicable",,,"Not applicable",,,"Not applicable",,,"Not applicable",,,"Not applicable",,,"Not applicable",,,"Not applicable",,,"Not applicable",,,"Not applicable",,,"Not applicable",,,"Not applicable",,,"Not applicable",,,"Not applicable"
"Suriname",0.821,"Estimated",,0.799,"Estimated",,0.781,"Estimated",,0.812,"Estimated",,0.81,"Estimated",,0.774,"Estimated",,0.794,"Estimated",,0.797,"Estimated",,0.793,"Estimated",,0.814,"Estimated",,0.788,"Estimated",,0.809,"Estimated",,0.767,"Estimated",,0.766,"Estimated",,0.773,"Estimated. More than 30% of total trade under ""931: Special transactions & commodities not classified""",,0.781,"Estimated. More than 30% of total trade under ""931: Special transactions & commodities not classified""",,0.766,"Estimated. More than 30% of total trade under ""931: Special transactions & commodities not classified""",,0.786,"Estimated. More than 30% of total trade under ""931: Special transactions & commodities not classified""",,0.766,"Estimated. More than 30% of total trade under ""931: Special transactions & commodities not classified""",,0.803,"Estimated. More than 30% of total trade under ""931: Special transactions & commodities not classified""",,0.809,"Estimated",,0.828,"Estimated",,0.817,"Estimated",,0.854,"Estimated",,0.881,"Estimated",,0.866,"Estimated",,0.827,"Estimated",,0.838,"Estimated",,0.807,"Estimated",,0.791,"Estimated",
"Sweden",0.432,,,0.429,,,0.425,,,0.405,,,0.427,,,0.401,,,0.375,,,0.373,,,0.377,,,0.37,,,0.371,,,0.369,,,0.359,,,0.352,,,0.347,,,0.359,,,0.367,,,0.37,,,0.37,,,0.364,,,0.348,,,0.343,,,0.352,,,0.361,,,0.354,,,0.347,,,0.353,,,0.369,,,0.348,,,0.345,,
"Switzerland",0.517,,,0.523,,,0.515,,,0.516,,,0.506,,,0.531,,,0.528,,,0.529,,,0.528,,,0.54,,,0.551,,,0.566,,,0.566,,,0.587,,,0.577,,,0.585,,,0.594,,,0.654,,,0.671,,,0.645,,,0.641,,,0.645,,,0.638,,,0.636,,,0.64,,,0.644,,,0.66,,,0.674,,,0.671,,,0.679,,
"Syrian Arab Republic",0.79,"Estimated",,0.8,"Estimated",,0.796,"Estimated",,0.776,"Estimated",,0.776,"Estimated",,0.781,"Estimated",,0.791,"Estimated",,0.774,"Estimated",,0.758,"Estimated",,0.725,"Estimated",,0.714,"Estimated",,0.696,"Estimated",,0.668,"Estimated",,0.628,"Estimated",,0.631,"Estimated",,0.637,"Estimated",,0.62,"Estimated",,0.656,"Estimated",,0.709,"Estimated",,0.629,"Estimated",,0.644,"Estimated",,0.647,"Estimated",,0.63,"Estimated",,0.65,"Estimated",,0.617,"Estimated",,0.645,"Estimated",,0.668,"Estimated",,0.67,"Estimated",,0.676,"Estimated",,0.682,"Estimated",
"Tajikistan",0.77,"Estimated",,0.782,"Estimated",,0.796,"Estimated",,0.832,"Estimated",,0.827,"Estimated",,0.846,"Estimated",,0.826,"Estimated",,0.844,"Estimated",,0.789,"Estimated",,0.801,"Estimated",,0.837,"Estimated",,0.871,"Estimated",,0.855,"Estimated",,0.855,"Estimated",,0.82,"Estimated",,0.794,"Estimated",,0.786,"Estimated",,0.853,"Estimated",,0.824,"Estimated",,0.82,"Estimated",,0.807,"Estimated",,0.782,"Estimated",,0.798,"Estimated",,0.796,"Estimated",,0.813,"Estimated",,0.835,"Estimated",,0.837,"Estimated",,0.821,"Estimated",,0.797,"Estimated",,0.798,"Estimated",
"Thailand",0.481,,,0.468,,,0.429,,,0.436,,,0.42,,,0.404,,,0.4,,,0.393,,,0.388,,,0.39,,,0.393,,,0.396,,,0.394,,,0.409,,,0.388,,,0.386,,,0.396,,,0.393,,,0.389,,,0.386,,,0.368,,,0.358,,,0.366,,,0.354,,,0.363,,,0.358,,,0.362,,,0.385,,,0.376,,,0.359,,
"Timor-Leste",,,"Not applicable",,,"Not applicable",,,"Not applicable",,,"Not applicable",,,"Not applicable",,,"Not applicable",,,"Not applicable",,,"Not applicable",0.589,"Estimated",,0.693,"Estimated",,0.662,"Estimated",,0.72,"Estimated",,0.706,"Estimated",,0.837,"Estimated",,0.829,"Estimated",,0.689,"Estimated",,0.726,"Estimated",,0.816,"Estimated",,0.779,"Estimated",,0.8,"Estimated",,0.858,"Estimated",,0.71,"Estimated",,0.76,"Estimated",,0.736,"Estimated",,0.789,"Estimated",,0.824,"Estimated",,0.822,"Estimated",,0.829,"Estimated",,0.797,"Estimated",,0.808,"Estimated",
"Togo",0.737,"Estimated",,0.762,"Estimated",,0.766,"Estimated",,0.786,"Estimated",,0.75,"Estimated",,0.747,"Estimated",,0.749,"Estimated",,0.728,"Estimated",,0.72,"Estimated",,0.729,"Estimated",,0.705,"Estimated",,0.697,,,0.722,"Estimated",,0.704,"Estimated",,0.696,"Estimated",,0.721,"Estimated",,0.741,"Estimated",,0.724,"Estimated",,0.738,"Estimated",,0.753,"Estimated",,0.721,"Estimated",,0.719,"Estimated",,0.748,"Estimated",,0.742,"Estimated",,0.72,"Estimated",,0.752,"Estimated",,0.771,"Estimated",,0.759,"Estimated",,0.79,"Estimated",,0.749,"Estimated",
"Tokelau",0.513,"Estimated",,0.469,"Estimated",,0.482,"Estimated",,0.56,"Estimated",,0.546,"Estimated",,0.523,"Estimated",,0.542,"Estimated",,0.604,"Estimated",,0.582,"Estimated",,0.582,"Estimated",,0.581,"Estimated",,0.512,"Estimated",,0.48,"Estimated",,0.547,"Estimated",,0.57,"Estimated. More than 30% of total trade under ""931: Special transactions & commodities not classified""",,0.536,"Estimated",,0.593,"Estimated",,0.529,"Estimated",,0.575,"Estimated",,0.547,"Estimated",,0.598,"Estimated",,0.572,"Estimated",,0.687,"Estimated",,0.614,"Estimated",,0.54,"Estimated",,0.722,"Estimated",,0.605,"Estimated",,0.803,"Estimated",,0.74,"Estimated",,0.588,"Estimated",
"Tonga",0.59,"Estimated",,0.6,"Estimated",,0.6,"Estimated",,0.624,"Estimated",,0.622,"Estimated",,0.67,"Estimated",,0.716,"Estimated",,0.65,"Estimated",,0.649,"Estimated",,0.68,"Estimated",,0.663,"Estimated",,0.645,"Estimated",,0.649,"Estimated",,0.719,"Estimated",,0.68,"Estimated",,0.67,"Estimated",,0.706,"Estimated",,0.737,"Estimated",,0.74,"Estimated",,0.725,"Estimated",,0.767,"Estimated",,0.775,"Estimated",,0.772,"Estimated",,0.717,"Estimated",,0.762,"Estimated",,0.762,"Estimated",,0.775,"Estimated",,0.735,"Estimated",,0.641,"Estimated",,0.675,"Estimated",
"Trinidad and Tobago",0.773,"Estimated",,0.743,"Estimated",,0.748,"Estimated",,0.774,"Estimated",,0.759,"Estimated",,0.781,"Estimated",,0.764,"Estimated",,0.771,"Estimated",,0.789,"Estimated",,0.787,"Estimated",,0.769,"Estimated",,0.775,"Estimated",,0.76,"Estimated",,0.737,"Estimated",,0.774,"Estimated",,0.758,"Estimated",,0.74,"Estimated",,0.729,"Estimated",,0.753,"Estimated",,0.75,"Estimated",,0.768,"Estimated",,0.759,"Estimated",,0.752,"Estimated",,0.746,"Estimated",,0.758,"Estimated",,0.776,"Estimated",,0.772,"Estimated",,0.751,"Estimated",,0.744,"Estimated",,0.754,"Estimated",
"Tunisia",0.675,,,0.656,,,0.673,,,0.677,,,0.683,,,0.669,,,0.647,,,0.627,,,0.631,,,0.638,,,0.602,,,0.555,,,0.555,,,0.553,,,0.549,,,0.547,,,0.542,,,0.488,,,0.502,,,0.503,,,0.519,,,0.519,,,0.524,,,0.535,,,0.525,,,0.522,,,0.513,,,0.512,,,0.523,,,0.51,,
"Turkiye",0.632,,,0.625,,,0.623,,,0.608,,,0.576,,,0.58,,,0.553,,,0.554,,,0.542,,,0.509,,,0.528,,,0.474,,,0.465,,,0.465,,,0.512,,,0.461,,,0.481,,,0.436,,,0.443,,,0.407,,,0.42,,,0.432,,,0.426,,,0.424,,,0.409,,,0.424,,,0.421,,,0.398,,,0.374,,,0.384,,
"Turkmenistan",0.788,"Estimated",,0.79,"Estimated",,0.804,"Estimated",,0.759,"Estimated",,0.796,"Estimated",,0.77,"Estimated",,0.801,"Estimated",,0.8,"Estimated",,0.759,"Estimated",,0.803,"Estimated",,0.791,"Estimated",,0.803,"Estimated",,0.838,"Estimated",,0.79,"Estimated",,0.748,"Estimated",,0.742,"Estimated",,0.785,"Estimated",,0.797,"Estimated",,0.796,"Estimated",,0.793,"Estimated",,0.845,"Estimated",,0.795,"Estimated",,0.808,"Estimated",,0.82,"Estimated",,0.811,"Estimated",,0.8,"Estimated",,0.798,"Estimated",,0.767,"Estimated",,0.802,"Estimated",,0.804,"Estimated",
"Turks and Caicos Islands",0.577,"Estimated",,0.611,"Estimated",,0.457,"Estimated. More than 30% of total trade under ""931: Special transactions & commodities not classified""",,0.455,"Estimated. More than 30% of total trade under ""931: Special transactions & commodities not classified""",,0.652,"Estimated. More than 30% of total trade under ""931: Special transactions & commodities not classified""",,0.694,"Estimated",,0.688,"Estimated. More than 30% of total trade under ""931: Special transactions & commodities not classified""",,0.657,"Estimated",,0.646,"Estimated",,0.688,"Estimated",,0.714,"Estimated",,0.67,"Estimated",,0.649,"Estimated",,0.615,"Estimated",,0.632,"Estimated",,0.575,"Estimated",,0.691,"Estimated",,0.64,"Estimated. More than 30% of total trade under ""931: Special transactions & commodities not classified""",,0.691,"Estimated",,0.584,"Estimated",,0.695,"Estimated",,0.67,"Estimated",,0.636,"Estimated",,0.694,"Estimated",,0.788,"Estimated",,0.785,"Estimated",,0.691,"Estimated",,0.652,"Estimated",,0.642,"Estimated",,0.727,"Estimated",
"Tuvalu",0.516,"Estimated",,0.484,"Estimated",,0.523,"Estimated",,0.501,"Estimated",,0.421,"Estimated",,0.562,"Estimated",,0.664,"Estimated",,0.539,"Estimated",,0.56,"Estimated",,0.576,"Estimated",,0.562,"Estimated",,0.647,"Estimated",,0.563,"Estimated",,0.581,"Estimated",,0.529,"Estimated",,0.615,"Estimated",,0.681,"Estimated",,0.722,"Estimated",,0.65,"Estimated",,0.699,"Estimated",,0.652,"Estimated",,0.605,"Estimated",,0.6,"Estimated",,0.734,"Estimated",,0.73,"Estimated",,0.736,"Estimated",,0.716,"Estimated",,0.709,"Estimated",,0.661,"Estimated",,0.666,"Estimated",
"Uganda",0.891,"Estimated",,0.859,"Estimated",,0.85,"Estimated",,0.88,"Estimated",,0.883,"Estimated",,0.84,"Estimated",,0.811,"Estimated",,0.861,"Estimated",,0.794,"Estimated",,0.757,"Estimated",,0.745,"Estimated",,0.795,"Estimated",,0.759,"Estimated",,0.754,"Estimated",,0.753,"Estimated",,0.746,"Estimated",,0.75,"Estimated",,0.708,"Estimated",,0.734,"Estimated",,0.753,"Estimated",,0.734,"Estimated",,0.725,"Estimated",,0.762,"Estimated",,0.777,"Estimated",,0.792,"Estimated",,0.785,"Estimated",,0.776,"Estimated",,0.774,"Estimated",,0.817,"Estimated",,0.801,"Estimated",
"Ukraine",0.571,"Estimated",,0.571,,,0.598,,,0.606,,,0.609,,,0.606,,,0.583,,,0.606,,,0.57,,,0.581,,,0.609,,,0.593,,,0.589,,,0.61,,,0.6,,,0.568,,,0.573,,,0.597,,,0.611,,,0.668,,,0.682,,,0.666,,,0.678,,,0.649,,,0.694,,,0.694,,,0.699,,,0.714,,,0.713,,,0.699,,
"United Arab Emirates",0.702,"Estimated",,0.712,"Estimated",,0.664,"Estimated",,0.648,"Estimated",,0.646,"Estimated",,0.657,"Estimated",,0.641,"Estimated",,0.61,"Estimated",,0.596,"Estimated",,0.573,"Estimated",,0.57,"Estimated",,0.571,"Estimated",,0.575,"Estimated",,0.574,"Estimated",,0.527,"Estimated",,0.532,"Estimated",,0.541,"Estimated",,0.501,"Estimated",,0.506,"Estimated",,0.513,"Estimated",,0.528,"Estimated",,0.556,"Estimated",,0.531,"Estimated",,0.522,"Estimated",,0.531,"Estimated",,0.528,"Estimated",,0.548,"Estimated",,0.535,"Estimated",,0.553,"Estimated",,0.553,"Estimated",
"United Kingdom",0.231,,,0.231,,,0.235,,,0.231,,,0.229,,,0.237,,,0.255,,,0.239,,,0.236,,,0.228,,,0.252,,,0.28,,,0.271,,,0.283,,,0.327,,,0.298,,,0.328,,,0.324,,,0.354,,,0.324,,,0.344,,,0.32,,,0.322,,,0.324,,,0.32,,,0.323,,,0.365,,,0.371,,,0.368,,,0.37,,
"United Republic of Tanzania",0.787,"Estimated",,0.766,"Estimated",,0.79,"Estimated",,0.799,"Estimated",,0.777,"Estimated",,0.794,"Estimated",,0.792,"Estimated",,0.845,"Estimated",,0.814,"Estimated",,0.801,"Estimated",,0.722,"Estimated",,0.755,"Estimated",,0.742,"Estimated",,0.7,"Estimated",,0.732,"Estimated",,0.736,"Estimated",,0.764,"Estimated",,0.769,"Estimated",,0.745,"Estimated",,0.784,"Estimated",,0.786,"Estimated",,0.787,"Estimated",,0.783,"Estimated",,0.709,"Estimated",,0.775,"Estimated",,0.807,"Estimated",,0.811,"Estimated",,0.771,"Estimated",,0.765,"Estimated",,0.748,"Estimated",
"United States",0.271,,,0.276,,,0.268,,,0.257,,,0.258,,,0.265,,,0.26,,,0.26,,,0.258,,,0.256,,,0.264,,,0.275,,,0.269,,,0.269,,,0.255,,,0.252,,,0.255,,,0.254,,,0.257,,,0.25,,,0.247,,,0.244,,,0.241,,,0.24,,,0.23,,,0.232,,,0.229,,,0.219,,,0.224,,,0.228,,
"United States Minor Outlying Islands",0.675,"Estimated",,0.709,"Estimated",,0.596,"Estimated",,0.686,"Estimated",,0.697,"Estimated",,0.715,"Estimated",,0.639,"Estimated",,0.643,"Estimated",,0.644,"Estimated",,0.643,"Estimated",,,,,,,,,,,,,,,,,,,,,,,,,,,,,,,,,,,,,,,,,,,,,,,,,,,,,,,,,,,,,
"Uruguay",0.638,,,0.652,,,0.642,,,0.643,,,0.635,,,0.613,,,0.644,,,0.703,,,0.701,,,0.683,,,0.664,,,0.658,,,0.675,,,0.66,,,0.682,,,0.714,,,0.68,,,0.706,,,0.705,,,0.7,,,0.709,,,0.747,,,0.735,,,0.757,,,0.74,,,0.745,,,0.739,,,0.752,,,0.732,,,0.733,,
"Uzbekistan",0.792,"Estimated",,0.784,"Estimated",,0.761,"Estimated",,0.768,"Estimated",,0.799,"Estimated",,0.773,"Estimated",,0.738,"Estimated",,0.732,"Estimated",,0.736,"Estimated",,0.738,"Estimated",,0.744,"Estimated",,0.751,"Estimated",,0.742,"Estimated",,0.729,"Estimated",,0.733,"Estimated",,0.731,"Estimated",,0.733,"Estimated",,0.752,"Estimated",,0.763,"Estimated",,0.77,"Estimated",,0.763,"Estimated",,0.763,"Estimated",,0.785,"Estimated",,0.767,"Estimated",,0.802,"Estimated",,0.761,"Estimated",,0.752,"Estimated",,0.736,"Estimated",,0.738,"Estimated",,0.715,"Estimated",
"Vanuatu",0.577,"Estimated",,0.659,"Estimated",,0.631,"Estimated",,0.74,"Estimated. More than 30% of total trade under ""931: Special transactions & commodities not classified""",,0.688,"Estimated",,0.796,"Estimated",,0.716,"Estimated",,0.737,"Estimated",,0.736,"Estimated",,0.758,"Estimated",,0.781,"Estimated",,0.807,"Estimated",,0.801,"Estimated",,0.829,"Estimated",,0.785,"Estimated",,0.8,"Estimated",,0.816,"Estimated",,0.748,"Estimated",,0.774,"Estimated",,0.785,"Estimated",,0.778,"Estimated",,0.749,"Estimated",,0.795,"Estimated",,0.759,"Estimated",,0.754,"Estimated",,0.775,"Estimated",,0.792,"Estimated",,0.772,"Estimated",,0.772,"Estimated",,0.802,"Estimated",
"Venezuela (Bolivarian Rep. of)",0.754,"Estimated",,0.771,"Estimated",,0.765,"Estimated",,0.754,"Estimated",,0.79,"Estimated",,0.797,"Estimated",,0.798,"Estimated",,0.791,"Estimated",,0.793,"Estimated",,0.784,"Estimated",,0.774,"Estimated",,0.777,"Estimated",,0.755,,,0.747,"Estimated",,0.761,"Estimated",,0.78,"Estimated",,0.755,"Estimated",,0.782,"Estimated",,0.799,"Estimated",,0.788,,,0.83,,,0.798,,,0.788,,,0.775,,,0.792,,,0.771,,,0.703,,,0.711,,,0.718,,,0.722,,
"Viet Nam",0.67,"Estimated",,0.666,"Estimated",,0.667,,,0.564,,,0.65,,,0.572,,,0.647,,,0.667,,,0.661,,,0.658,,,0.642,,,0.623,,,0.601,,,0.579,,,0.582,,,0.565,,,0.554,,,0.547,,,0.565,,,0.566,,,0.567,,,0.565,,,0.577,,,0.553,,,0.547,,,0.536,,,0.53,,,0.549,,,0.545,,,0.539,,
"Wallis and Futuna Islands",0.465,"Estimated",,0.456,"Estimated",,0.496,"Estimated",,0.463,"Estimated",,0.471,"Estimated",,0.548,"Estimated",,0.566,"Estimated",,0.541,"Estimated",,0.516,"Estimated",,0.481,"Estimated",,0.507,"Estimated",,0.476,"Estimated",,0.505,"Estimated",,0.472,"Estimated",,0.497,"Estimated",,0.495,"Estimated",,0.5,"Estimated",,0.503,"Estimated",,0.524,"Estimated",,0.515,"Estimated",,0.54,"Estimated",,0.504,"Estimated. More than 30% of total trade under ""931: Special transactions & commodities not classified""",,0.525,"Estimated",,0.526,"Estimated",,0.518,"Estimated",,0.489,"Estimated",,0.489,"Estimated",,0.503,"Estimated",,0.558,"Estimated",,0.513,"Estimated",
"Western Sahara",0.481,"Estimated",,0.473,"Estimated",,0.528,"Estimated",,0.467,"Estimated",,0.46,"Estimated. More than 30% of total trade under ""931: Special transactions & commodities not classified""",,0.543,"Estimated",,0.588,"Estimated",,0.605,"Estimated",,0.564,"Estimated",,0.584,"Estimated",,,,,,,,,,,,,,,,,,,,,,,,,,,,,,,,,,,,,,,,,,,,,,,,,,,,,,,,,,,,,
"Yemen",0.809,"Estimated",,0.836,"Estimated",,0.853,"Estimated",,0.836,"Estimated",,0.868,"Estimated",,0.838,"Estimated",,0.852,"Estimated",,0.852,"Estimated",,0.841,"Estimated",,0.84,"Estimated",,0.829,"Estimated",,0.817,"Estimated",,0.813,"Estimated",,0.791,"Estimated",,0.788,"Estimated",,0.782,"Estimated",,0.751,"Estimated",,0.76,"Estimated",,0.746,"Estimated",,0.773,"Estimated",,0.802,"Estimated",,0.761,"Estimated",,0.769,"Estimated",,0.761,"Estimated",,0.758,"Estimated",,0.776,"Estimated",,0.812,"Estimated",,0.758,"Estimated",,0.781,"Estimated",,0.77,"Estimated",
"Zambia",0.884,"Estimated",,0.84,"Estimated",,0.873,"Estimated",,0.826,"Estimated",,0.834,"Estimated",,0.832,"Estimated",,0.849,"Estimated",,0.804,"Estimated",,0.821,"Estimated",,0.842,"Estimated",,0.852,"Estimated",,0.873,"Estimated",,0.82,"Estimated",,0.82,"Estimated",,0.852,"Estimated",,0.87,"Estimated",,0.868,"Estimated",,0.812,"Estimated",,0.835,"Estimated",,0.853,"Estimated",,0.863,"Estimated",,0.858,"Estimated",,0.868,"Estimated",,0.87,"Estimated",,0.855,"Estimated",,0.861,"Estimated",,0.855,"Estimated",,0.862,"Estimated",,0.846,"Estimated",,0.833,,
"Zimbabwe",0.756,"Estimated",,0.747,"Estimated",,0.755,"Estimated",,0.75,"Estimated",,0.77,"Estimated",,0.722,"Estimated",,0.786,"Estimated",,0.755,"Estimated",,0.771,"Estimated",,0.72,"Estimated",,0.747,"Estimated",,0.763,"Estimated",,0.777,"Estimated",,0.742,"Estimated",,0.773,"Estimated",,0.783,"Estimated",,0.836,"Estimated",,0.78,"Estimated",,0.742,"Estimated",,0.83,"Estimated",,0.843,"Estimated",,0.847,"Estimated",,0.81,"Estimated",,0.811,"Estimated",,0.812,"Estimated",,0.834,"Estimated",,0.862,"Estimated",,0.859,"Estimated",,0.843,"Estimated",,0.872,"Estimated",
"Developing economies: Africa",0.583,,,0.588,,,0.593,,,0.591,,,0.605,,,0.595,,,0.601,,,0.593,,,0.593,,,0.6,,,0.593,,,0.586,,,0.581,,,0.567,,,0.563,,,0.559,,,0.54,,,0.541,,,0.537,,,0.538,,,0.542,,,0.544,,,0.544,,,0.553,,,0.553,,,0.558,,,0.554,,,0.541,,,0.54,,,0.538,,
"Developing economies: Northern Africa",0.71,,,0.709,,,0.713,,,0.71,,,0.718,,,0.717,,,0.704,,,0.685,,,0.693,,,0.691,,,0.686,,,0.666,,,0.666,,,0.638,,,0.641,,,0.649,,,0.611,,,0.617,,,0.598,,,0.589,,,0.587,,,0.592,,,0.582,,,0.586,,,0.582,,,0.549,,,0.579,,,0.577,,,0.557,,,0.551,,
"Developing economies: Sub-Saharan Africa",0.579,,,0.585,,,0.591,,,0.592,,,0.603,,,0.587,,,0.596,,,0.591,,,0.587,,,0.6,,,0.599,,,0.603,,,0.606,,,0.597,,,0.591,,,0.573,,,0.575,,,0.568,,,0.573,,,0.584,,,0.584,,,0.588,,,0.594,,,0.6,,,0.602,,,0.615,,,0.613,,,0.589,,,0.601,,,0.6,,
"Developing economies: Americas",0.36,,,0.345,,,0.336,,,0.322,,,0.313,,,0.307,,,0.302,,,0.31,,,0.327,,,0.333,,,0.328,,,0.33,,,0.334,,,0.324,,,0.336,,,0.35,,,0.349,,,0.334,,,0.338,,,0.337,,,0.34,,,0.338,,,0.347,,,0.351,,,0.361,,,0.381,,,0.394,,,0.386,,,0.365,,,0.373,,
"Developing economies: Asia and Oceania",0.334,,,0.338,,,0.326,,,0.338,,,0.335,,,0.317,,,0.319,,,0.318,,,0.315,,,0.307,,,0.28,,,0.27,,,0.281,,,0.263,,,0.272,,,0.251,,,0.244,,,0.239,,,0.238,,,0.238,,,0.241,,,0.25,,,0.243,,,0.237,,,0.236,,,0.237,,,0.231,,,0.221,,,0.218,,,0.209,,
"Developing economies: Asia",0.334,,,0.339,,,0.326,,,0.339,,,0.335,,,0.317,,,0.32,,,0.319,,,0.315,,,0.308,,,0.281,,,0.271,,,0.282,,,0.263,,,0.272,,,0.252,,,0.245,,,0.24,,,0.239,,,0.238,,,0.241,,,0.25,,,0.243,,,0.238,,,0.237,,,0.237,,,0.231,,,0.221,,,0.219,,,0.21,,
"Developing economies: Central Asia",0.717,,,0.703,,,0.71,,,0.757,,,0.767,,,0.77,"More than 30% of total trade under ""931: Special transactions & commodities not classified""",,0.745,,,0.757,,,0.736,,,0.733,,,0.719,,,0.706,,,0.7,,,0.666,,,0.685,,,0.691,,,0.681,,,0.673,,,0.679,,,0.689,,,0.728,,,0.722,,,0.725,,,0.723,,,0.719,,,0.731,,,0.705,,,0.667,,,0.655,,,0.703,,
"Developing economies: Eastern Asia",0.409,,,0.41,,,0.407,,,0.413,,,0.416,,,0.417,,,0.424,,,0.428,,,0.434,,,0.434,,,0.438,,,0.434,,,0.433,,,0.437,,,0.43,,,0.431,,,0.436,,,0.435,,,0.427,,,0.418,,,0.395,,,0.385,,,0.387,,,0.394,,,0.392,,,0.375,,,0.377,,,0.389,,,0.368,,,0.355,,
"Developing economies: South-eastern Asia",0.395,,,0.408,,,0.396,,,0.408,,,0.398,,,0.382,,,0.373,,,0.376,,,0.381,,,0.369,,,0.334,,,0.336,,,0.345,,,0.337,,,0.337,,,0.327,,,0.325,,,0.314,,,0.311,,,0.306,,,0.297,,,0.3,,,0.305,,,0.296,,,0.297,,,0.305,,,0.31,,,0.318,,,0.315,,,0.323,,
"Developing economies: Southern Asia",0.615,,,0.612,,,0.601,,,0.622,,,0.615,,,0.608,,,0.589,,,0.573,,,0.563,,,0.551,,,0.527,,,0.518,,,0.515,,,0.485,,,0.482,,,0.474,,,0.457,,,0.438,,,0.426,,,0.429,,,0.439,,,0.461,,,0.46,,,0.449,,,0.445,,,0.475,,,0.467,,,0.459,,,0.437,,,0.427,,
"Developing economies: Western Asia",0.657,,,0.659,,,0.634,,,0.625,,,0.645,,,0.651,,,0.622,,,0.606,,,0.579,,,0.578,,,0.569,,,0.576,,,0.564,,,0.559,,,0.537,,,0.548,,,0.554,,,0.539,,,0.529,,,0.532,,,0.52,,,0.524,,,0.509,,,0.518,,,0.509,,,0.486,,,0.501,,,0.509,,,0.503,,,0.485,,
"Developing economies: Oceania",0.766,,,0.759,,,0.757,,,0.781,,,0.774,,,0.73,,,0.713,,,0.719,,,0.716,,,0.707,,,0.689,,,0.736,,,0.717,,,0.723,,,0.698,,,0.726,,,0.703,,,0.689,,,0.68,,,0.691,,,0.742,,,0.753,,,0.751,,,0.751,,,0.786,,,0.792,,,0.765,,,0.769,,,0.768,,,0.758,,
"Developed economies: Americas",0.238,,,0.234,,,0.222,,,0.211,,,0.212,,,0.204,,,0.204,,,0.213,,,0.209,,,0.21,,,0.221,,,0.221,,,0.224,,,0.222,,,0.215,,,0.218,,,0.221,,,0.222,,,0.217,,,0.208,,,0.212,,,0.213,,,0.207,,,0.202,,,0.202,,,0.221,,,0.219,,,0.208,,,0.209,,,0.214,,
"Developed economies: Asia and Oceania",0.307,,,0.301,,,0.291,,,0.28,,,0.276,,,0.279,,,0.279,,,0.291,,,0.308,,,0.307,,,0.315,,,0.323,,,0.325,,,0.336,,,0.327,,,0.326,,,0.329,,,0.343,,,0.34,,,0.337,,,0.32,,,0.31,,,0.319,,,0.321,,,0.323,,,0.329,,,0.332,,,0.327,,,0.328,,,0.328,,
"Developed economies: Asia",0.353,,,0.351,,,0.34,,,0.325,,,0.321,,,0.329,,,0.326,,,0.338,,,0.353,,,0.357,,,0.365,,,0.367,,,0.369,,,0.381,,,0.379,,,0.381,,,0.385,,,0.392,,,0.389,,,0.381,,,0.362,,,0.354,,,0.371,,,0.373,,,0.375,,,0.378,,,0.383,,,0.385,,,0.378,,,0.38,,
"Developed economies: Oceania",0.546,,,0.547,,,0.547,,,0.562,,,0.546,,,0.539,,,0.551,,,0.548,,,0.54,,,0.553,,,0.567,,,0.587,,,0.58,,,0.604,,,0.608,,,0.622,,,0.633,,,0.63,,,0.645,,,0.665,,,0.656,,,0.653,,,0.694,,,0.696,,,0.705,,,0.685,,,0.721,,,0.723,,,0.718,,,0.698,,
"Developed economies: Europe",0.142,,,0.143,,,0.139,,,0.132,,,0.138,,,0.146,,,0.137,,,0.14,,,0.149,,,0.152,,,0.149,,,0.152,,,0.162,,,0.166,,,0.179,,,0.182,,,0.185,,,0.181,,,0.182,,,0.178,,,0.175,,,0.177,,,0.181,,,0.179,,,0.178,,,0.183,,,0.181,,,0.178,,,0.178,,,0.181,,
"LDCs: Africa",0.748,,,0.736,,,0.754,,,0.755,,,0.755,,,0.731,,,0.714,,,0.708,,,0.705,,,0.721,,,0.723,,,0.714,,,0.733,,,0.728,,,0.704,,,0.723,,,0.704,,,0.691,,,0.693,,,0.71,,,0.718,,,0.703,,,0.697,,,0.693,,,0.692,,,0.707,,,0.701,,,0.676,,,0.688,,,0.682,,
"LDCs: Asia",0.75,,,0.75,,,0.759,,,0.758,,,0.772,,,0.751,,,0.754,,,0.76,,,0.758,,,0.75,,,0.725,,,0.721,,,0.71,,,0.709,,,0.717,,,0.726,,,0.732,,,0.72,,,0.737,,,0.789,,,0.788,,,0.771,,,0.777,,,0.771,,,0.758,,,0.742,,,0.735,,,0.743,,,0.718,,,0.74,,
"LDCs: Islands and Haiti",0.728,,,0.761,,,0.763,,,0.767,,,0.777,,,0.787,,,0.812,,,0.794,,,0.794,,,0.842,,,0.852,,,0.857,,,0.869,,,0.879,,,0.87,,,0.864,,,0.876,,,0.841,,,0.823,,,0.852,,,0.852,,,0.877,,,0.864,,,0.868,,,0.832,,,0.82,,,0.811,,,0.79,,,0.783,,,0.798,,
"SIDS: Atlantic and Indian Ocean",0.792,,,0.778,,,0.79,,,0.79,,,0.804,,,0.772,,,0.776,,,0.761,,,0.764,,,0.727,,,0.668,,,0.68,,,0.705,,,0.702,,,0.665,,,0.693,,,0.681,,,0.712,,,0.709,,,0.686,,,0.666,,,0.695,,,0.73,,,0.696,,,0.646,,,0.709,,,0.691,,,0.686,,,0.67,,,0.68,,
"SIDS: Caribbean",0.683,,,0.699,,,0.682,,,0.676,,,0.671,,,0.672,,,0.678,,,0.655,,,0.662,,,0.655,,,0.636,,,0.631,,,0.633,,,0.627,,,0.588,,,0.591,,,0.602,,,0.587,,,0.601,,,0.602,,,0.61,,,0.614,,,0.621,,,0.615,,,0.59,,,0.599,,,0.599,,,0.586,,,0.593,,,0.618,,
"SIDS: Pacific",0.483,,,0.498,,,0.492,,,0.491,,,0.482,,,0.466,,,0.467,,,0.479,,,0.515,,,0.491,,,0.487,,,0.49,,,0.48,,,0.482,,,0.464,,,0.477,,,0.487,,,0.477,,,0.473,,,0.473,,,0.457,,,0.449,,,0.457,,,0.454,,,0.444,,,0.448,,,0.458,,,0.468,,,0.469,,,0.475,,
