"Data Source","World Development Indicators",

"Last Updated Date","2026-07-13",

"Country Name","Country Code","Indicator Name","Indicator Code","1960","1961","1962","1963","1964","1965","1966","1967","1968","1969","1970","1971","1972","1973","1974","1975","1976","1977","1978","1979","1980","1981","1982","1983","1984","1985","1986","1987","1988","1989","1990","1991","1992","1993","1994","1995","1996","1997","1998","1999","2000","2001","2002","2003","2004","2005","2006","2007","2008","2009","2010","2011","2012","2013","2014","2015","2016","2017","2018","2019","2020","2021","2022","2023","2024","2025",
"Aruba","ABW","Total debt service (% of GNI)","DT.TDS.DECT.GN.ZS","","","","","","","","","","","","","","","","","","","","","","","","","","","","","","","","","","","","","","","","","","","","","","","","","","","","","","","","","","","","","","","","","","",
"Africa Eastern and Southern","AFE","Total debt service (% of GNI)","DT.TDS.DECT.GN.ZS","","","","","","","","","","","","","","","","","","","","","","","","","","","","","","","","","","","2.71817539522833","3.68231803155672","3.3801691540313","3.88171098535047","3.61583392214606","3.53026424628655","3.21188096162069","3.68419904842995","3.85140527665664","2.7609698421721","2.18792852367521","2.3037951339323","2.92905465571437","2.24335717062425","1.90368606448192","2.13996113367323","1.80141447445041","1.7930964175708","2.59264119906833","2.86121007972475","3.22635009507516","5.42326934974573","4.4793455032194","3.78815071262376","5.69615980010095","5.26471576796043","5.72117272138745","5.67668476035304","5.28133443255297","5.04218795641316","4.83183128221264","",
"Afghanistan","AFG","Total debt service (% of GNI)","DT.TDS.DECT.GN.ZS","","","","","","","","","","","","","","","","","","","","","","","","","","","","","","","","","","","","","","","","","","","","","","","0.153432094486591","0.0623084542101936","0.0794560282166708","0.0867566490556338","0.065666365397817","0.0580764280918365","0.0743981072003037","0.124142977676627","0.205272277364401","0.292136690509521","0.324902542065687","0.333475147144941","0.344998757258291","0.291266953257151","0.228321083128007","0.181215272713207","0.18280878027456","0.252807804690753","0.378605534875039","",
"Africa Western and Central","AFW","Total debt service (% of GNI)","DT.TDS.DECT.GN.ZS","","","","","","","","","","","1.6235952869346","1.64467973608754","1.49063317387399","1.7424771577443","1.72369552652131","2.03034085201686","2.28879598323665","2.59866848604928","3.429643476749","4.10582324748503","5.95193991457812","6.69177103798207","6.64651085709463","5.81779819139203","5.68056727112775","5.66577362351876","7.30340851286419","7.20588427296","6.85102143639612","6.02828883914933","5.91318768980049","5.30878628367597","4.58483282049367","4.15950349799112","7.24395581988385","5.61244417411237","6.06232745243225","5.69610218576061","5.618115844401","5.66866898932113","5.31087219054438","3.98495055125809","3.46583053608103","3.01113539121675","2.62430324719152","2.20230935284788","1.91048314353105","2.33662417804076","1.43876103564366","0.90766561113092","0.681391992027511","0.752807432425358","0.763762661716126","0.921208298143744","1.23259863052727","1.28262041636622","2.31432827845246","2.67481983943062","2.62550731340566","2.67182500540984","2.07173530988652","2.14936342743408","2.51269948995852","3.115914039522","4.85142421608494","",
"Angola","AGO","Total debt service (% of GNI)","DT.TDS.DECT.GN.ZS","","","","","","","","","","","","","","","","","","","","","","","","","","","","","","2.65153439544887","3.25043457690607","3.66209263392074","7.01732180779487","4.77364303675741","13.334817791727","9.79939807148252","17.0893189552412","15.019179687417","27.6669233191254","30.1754468926608","23.1031674972779","30.3598619790016","9.24994716719811","7.99723832702225","7.69165778312384","6.99699433315734","8.44015242098033","6.86953517370292","1.92157153968817","5.38398574426579","3.38623967081299","3.38488537850536","4.54746891202332","4.18080371705017","5.68782338136573","8.75683126546503","18.7958639367698","11.2368846887179","14.1503747201825","14.3502768400198","14.4240683343615","13.6674665099268","12.7101324118749","12.8193228023844","11.2649175739344","",
"Albania","ALB","Total debt service (% of GNI)","DT.TDS.DECT.GN.ZS","","","","","","","","","","","","","","","","","","","","","","","","","","","","","","","","0.33103248273165","0.32748319607642","0.661960482418398","0.964853909972673","0.353286124104834","0.643554345466143","1.01199094812162","0.800380486620656","0.762778615953291","0.813651745321444","0.946003314672311","1.31495100458878","0.962315445800785","0.999581261021947","1.24526383693121","1.92426828790108","1.53863055803058","1.89818807186813","2.01108456259841","3.18061207118867","3.71800471300922","4.46367822861266","4.22876563773519","5.46162563344014","10.1682356053037","4.86834435445335","3.86166744302142","7.06255935162394","3.99084346292396","7.62963071603347","4.98288165452511","3.77623001022369","3.65945948376157","3.24990999458288","",
"Andorra","AND","Total debt service (% of GNI)","DT.TDS.DECT.GN.ZS","","","","","","","","","","","","","","","","","","","","","","","","","","","","","","","","","","","","","","","","","","","","","","","","","","","","","","","","","","","","","","","","","","",
"Arab World","ARB","Total debt service (% of GNI)","DT.TDS.DECT.GN.ZS","","","","","","","","","","","","","","","","","","","","","","","","","","","","","","","","","","","","","","","","","","","","","","","","","","","","","","","","","","","","","","","","","","",
"United Arab Emirates","ARE","Total debt service (% of GNI)","DT.TDS.DECT.GN.ZS","","","","","","","","","","","","","","","","","","","","","","","","","","","","","","","","","","","","","","","","","","","","","","","","","","","","","","","","","","","","","","","","","","",
"Argentina","ARG","Total debt service (% of GNI)","DT.TDS.DECT.GN.ZS","","","","","","","","","","","3.67848227478133","3.20581622935649","3.33429956534761","2.63504239327433","2.28819347405598","3.04980572900518","3.19851783748812","3.32223447039419","3.76678739875965","3.32488453284737","5.58549028694237","7.04301204603806","6.17644761991511","6.95889004619091","5.68598681833471","7.46953755271474","7.27068397132325","6.03857552144777","4.16536638381178","6.24794069104476","4.57623199400783","2.96386230542357","2.18868342773184","2.51228282169313","2.27928756745779","3.50850522384729","4.86176856315191","5.62365235114816","6.64369900809839","9.16855867900237","8.98216214611374","6.92977592251926","5.74222654534108","11.7076235634893","8.81548392467654","5.73352882860582","8.43671446336399","3.14675402144614","2.72096283152934","4.58333533964363","3.82187426571767","3.0656806449781","2.54870542482641","2.91979229315104","3.30199334203656","3.06752787397847","4.75372593039639","6.44847809412133","8.4967566020713","10.1971939551309","7.83565321645882","5.7841204321484","5.44795117325952","7.26401873456051","6.31558380319694","",
"Armenia","ARM","Total debt service (% of GNI)","DT.TDS.DECT.GN.ZS","","","","","","","","","","","","","","","","","","","","","","","","","","","","","","","","","","0.166744594301641","0.338650084509837","0.747868298965232","2.60096618797693","1.37993375239196","3.14365405881304","3.3227850272904","2.45429220149158","2.56603749292096","3.36122291987967","4.28397915581673","4.63095461337978","2.78605690992253","2.318675931349","2.00998092417687","2.98571947210797","4.70579306393001","9.97484568864901","8.91340624897953","10.6514937653137","17.3327290457956","11.8399743116241","14.0746927335891","13.5291485659272","12.0135474784452","13.1707815863422","15.0095189990006","15.5756935756197","14.1245327765294","10.4634511975494","11.7720656715607","7.25842090187858","",
"American Samoa","ASM","Total debt service (% of GNI)","DT.TDS.DECT.GN.ZS","","","","","","","","","","","","","","","","","","","","","","","","","","","","","","","","","","","","","","","","","","","","","","","","","","","","","","","","","","","","","","","","","","",
"Antigua and Barbuda","ATG","Total debt service (% of GNI)","DT.TDS.DECT.GN.ZS","","","","","","","","","","","","","","","","","","","","","","","","","","","","","","","","","","","","","","","","","","","","","","","","","","","","","","","","","","","","","","","","","","",
"Australia","AUS","Total debt service (% of GNI)","DT.TDS.DECT.GN.ZS","","","","","","","","","","","","","","","","","","","","","","","","","","","","","","","","","","","","","","","","","","","","","","","","","","","","","","","","","","","","","","","","","","",
"Austria","AUT","Total debt service (% of GNI)","DT.TDS.DECT.GN.ZS","","","","","","","","","","","","","","","","","","","","","","","","","","","","","","","","","","","","","","","","","","","","","","","","","","","","","","","","","","","","","","","","","","",
"Azerbaijan","AZE","Total debt service (% of GNI)","DT.TDS.DECT.GN.ZS","","","","","","","","","","","","","","","","","","","","","","","","","","","","","","","","","","","0.0293108666666667","0.41986579796242","0.310800821209025","1.96979305735322","0.534700302981201","1.43767838897479","2.66650589459658","2.52721066588383","2.70729619974944","3.16160450628071","2.9100740077612","2.06546971654592","1.52643228772288","0.956933269265572","0.756177274683196","0.889217504719364","0.835311316790157","1.8205028324175","1.96846143353379","2.75252567212532","2.56395619657735","3.71418393756825","4.88991285462299","5.62862013363733","5.95975870329787","4.41639828375126","4.3298963868556","3.95724186593403","2.18311769095557","3.16500308006375","5.81641530697615","",
"Burundi","BDI","Total debt service (% of GNI)","DT.TDS.DECT.GN.ZS","","","","","","","","","","","0.350760189534325","1.79569722943703","3.40200892922163","0.337989019421195","0.857234587353435","0.524537268761606","0.635672144283661","0.56461954255504","1.73954809964397","0.551086201613286","0.935356887149965","0.818644246560219","0.811386666298343","1.3481961735312","2.43591773653158","2.31692634157116","2.96567156832785","4.23999127622108","4.3722317965844","3.90281209507389","3.79505487758829","3.39639456826271","3.70414877251914","3.88498129912966","4.47985662583676","3.90990694368674","3.61933968498787","3.06361459149184","3.44724015032767","3.74747454350212","2.55868846413209","2.71595947764216","2.91562712536028","3.86004460485234","9.95090738529661","3.63953371093758","1.57939605110279","1.34777677647789","1.22115777651089","1.12974157838564","0.216438850297293","0.429984407212901","0.893023845405583","1.3141701342613","0.980666622720326","0.958114422922663","1.27654441215923","0.96496851464315","0.999600226714114","1.32088410549369","1.15792873496381","0.876148043270042","0.83441621363148","1.31637868361843","1.18204950046981","",
"Belgium","BEL","Total debt service (% of GNI)","DT.TDS.DECT.GN.ZS","","","","","","","","","","","","","","","","","","","","","","","","","","","","","","","","","","","","","","","","","","","","","","","","","","","","","","","","","","","","","","","","","","",
"Benin","BEN","Total debt service (% of GNI)","DT.TDS.DECT.GN.ZS","","","","","","","","","","","0.527508252565931","1.10908631638688","0.730215935111204","0.458788911376472","1.11942618479187","0.90135174399735","0.61575899577185","0.518400565362639","0.558040412762745","0.549403660139709","1.43938891330955","1.75576117358777","1.98611166755194","3.04571827170483","4.63834175609298","4.79795911563811","4.72464454715558","2.65997038361182","1.77391668609857","1.76916787847459","1.93119932820416","1.54716052982098","1.68419893091196","1.41404273596358","2.53629864804566","2.26208794077021","1.89612055283627","2.25564428951884","2.45790814574413","2.13197014955697","2.23471394799084","1.49461770743727","1.54535618848578","1.09187894736996","1.18462990922011","0.916247440069114","0.885177587592493","0.707595091169169","0.521738026815126","0.577156732013205","0.516834149751289","3.08017034372965","0.710564680260989","0.782715583120344","0.762390923620265","1.86643773596427","1.16386698318663","1.00006878959903","2.18659309197799","1.787863032307","1.68212770421635","4.41390491733627","2.98698917205464","4.50926809552303","5.37802012838803","",
"Burkina Faso","BFA","Total debt service (% of GNI)","DT.TDS.DECT.GN.ZS","","","","","","","","","","","0.462097747414286","0.435143293160535","0.566299889906054","0.564629666798296","0.503390814373035","0.564274477419648","0.484056534952491","0.493317217312392","0.490229440194072","0.529219221360433","1.15150671114367","1.11190443854717","1.13366120645014","1.13503318848386","1.48653778739128","1.90452709869687","1.81121914016411","1.53009022332832","1.64096492909152","1.48064734230019","1.10862532352701","1.48404986760108","0.999496987858074","1.19368297070242","2.31706993053314","2.04452160649544","1.87148079428584","2.10316869826698","1.93275852289005","1.91413227956183","1.60159490946689","1.20726224650492","1.23887110536646","1.00642264118007","0.976674549284517","0.762300789015318","0.696510828195776","1.52406767416152","2.16200611121735","3.33692497564064","4.51482721144374","5.2963088830848","6.53762607310197","7.85249755763381","9.40190387673924","14.2427157435851","10.0786427443046","11.6591182991531","19.4957172264465","15.1160749490396","12.6893060347909","2.68742290853092","6.17418133675348","3.82128834288618","4.06061698349393","",
"Bangladesh","BGD","Total debt service (% of GNI)","DT.TDS.DECT.GN.ZS","","","","","","","","","","","","","","0.125965583245596","0.220385871983276","0.553155109823522","1.37358952927096","1.47993523088157","1.04151032887796","1.27987963612044","1.31484011105433","0.958433613390875","1.16579414278747","1.17923371477699","1.47150681954174","1.44230550873541","1.95573901871439","2.05706727325442","1.8306056912524","1.74116807513179","2.255405490962","1.88486493790024","1.62741921415167","1.51615440268407","1.53432102020582","1.92238546362028","1.37442630027965","1.35963873559988","1.20681415356829","1.30806030524389","1.40344475076703","1.19826888797491","1.24188572664116","1.05322602424316","0.961765885325941","1.11929413836649","0.939983509690425","1.19009751520455","0.953213875989854","0.933227235699679","0.887768337168174","1.10120533759933","1.15911362651345","1.19770565572143","1.10239877819055","0.844871384065753","0.66919272801744","0.749634350080731","0.905165357729859","1.62297227133607","1.03914457484536","1.29582451550224","1.42133581979152","1.64311682080107","1.83104443759392","",
"Bulgaria","BGR","Total debt service (% of GNI)","DT.TDS.DECT.GN.ZS","","","","","","","","","","","","","","","","","","","","","","0.342806203102007","0.807217205348198","1.77973916174157","2.63563494697987","6.73350585022716","7.71844058770377","7.0772830644211","10.3608804835062","12.2186150939382","7.20286490653213","4.01944136929424","5.3277258115493","3.08466161189731","7.22804643086712","6.14311327480116","10.6987851525927","9.25012198611501","9.34959818977679","9.32739135597841","9.91719106454097","9.79780046830197","8.42863048269482","5.26607510256169","9.30048251142869","14.9123555220411","11.1572848710467","15.053119601056","10.886387116463","9.67215800696772","8.5474606898396","8.03305166710882","8.82101245941791","11.5509822430736","9.54478032298821","19.5120529683529","15.9006649337443","15.4707784620174","10.6733534289947","8.66054645758035","7.48333702611751","7.341870071423","10.9111025301918","7.33177814253036","6.79863194540194","",
"Bahrain","BHR","Total debt service (% of GNI)","DT.TDS.DECT.GN.ZS","","","","","","","","","","","","","","","","","","","","","","","","","","","","","","","","","","","","","","","","","","","","","","","","","","","","","","","","","","","","","","","","","","",
"Bahamas, The","BHS","Total debt service (% of GNI)","DT.TDS.DECT.GN.ZS","","","","","","","","","","","","","","","","","","","","","","","","","","","","","","","","","","","","","","","","","","","","","","","","","","","","","","","","","","","","","","","","","","",
"Bosnia and Herzegovina","BIH","Total debt service (% of GNI)","DT.TDS.DECT.GN.ZS","","","","","","","","","","","","","","","","","","","","","","","","","","","","","","","","","","","","","","","","3.1646430594326","5.18853635244264","4.94752907574112","2.47222659934324","2.41409296735245","2.36355393253508","2.65515448233729","2.94780069689933","2.64679818418508","2.41837107939379","2.56219946526365","3.27872387888953","7.85232489870862","6.69423484706372","7.54838781980151","8.03308867942449","11.7273256224155","7.2063979522799","7.46609124402679","6.30960536456164","4.93973178217343","3.26683550273991","6.34992143923997","4.11568690264489","6.50763045685446","4.90957088870327","",
"Belarus","BLR","Total debt service (% of GNI)","DT.TDS.DECT.GN.ZS","","","","","","","","","","","","","","","","","","","","","","","","","","","","","","","","","","0.0851784332337931","0.796261439168247","1.30493016061031","1.07795932636351","1.36144981471973","1.33158019284297","2.22000137935064","3.07214313166818","2.74742490477453","2.59786118648138","2.39479278190715","1.6621421240091","2.31454778486603","2.04234148868013","2.45141671072006","2.33119957395961","3.3793230275455","3.13888307239769","5.32606223822845","7.83427123595855","6.39445878779708","7.00725986070947","9.20463103613062","13.6728227751776","8.37036365094749","10.0019220469605","7.21493266407282","7.2894731004125","6.47231412888914","9.63403611706352","11.3121897921174","6.93828991229448","",
"Belize","BLZ","Total debt service (% of GNI)","DT.TDS.DECT.GN.ZS","","","","","","","","","","","0.0209302744186047","0.0267770580379015","0.0634689506370297","0.651957302914711","0.468928598143101","0.418816445137963","0.402175615868845","0.362980187416332","0.339958532818533","0.545321365187713","1.42660735956156","1.51640254973923","2.6426015596142","3.22030255211377","3.06356989209269","6.32990980533526","5.20545807402555","4.32462210958904","4.0293733654425","3.60023633153303","3.39409056643512","2.78903632513233","2.37286332232727","2.46621350552058","3.32788461976566","4.59904566342296","4.88910421187779","4.67157950579031","5.12467716536926","4.89174376959402","7.11346877508088","8.77517554933361","16.0357511860663","12.5688823225159","25.6581325752147","16.8488023598395","9.43528604717009","42.0130429801783","9.36917039399976","7.85721334899702","7.89457442169045","7.57083881988806","8.61020352347818","7.0678484196844","4.60355965171513","4.66778254546174","4.80910154377794","4.87872464748932","5.34195189258062","4.69838688018672","4.00347802540268","26.305469275065","2.83384863768728","3.88963411107687","4.1478798924013","",
"Bermuda","BMU","Total debt service (% of GNI)","DT.TDS.DECT.GN.ZS","","","","","","","","","","","","","","","","","","","","","","","","","","","","","","","","","","","","","","","","","","","","","","","","","","","","","","","","","","","","","","","","","","",
"Bolivia","BOL","Total debt service (% of GNI)","DT.TDS.DECT.GN.ZS","","","","","","","","","","","","","","","","","5.3167586071192","5.50741810979474","10.3563296710914","7.02773354826029","8.67512734274483","6.69017579507453","10.5862865186871","9.21237646635911","9.41350896613998","7.41152911678571","7.01991371786996","5.62152002240334","8.73502789604729","6.69542840187143","8.4847612715726","6.60222931119187","5.40812299166592","6.21038527924327","6.11093746174916","5.81002057989222","5.82648081993706","6.23100866919744","5.26800153707607","5.24688860819321","7.84907857400946","6.94323914652503","6.27200382871713","5.59406828563265","6.2178831039062","5.8069374505798","4.02139261717224","5.88230850779517","5.8914825612307","3.50874303800397","3.49525632630803","1.94384479720896","2.55612445084872","1.91285289169966","3.14357921445429","3.11766603502213","2.32780940099488","2.18486647003384","2.12362449743027","2.23862401056256","2.80603447853014","3.48847285398398","4.84001623366716","3.34077679809089","3.41495655118432","",
"Brazil","BRA","Total debt service (% of GNI)","DT.TDS.DECT.GN.ZS","","","","","","","","","","","1.83859037162669","1.80522954736398","2.07238082889231","2.45317141205038","3.28239153526985","3.57014784782046","2.87522607545275","3.3390518741113","4.31607670057489","5.19012441804864","6.51636131082642","7.09598171314488","7.21193262361398","6.98209067150048","6.98568090391989","5.46344086094778","4.55992994374168","4.24924194429208","5.34056408251689","3.25912123960444","2.19462111438609","2.5073379252994","2.70449223379015","3.14388906614659","3.16710973896033","2.85196120889318","3.01292985682546","4.44540928957504","6.07967369567091","11.7331895444056","9.2034609427643","9.24142917170136","10.563703096275","10.7953183605738","8.27758263384173","7.26513000844037","5.76401895285662","4.02277785284873","3.41801392008931","2.73151286426366","2.14338656793153","2.31745073021794","1.89456854712934","3.36336917403423","2.58269951458627","5.08089116660866","6.68499817480083","4.71293436259847","5.12584357918023","8.32868430672998","8.99880318102877","10.0050775857696","6.63456878659428","10.6189585170356","5.40092552746669","",
"Barbados","BRB","Total debt service (% of GNI)","DT.TDS.DECT.GN.ZS","","","","","","","","","","","","","","","","","","","","","","","","","","","","","","","","","","","","","","","","","","","","","","","","","","","","","","","","","","","","","","","","","","",
"Brunei Darussalam","BRN","Total debt service (% of GNI)","DT.TDS.DECT.GN.ZS","","","","","","","","","","","","","","","","","","","","","","","","","","","","","","","","","","","","","","","","","","","","","","","","","","","","","","","","","","","","","","","","","","",
"Bhutan","BTN","Total debt service (% of GNI)","DT.TDS.DECT.GN.ZS","","","","","","","","","","","","","","","","","","","","","","0.00218438803853888","0.00308379598661931","0.00575107187986399","0.0259779705421284","0.0221795188965912","0.0987100923908055","0.243825559278586","0.533254724506813","2.58968053002966","1.93563490225338","3.31154622604551","2.78056132098826","3.52864461120836","3.15316985113024","3.87069708568379","2.58046963271258","2.24524815358296","2.98730637062172","2.24186240075873","1.5289236663881","1.30516140565649","1.19930305264792","1.15010577238362","1.69397624544804","0.836484020303111","1.13527350863333","2.59429334952122","6.35547016511414","5.89616274118336","5.39767743275531","4.58309030039099","7.62274247631717","4.45105017494709","4.57512873876394","6.62313890348172","5.3907373018358","3.74132510525239","3.9672124134164","2.71585098168328","3.08291866301258","5.05084210570897","4.80762922393824","4.95728432277532","5.11324327204698","",
"Botswana","BWA","Total debt service (% of GNI)","DT.TDS.DECT.GN.ZS","","","","","","","","","","","0.628290431134171","0.722934293529058","0.995707766754056","1.00553752586664","1.06016759656175","1.98888766239528","1.15230606230309","1.30232692201341","1.38683084838965","1.13139480309585","1.39436681625262","0.877604323511861","1.38885010287885","2.21893627437904","2.89101448588963","4.66969135801539","3.54775262021335","4.21686990140734","3.09356771929063","2.57796756893265","2.85725263528968","2.20575137756351","2.26992905646753","2.00494756837445","2.27750345978861","1.94537040225565","3.2892432562432","2.11631836762466","1.55314645289714","1.41762818232751","1.26371234130193","0.970196784631711","1.27999545425545","0.741302625883998","0.607625384544244","0.589398384861802","0.601650532720754","0.462922682505208","0.683370244012811","0.465665953581002","0.654872606497449","0.528797185722887","0.432716630418326","1.4187746971075","0.436477210146679","1.89049737460177","1.21241868527667","1.18817086130932","1.18799997253396","1.24110482919516","1.223269916732","0.869297722161591","0.931270935286934","1.30904886356493","1.45130093441926","",
"Central African Republic","CAF","Total debt service (% of GNI)","DT.TDS.DECT.GN.ZS","","","","","","","","","","","1.67204123074104","1.17268694606498","0.796816461318744","1.80272467622072","1.73935884290637","1.55344551236484","0.959393928437121","0.854324869476199","0.857878089356649","0.539901846311461","1.24941716752874","1.546681585107","1.16587295239921","3.21499527756694","3.93588626979784","3.05928331090502","2.55971814841695","2.38431800408283","2.18298764478463","2.77900791837296","2.0530411794851","1.10986586428734","1.10970628794911","0.733428132038905","2.78818482058542","1.43287691334405","1.30896210623096","1.69125992379374","3.50488853850435","1.92174578447752","1.61965963222638","1.46415170883007","0.584082758478072","0.0709565125518107","0.810479302735286","0.518084416901564","4.91899736707384","5.31911868986109","1.32685864818345","1.46772779607498","0.10753640023537","0.0614783113671629","0.183961503019233","0.376118954133839","0.629438951269894","1.02324553196298","1.36665790616347","1.62372557762893","1.12563650358026","1.32690403992435","0.667668679749363","0.707504538341288","0.792568189339515","1.44523876302135","1.93710140673052","",
"Canada","CAN","Total debt service (% of GNI)","DT.TDS.DECT.GN.ZS","","","","","","","","","","","","","","","","","","","","","","","","","","","","","","","","","","","","","","","","","","","","","","","","","","","","","","","","","","","","","","","","","","",
"Central Europe and the Baltics","CEB","Total debt service (% of GNI)","DT.TDS.DECT.GN.ZS","","","","","","","","","","","","","","","","","","","","","","","","","","","","","","","","","","","","","","","","","","","","","","","","","","","","","","","","","","","","","","","","","","",
"Switzerland","CHE","Total debt service (% of GNI)","DT.TDS.DECT.GN.ZS","","","","","","","","","","","","","","","","","","","","","","","","","","","","","","","","","","","","","","","","","","","","","","","","","","","","","","","","","","","","","","","","","","",
"Channel Islands","CHI","Total debt service (% of GNI)","DT.TDS.DECT.GN.ZS","","","","","","","","","","","","","","","","","","","","","","","","","","","","","","","","","","","","","","","","","","","","","","","","","","","","","","","","","","","","","","","","","","",
"Chile","CHL","Total debt service (% of GNI)","DT.TDS.DECT.GN.ZS","","","","","","","","","","","","","","","","","","","","","","","","","","","","","","","","","","","","","","","","","","","","","","","","","","","","","","","","","","","","","","","","","","",
"China","CHN","Total debt service (% of GNI)","DT.TDS.DECT.GN.ZS","","","","","","","","","","","","","","","","","","","","","","0.88901618874173","1.03271372268425","1.16004614753229","0.873546807603608","0.798233390828611","0.988013648504964","1.40942904482963","1.45945720301295","1.62103620500828","1.94662344147073","2.15554298006339","2.01036713360662","2.28154947244303","1.96802282868424","2.0742112500157","1.84061993805217","1.92801319246732","1.80647067207119","2.44010098291476","2.20082218528763","1.87140379643952","2.10810353517618","2.24173262806956","1.17740992433513","1.19508789390146","0.98873650244154","0.882766158073599","0.710076042867922","0.770199497109214","0.844921983845702","0.826153076691624","0.834847422357493","0.798685183697448","0.763494761879387","1.12829634240865","1.47145371630911","1.64756325994485","1.71039333419739","1.89934892791416","1.84429465649716","1.86583892939778","2.4894329251481","2.48415874132595","1.89505315406116","",
"Cote d'Ivoire","CIV","Total debt service (% of GNI)","DT.TDS.DECT.GN.ZS","","","","","","","","","","","3.00033819910849","3.14155082858281","3.40934493795979","3.14352974807775","4.16574345452456","3.79070526755369","4.99777400219402","5.00249134819536","6.22736566203241","7.62632689940042","14.5352755013558","19.3769137996926","21.9139634821377","20.6090652099252","17.9352067437743","17.6981755113916","15.5979355193967","14.8778426816929","11.5546651099741","12.8521086538822","13.7026402741674","14.0278982728125","11.8238748987081","11.3012420678079","16.5023234987143","10.4480696502242","12.2485578855119","10.6033337099096","11.5090820439872","12.3577082383138","10.498320547987","6.2429915858913","7.65306406925786","4.37576841031281","2.64963966539707","1.86813150643797","1.57866003206806","2.20468655700905","4.47458034344447","4.83465362911298","3.13144235915807","2.99276624574005","2.78221681961334","3.51547067418703","2.105766700134","1.80611488648909","3.31055558668332","4.41115582548775","2.90811149486105","5.11506410485388","4.01014177130789","2.45383208591289","3.35979499643596","4.67228133755145","6.46821270909015","",
"Cameroon","CMR","Total debt service (% of GNI)","DT.TDS.DECT.GN.ZS","","","","","","","","","","","1.11516639576376","1.37606036816153","1.34776822325861","1.83419022759287","1.68430914344354","1.76878364340046","1.87971385099","2.57585841755444","2.95608492702809","3.19027402080441","5.0260047925418","5.10330690755904","6.23727118646635","5.40298249874111","5.89860123956747","7.8980183940186","5.75937448083731","5.04837036062683","5.53032682466616","3.75642719411661","4.38077140434586","3.78486790485086","3.45573313065433","3.036564043311","4.53671172191232","4.17974330290856","4.8430198232669","4.98401662614714","4.81480914468581","4.94246603419883","5.61254764053721","3.3402774542513","2.98100899269891","2.8270101688453","3.33114034361378","4.30513575442862","3.62658617667381","2.07504225610526","1.60397201731161","1.44611894708427","0.745629947740546","1.09406925347602","0.801000850154016","0.824406029098372","1.48636788867069","1.60185256039175","2.59767579999014","2.03159319490275","2.69393600270058","2.92075781031116","3.28389573332694","4.37874157258801","4.18841735254258","3.60726194022292","3.21127047543038","",
"Congo, Dem. Rep.","COD","Total debt service (% of GNI)","DT.TDS.DECT.GN.ZS","","","","","","","","","","","0.707190957479979","0.680329683506283","0.996228166080452","1.24486851716431","1.95697144610286","1.49277254633085","1.21030675976607","1.0285274627678","1.01615679465253","1.47512356217447","3.84714588384426","3.29236643128468","1.6795153871832","2.3124698955224","5.42883372833078","7.30344508906154","5.69641935659341","6.70441869615341","4.83166325384632","7.27357411246515","4.05785464819457","2.30418163287115","1.03412633753765","0.273205257841913","0.305715391224273","0.511872604381793","0.896820855048281","0.220227120380172","0.331910646603464","0.586155279779453","0.159071843853649","0.286325027793698","11.0190275962517","1.70165563470287","1.33378587572727","1.79839926800904","1.929143045734","2.82301985250717","2.76788261770694","3.5043076671946","1.18062019849144","1.01899567136822","0.801456236879409","1.08321144673096","1.01744738725993","0.923474887627389","1.14378340083182","0.945534340401053","0.724093243600839","0.788779991124969","0.600216152673289","0.562503853106939","1.33336178949029","0.724741502173321","0.642165520122786","",
"Congo, Rep.","COG","Total debt service (% of GNI)","DT.TDS.DECT.GN.ZS","","","","","","","","","","","3.2912627375172","2.74336383158228","1.90280207920033","2.31616201172725","3.2352753657747","3.95897586242464","3.25431277821565","5.1660544638889","2.47931713818177","6.86520123017019","7.04948710460601","12.8102027194697","11.9162204144614","17.2789652373629","17.4736802216463","20.882381832664","19.2672336073098","19.3616416880551","22.7810008204156","17.3297532978996","22.3542091345145","14.1268524048899","7.24067212169552","7.32096146171059","36.7384282289449","15.188633673407","25.0350378755527","8.17314903861918","3.09164023848518","1.62362554220819","1.97462471436115","4.77279550783315","1.36619862654331","2.51325467217461","6.70060033366041","2.22784916720585","1.28335185601875","1.47186209249384","1.63970168426544","1.96212469015884","0.986464099273208","0.932338380303662","1.02117407185348","2.49217720044302","2.68140569938527","3.36287338968537","3.42620121339108","4.03600183159745","3.4145879514745","4.02116124170304","5.62049305928589","3.77968829475167","9.4083769756282","7.72567639018261","7.67445934326807","",
"Colombia","COL","Total debt service (% of GNI)","DT.TDS.DECT.GN.ZS","","","","","","","","","","","4.1326087046852","3.63276105487792","3.9729614829723","3.62771506268984","3.5218419672056","2.58011465319963","2.60447220653872","2.06675313579035","2.16412871042463","2.60561312931523","2.93330601689376","3.18888806457221","3.98715001951107","4.32529867779416","4.49080516043403","5.98352400702647","6.78946122861134","8.19406513203438","8.90264983433566","10.566023089547","8.54391255824375","8.02354024214351","7.14394603935916","5.77183598791966","6.94897816258291","4.80615827575162","5.7067272427011","4.35112737054562","4.6981347125441","7.82693047993946","5.2665422843199","6.61693124023246","7.18635000012191","9.44004609470031","6.81910449148135","7.23512615105319","6.32919950398338","4.30112339109542","3.40378737112275","3.91408076569032","3.53650380674624","3.19650888906551","4.31416602352986","2.73165924023404","4.0808566519986","4.9163692982279","5.66309395265003","7.32647228824894","7.49577162416569","6.08229655596907","8.10642186689008","8.03550964488892","8.1542475949146","7.94300426538897","8.17044779120809","",
"Comoros","COM","Total debt service (% of GNI)","DT.TDS.DECT.GN.ZS","","","","","","","","","","","","","","","","","","","","","0.16544718361233","0.373514969133243","0.433328332913732","0.769840480432028","1.48098060676591","1.14354122931498","0.846137814551369","0.52168590473035","0.309308154030761","0.463481700050284","0.276702368749738","2.03389862307363","1.29036038938838","0.505476965753992","0.885888231524611","0.245000651474686","0.363585279132169","0.752035643313073","0.656871571962676","0.971155179669647","0.958119462886256","0.761466385599768","1.10648427668081","0.560009261599297","0.532920438994959","0.616817673867064","0.546723722142951","3.28306922311344","1.35330238312323","1.31248831181925","0.473886134137392","0.385507755241434","1.21691912857473","0.0527959454365992","0.067789940767051","0.764493460862925","0.625698238111544","0.369937989576764","0.633978560758347","0.762090693252661","0.88394575842152","0.273059694076982","0.376616611835977","1.2813715517818","1.52206732391362","",
"Cabo Verde","CPV","Total debt service (% of GNI)","DT.TDS.DECT.GN.ZS","","","","","","","","","","","","","","","","","","","","","","0.219095492587719","1.0697266985744","2.24491363984379","4.11019352042606","3.84612970906418","2.61065998462588","3.52070594379015","3.10890165960344","2.43359298597281","1.85699405515601","2.47815455319286","2.96535048265386","1.35654689439184","2.30750648430723","2.01360341643921","1.61267236141839","3.01403797948414","3.80612953149519","3.48843729093105","3.07746313261251","2.46079130608996","3.78168471873979","2.38428811422487","2.65226274319861","3.80575189902161","2.97207627654988","1.82233673773172","1.63948032854682","1.81940857131734","1.99913822635139","1.9150358620089","2.78983599848545","2.51025967737695","2.62249435719294","2.97965510836869","2.76015911537909","2.94628276702764","3.16858575718142","3.17641310040712","3.56967717012877","2.94907872032369","4.73384975387339","6.18539411119767","5.7161549032491","",
"Costa Rica","CRI","Total debt service (% of GNI)","DT.TDS.DECT.GN.ZS","","","","","","","","","","","","","","","","","","","","","","","","","","","","","","","","","","","","","","","","","","","","","","","","","","","","","","","","","","","","","","","","","","",
"Caribbean small states","CSS","Total debt service (% of GNI)","DT.TDS.DECT.GN.ZS","","","","","","","","","","","","","","","","","","","","","","","","","","","","","","","","","","","","","","","","","","","","","","","","","","","","","","","","","","","","","","","","","","",
"Cuba","CUB","Total debt service (% of GNI)","DT.TDS.DECT.GN.ZS","","","","","","","","","","","","","","","","","","","","","","","","","","","","","","","","","","","","","","","","","","","","","","","","","","","","","","","","","","","","","","","","","","",
"Curacao","CUW","Total debt service (% of GNI)","DT.TDS.DECT.GN.ZS","","","","","","","","","","","","","","","","","","","","","","","","","","","","","","","","","","","","","","","","","","","","","","","","","","","","","","","","","","","","","","","","","","",
"Cayman Islands","CYM","Total debt service (% of GNI)","DT.TDS.DECT.GN.ZS","","","","","","","","","","","","","","","","","","","","","","","","","","","","","","","","","","","","","","","","","","","","","","","","","","","","","","","","","","","","","","","","","","",
"Cyprus","CYP","Total debt service (% of GNI)","DT.TDS.DECT.GN.ZS","","","","","","","","","","","","","","","","","","","","","","","","","","","","","","","","","","","","","","","","","","","","","","","","","","","","","","","","","","","","","","","","","","",
"Czechia","CZE","Total debt service (% of GNI)","DT.TDS.DECT.GN.ZS","","","","","","","","","","","","","","","","","","","","","","","","","","","","","","","","","","","","","","","","","","","","","","","","","","","","","","","","","","","","","","","","","","",
"Germany","DEU","Total debt service (% of GNI)","DT.TDS.DECT.GN.ZS","","","","","","","","","","","","","","","","","","","","","","","","","","","","","","","","","","","","","","","","","","","","","","","","","","","","","","","","","","","","","","","","","","",
"Djibouti","DJI","Total debt service (% of GNI)","DT.TDS.DECT.GN.ZS","","","","","","","","","","","","","","","","","","","","","","","","","","","","","","","","2.15691058590338","2.01914272792144","1.73946941694547","2.10975718052845","2.16370426541658","2.28060443823395","1.31896870962416","0.963106326356855","1.76197222887835","2.66060973069922","2.09364164751303","2.18870960447358","2.50583258311286","2.85879932060525","2.43975069095777","3.31079578759294","3.50127699569686","3.29578007485136","3.16471922389896","3.11907588171312","3.17580014479033","3.05168611769558","2.05077986344061","1.7422972923347","1.84463658587506","2.33321112732589","2.72848251267334","2.64513392159074","2.6630671491559","2.32517530172289","1.84126235640949","2.13793091318849","2.52599818222009","3.27022238451009","",
"Dominica","DMA","Total debt service (% of GNI)","DT.TDS.DECT.GN.ZS","","","","","","","","","","","","","","","","","","","","","","0.735578610856613","1.02285287767161","2.13713422400307","3.84407824898951","3.68927260851348","3.91266202923702","5.47565282193912","4.15773025533135","3.94145204161248","3.15502054649958","2.90426133899104","2.67470035929513","3.13763917857862","3.07156120751407","2.68881059974479","2.5698821151424","3.85709015419272","3.55365230045816","3.6347159123346","3.74111042671334","5.03332125134413","3.71605694795804","4.59544683017825","4.97643652443206","4.81896291484096","5.03231810858432","4.88611847764801","4.38811304926279","4.36372483951893","3.24800909420737","3.40293414930334","4.07583692277575","4.22923018433342","4.01965337547543","5.80332442555102","5.32453261416082","5.89937579248083","5.73546728938979","5.76014473644288","5.57101590967022","4.44254660009729","6.1021570333994","6.81164161452975","9.8119484780512","",
"Denmark","DNK","Total debt service (% of GNI)","DT.TDS.DECT.GN.ZS","","","","","","","","","","","","","","","","","","","","","","","","","","","","","","","","","","","","","","","","","","","","","","","","","","","","","","","","","","","","","","","","","","",
"Dominican Republic","DOM","Total debt service (% of GNI)","DT.TDS.DECT.GN.ZS","","","","","","","","","","","3.14035087719298","3.11475501682288","2.86758916679","3.5136181412165","2.45067625406608","3.12340614054595","2.85333336543823","3.20705343316694","3.62715726423469","5.89492388672719","5.85553625664041","5.51690619548169","5.00078044126639","4.23330264470219","2.40915143063108","6.53550110440585","6.48385023495479","5.65811981732421","6.83622713790833","5.17374683069838","3.53434593252225","2.88675383161514","3.17554598074622","2.6781719133972","3.66212069367593","2.62294237145526","2.59947048300683","2.41038990483761","1.84238526043324","1.829976207293","2.27495917894125","2.57044668465488","2.61523214023175","4.46154029709031","3.87741357386706","2.16205017568532","3.91472189599285","3.73551956669334","3.25163585672586","3.02384821916826","2.74468537278957","2.87729316070131","4.4620923989851","4.76687883477988","5.05695711293439","7.69469706037335","4.79249833251035","4.02580377210309","3.62484785074431","4.33367353017071","8.33130633796441","3.92867017283428","3.39131113355095","4.47952234380477","5.60878114182549","",
"Algeria","DZA","Total debt service (% of GNI)","DT.TDS.DECT.GN.ZS","","","","","","","","","","","0.942872957383351","1.37241803916676","2.81788324952035","3.49412381311742","5.41426073107533","3.04971039339511","4.52086894818921","5.92017657519368","6.73322552661809","9.68062824431287","10.0898363302155","10.1937772640763","10.5591978327366","10.0471344810464","9.83677859900586","8.87043487758636","8.33240258303502","8.41301567234129","11.5754268157623","13.0763992916491","14.7345963564589","21.2464892146519","20.3574597722112","18.8725342977374","12.5381800895411","10.7403951718414","9.4946516963908","9.61325242496573","11.1091628076938","11.2243071691886","8.59095955210506","7.57088282051397","7.02651009031025","6.06592609655549","6.49739166079288","5.84322751007706","11.3135095968735","0.972134507439136","0.695381765486079","0.707535382415686","0.380519122256186","0.294969914073195","0.380265583536734","0.237605584757475","0.127744017299275","0.376339887770164","0.198589555086649","0.127681518967251","0.114063958283461","0.102721422786052","0.107951707674702","0.105263472835915","0.135907951296803","0.191386622720589","0.168403574980645","",
"East Asia & Pacific (excluding high income)","EAP","Total debt service (% of GNI)","DT.TDS.DECT.GN.ZS","","","","","","","","","","","","","","","","","","","","","","2.923102784551","3.1573977671266","3.11337025904513","3.099498978482","3.11993122223735","3.52438963094626","4.17308607325532","4.30846682045517","4.22581723739265","4.37349365863957","4.35929316658523","4.35831892153333","4.56194920667631","3.98427300243598","3.85395301234227","3.81744704631123","3.86242094600049","4.14074593008825","4.58987573319594","4.05711252341225","4.1184763581205","4.10475108532164","3.75724136080966","2.71145691452377","2.59616882682343","2.3755970155158","1.94089024013569","1.46724482803667","1.4051302610115","1.42572013698884","1.30473423683351","1.3303902042995","1.30048475764183","1.48995723061371","1.7799114481286","2.0299460676046","2.15118542393902","2.18768106506","2.55348803206841","2.31413330018677","2.25396446210688","2.88774339581198","2.91081703411446","2.38793550554699","",
"Early-demographic dividend","EAR","Total debt service (% of GNI)","DT.TDS.DECT.GN.ZS","","","","","","","","","","","2.80880635437638","2.33902283607166","2.5231295635721","2.49289175576287","2.18034186422684","2.23069269267293","","","3.92580017294594","","3.94387590127411","4.29291815313234","4.88732092696706","4.79527371222243","4.90071962878411","4.88187454816354","4.89674820419013","4.90708449590376","5.43998185473035","5.35853103595882","4.68343402937587","4.77094341416277","4.93698919260335","4.87460850290106","4.32293676051976","5.07434527827577","5.70994743595017","5.65196278464293","5.17783067881264","5.56999976897059","6.06880168464926","5.48371745467115","5.23351693250073","5.20933318644983","4.79225058834202","4.42011027490746","4.74005507085768","3.76138071399275","3.43441890795","3.36043248043846","2.92611512843462","2.73422651328902","3.099982983698","3.07741169695715","3.85505626718416","3.76012566182785","4.53034450711035","4.13107385191277","4.23909967004827","4.58175605814291","4.94530922884851","4.05411120376828","3.81828956932454","3.8829559316361","4.16818541751078","",
"East Asia & Pacific","EAS","Total debt service (% of GNI)","DT.TDS.DECT.GN.ZS","","","","","","","","","","","","","","","","","","","","","","","","","","","","","","","","","","","","","","","","","","","","","","","","","","","","","","","","","","","","","","","2.88774339581198","2.91081703411446","2.38793550554699","",
"Europe & Central Asia (excluding high income)","ECA","Total debt service (% of GNI)","DT.TDS.DECT.GN.ZS","","","","","","","","","","","0.996580860787321","1.20797140298507","1.56890872372999","0.866910873847004","0.730963245218766","0.8210030811655","1.1543935842343","1.63469821547363","2.06441950341646","1.51241823988415","2.37390175127473","3.43986180886888","4.72036176064047","5.20177552009977","5.51631500126807","7.00580163440306","6.06090640559806","7.02800326779133","8.5179604953325","","","","3.7001020652534","2.86179240782849","4.58792260439177","3.91475335017421","3.70245592237722","3.73259423772089","4.8181166449629","6.63469976872728","8.10261795625494","9.6159511949114","10.1991703463346","8.46838723829083","8.04318728254301","8.39610305225409","7.93152369692758","8.52513225228918","8.7218367539823","10.8334042053613","10.2482219170004","8.85493664150738","8.03773587734147","8.92557227255628","8.074692489233","9.64500542254564","9.4430601499398","10.4381093310663","11.2239096281001","11.114972138815","11.5762263491111","9.37517295814232","9.126483718052","8.2700948990226","8.03611976367937","",
"Europe & Central Asia","ECS","Total debt service (% of GNI)","DT.TDS.DECT.GN.ZS","","","","","","","","","","","","","","","","","","","","","","","","","","","","","","","","","","","","","","","","","","","","","","","","","","","","","","","","","","","","","","","","","","",
"Ecuador","ECU","Total debt service (% of GNI)","DT.TDS.DECT.GN.ZS","","","","","","","","","","","1.66981043834265","2.1040274673405","1.95802147361894","2.49579876709576","1.92201215058956","1.31903157056933","1.77433845236875","1.88397812644774","2.95447756768537","8.19108072374007","5.88554476269587","6.67421830527619","11.369937120595","4.9362651253859","7.13618447553603","6.87746616919931","8.13073148107648","6.55858812702971","9.02595960859894","8.27350081443325","7.7814190276607","7.0112396179544","5.73616719910157","5.08264909876602","4.58255203197953","6.93142671238152","6.24316383532244","8.1140136250302","7.36048358603665","12.904092810797","19.4542262914438","10.2524835389294","10.2578178264479","8.49305388867002","11.9715401605882","11.2741945055952","10.1529392684334","8.19030377284805","4.22460568159412","13.4222296801852","2.60157630524541","3.09318816239858","3.0534040903684","3.30208828357089","3.9743705863685","5.33932888688904","5.61783244222225","6.48171302063432","8.74412990507652","8.98365343512755","10.0419834531579","6.25258460492794","4.66391075568811","7.00521962590767","7.05120123664656","",
"Egypt, Arab Rep.","EGY","Total debt service (% of GNI)","DT.TDS.DECT.GN.ZS","","","","","","","","","","","3.3877927141636","2.63229816791455","3.94368137617991","4.42975782871907","3.31079857862473","2.68207473102342","2.05620850581716","3.56480667049902","4.12062798982309","3.05882242531244","6.11170324311314","7.57848157288462","6.62593707096327","7.14780693287525","7.58880384837918","7.86929511669375","7.22052033432179","4.16008661285223","7.15606052774997","7.46530129570419","7.33999333663449","6.94175162397531","6.37031115293809","4.70662516056192","4.27100508754138","3.93621025501156","3.42066449080303","2.67592464786833","2.21352331422189","2.33643827829843","1.8359485538835","2.03476543742155","2.43999230150158","3.34846927547046","2.76680362326933","2.55776267618421","2.3039496255124","2.19842607151963","2.00555861546957","1.56829125048314","1.428047388747","1.62885752585063","1.18942104336922","1.22268879222216","2.01216407856486","1.16864264566752","2.02315058781381","2.75069736280585","3.34517962596805","2.94081739032531","3.34145512147015","4.47124570125697","3.88917591191881","5.652927497892","8.85775500969916","",
"Euro area","EMU","Total debt service (% of GNI)","DT.TDS.DECT.GN.ZS","","","","","","","","","","","","","","","","","","","","","","","","","","","","","","","","","","","","","","","","","","","","","","","","","","","","","","","","","","","","","","","","","","",
"Eritrea","ERI","Total debt service (% of GNI)","DT.TDS.DECT.GN.ZS","","","","","","","","","","","","","","","","","","","","","","","","","","","","","","","","","","","","0.0256162577849408","","0.0738514762167694","0.473602788148528","0.584808059656503","0.648014310989893","0.919871544214031","1.3644961477948","1.37305915555625","1.86806168661285","2.0254701896656","1.16768063232181","0.558326401105113","1.17615204894743","1.18105822137667","1.70911209615608","1.07391725368696","","","","","","","","","","","","","","",
"Spain","ESP","Total debt service (% of GNI)","DT.TDS.DECT.GN.ZS","","","","","","","","","","","","","","","","","","","","","","","","","","","","","","","","","","","","","","","","","","","","","","","","","","","","","","","","","","","","","","","","","","",
"Estonia","EST","Total debt service (% of GNI)","DT.TDS.DECT.GN.ZS","","","","","","","","","","","","","","","","","","","","","","","","","","","","","","","","","","","","","","","","","","","","","","","","","","","","","","","","","","","","","","","","","","",
"Ethiopia","ETH","Total debt service (% of GNI)","DT.TDS.DECT.GN.ZS","","","","","","","","","","","0.69593924904196","0.627864209811335","0.610056933179791","0.545483511568318","0.463234463697584","0.557374301772116","0.488457902633579","0.445136741840023","0.45159125754585","0.435160121091268","0.638246241067629","0.771714533992528","0.960394446232075","1.22581112948782","1.57078822534759","1.63968707981062","2.23214857038165","2.31732035141577","2.78316755654146","2.60294455740522","1.90267631309577","1.00478426466346","1.02463381466516","1.06088833546203","1.59880094421972","1.98362503441669","3.99255383862183","1.14828030183014","1.49751041036416","1.99491391988746","1.69337386589486","2.23742693905702","1.10018325054626","1.083716926237","0.958745053526713","0.714204528094805","0.876785032388932","0.637349217091313","0.38200328589493","0.295734862350697","0.601299423503035","1.07877548965472","0.992326884413376","1.37562846766642","1.36897194289655","1.78222032173404","1.81517794155653","1.95261203835366","1.9922644113344","2.42687863920334","2.05652883299376","1.85801281865945","1.64216289040069","1.15718410863525","0.907861728046778","",
"European Union","EUU","Total debt service (% of GNI)","DT.TDS.DECT.GN.ZS","","","","","","","","","","","","","","","","","","","","","","","","","","","","","","","","","","","","","","","","","","","","","","","","","","","","","","","","","","","","","","","","","","",
"Finland","FIN","Total debt service (% of GNI)","DT.TDS.DECT.GN.ZS","","","","","","","","","","","","","","","","","","","","","","","","","","","","","","","","","","","","","","","","","","","","","","","","","","","","","","","","","","","","","","","","","","",
"Fiji","FJI","Total debt service (% of GNI)","DT.TDS.DECT.GN.ZS","","","","","","","","","","","1.29403519498911","0.627820122784936","0.784549170678302","0.820990697672579","1.23514278407407","1.74992923578616","1.24300486924671","1.56224170074965","2.50483237468381","1.84479397059368","3.02532206566097","2.50139203241036","3.20987422708578","3.73615658118069","4.68269688729997","5.62787632678968","5.19665138525794","5.77148718831362","6.14910855869549","5.79831905895183","6.27657170805092","5.93398839613135","4.09813438349694","3.46580312474087","3.91786005482332","2.24917594774309","1.41278781697592","1.04426872214451","1.36366575066127","1.55494519945034","1.54765991220629","1.12181093718542","1.02558864136406","0.78111543851269","0.475204502571587","0.499597728379399","0.491474775892203","0.882303134239348","1.73659996844215","2.74977799695515","1.95317038195829","6.96639498156187","2.94280730348316","2.8678682044157","3.29748018676379","7.8372245467305","2.84653744536875","3.62356964403692","2.28853931179166","4.55972901898386","7.09350272220575","3.43467652715665","4.08764709380814","4.23287932668721","4.36282428721447","",
"France","FRA","Total debt service (% of GNI)","DT.TDS.DECT.GN.ZS","","","","","","","","","","","","","","","","","","","","","","","","","","","","","","","","","","","","","","","","","","","","","","","","","","","","","","","","","","","","","","","","","","",
"Faroe Islands","FRO","Total debt service (% of GNI)","DT.TDS.DECT.GN.ZS","","","","","","","","","","","","","","","","","","","","","","","","","","","","","","","","","","","","","","","","","","","","","","","","","","","","","","","","","","","","","","","","","","",
"Micronesia, Fed. Sts.","FSM","Total debt service (% of GNI)","DT.TDS.DECT.GN.ZS","","","","","","","","","","","","","","","","","","","","","","","","","","","","","","","","","","","","","","","","","","","","","","","","","","","","","","","","","","","","","","","","","","",
"Gabon","GAB","Total debt service (% of GNI)","DT.TDS.DECT.GN.ZS","","","","","","","","","","","3.87062497019216","5.15130660977027","5.57213752056508","9.41336034117919","2.87515490031847","3.21318397092559","3.10991363674247","4.79776219738938","12.6483310652586","12.2339091361164","11.2032007941952","9.67513458082628","9.26557526985858","7.84084698861192","8.43302638540149","7.95166400181015","6.41180588468445","3.19907026460623","3.75146276969804","3.6915147588993","3.29571973698193","6.37546278912403","8.89893642337021","4.18697393385657","7.23925559101763","10.625098544808","7.77916106180809","9.38586203150237","7.73596830975507","13.1414101505285","8.19593165567317","10.3793163832265","8.37619347301084","6.4668191906891","3.62741859559148","2.29386336247766","1.98464561714645","8.21111295972813","19.7730079623198","3.95003064583796","3.62778307498403","2.66743927735312","2.74917888120345","7.30263550285899","3.02439602863008","3.57745608897657","2.71278624535131","4.46606283436715","4.48967251325302","4.40488242265687","9.66658291787275","6.28589207675795","3.21760839014533","8.67572215504747","5.61780140111503","",
"United Kingdom","GBR","Total debt service (% of GNI)","DT.TDS.DECT.GN.ZS","","","","","","","","","","","","","","","","","","","","","","","","","","","","","","","","","","","","","","","","","","","","","","","","","","","","","","","","","","","","","","","","","","",
"Georgia","GEO","Total debt service (% of GNI)","DT.TDS.DECT.GN.ZS","","","","","","","","","","","","","","","","","","","","","","","","","","","","","","","","","","0.485527748052599","0.240273636150389","0.778493128295506","0.427128198955668","1.27575867941761","5.58716003430204","3.94007720049963","4.07013005234116","2.51587325718164","3.8874127097354","4.59589546795275","4.58665403293385","3.00922365521971","3.83739123085237","2.12884747623772","5.57408764746438","7.17755111596932","6.58036138597448","9.88476865819422","9.20550286025759","9.82150441595373","10.8924394292149","14.5035570069354","17.676612391109","16.4664643058149","14.1330376438986","14.6173244932078","16.0576455143068","15.2215149221451","13.2948331743094","12.5294157005234","15.1807164682874","",
"Ghana","GHA","Total debt service (% of GNI)","DT.TDS.DECT.GN.ZS","","","","","","","","","","","2.35558727221894","2.38700649398745","1.56152388026148","1.08395767112948","1.14283382307194","2.08303751413852","1.89189723871565","1.19303788860919","2.02361998518483","2.58577300237528","3.59327477683618","2.81611783663886","2.75853650589381","3.61178389473569","3.04433777535637","3.60221930626849","4.06362581302983","8.40661107434987","10.7697536870432","8.84069310612903","6.3711174251588","4.65073915653122","5.05631995621259","5.2623862989427","6.9144033616189","6.41048582295311","7.10739301169121","8.27265402057084","7.94400356050411","6.96510116446105","9.66938154278763","5.99769222276817","3.67908559629161","6.72483660330599","3.19298076303827","3.31735100275761","1.60122077082106","1.20058218038847","1.09588757218972","1.37119873017275","1.47731027160117","1.36261088653891","2.44713587579023","1.41167356407546","4.96111145556851","2.59522702070256","8.5491622317565","11.0738658139804","6.87062969867683","14.3204503817984","4.36184812762898","4.40529611024367","8.51314654696538","5.04497765700373","3.49940192592691","",
"Gibraltar","GIB","Total debt service (% of GNI)","DT.TDS.DECT.GN.ZS","","","","","","","","","","","","","","","","","","","","","","","","","","","","","","","","","","","","","","","","","","","","","","","","","","","","","","","","","","","","","","","","","","",
"Guinea","GIN","Total debt service (% of GNI)","DT.TDS.DECT.GN.ZS","","","","","","","","","","","0.519430660483787","0.496641456808871","0.511256626672771","0.575083709582645","0.527892655445376","0.69501032021252","0.614056041455255","1.07647217289029","0.976874223270226","1.20254898509552","1.21797996385592","1.14039901216321","0.814415177121524","0.510082837871205","0.65352015534151","0.342849762815068","2.60676136477738","5.75761110847871","3.81018708340514","3.51778427169435","4.53421392398698","3.18816734891964","1.86095056532555","1.83104955096812","2.11148904178804","3.33259730529857","2.09790174998119","2.93750599528898","3.17445185895245","2.7717572944173","4.00492583158901","2.88514838852743","2.44386369446679","2.24716883053118","3.46663641305668","4.19041186986257","3.99603797523076","2.60386042082192","1.87419582659844","1.82507982438891","1.1837997330593","2.67642411471704","1.69162044229919","0.492275543057954","0.607201137955839","0.892816840265302","0.680874842134816","0.792923488518344","0.975728973020158","0.830288820123919","1.00201204911283","0.950237569173586","1.07301300342621","1.51862164763417","1.93742973971244","",
"Gambia, The","GMB","Total debt service (% of GNI)","DT.TDS.DECT.GN.ZS","","","","","","","","","","","0.242656793942175","0.353917815655","0.777534474183481","0.574689008075107","0.542213186028877","1.59387195027082","0.322361995473343","0.458598146088391","1.52916915355382","2.4713814380462","1.74378159564336","3.18223258152429","8.06432900241854","6.97541139410371","7.21046922755457","3.57121408138921","14.5219471112712","10.1746054318568","8.43323010788351","8.89608971260148","12.9402247067833","4.60890894284468","4.26285655459033","3.80056601632951","4.27139115044361","3.64024528100859","3.36193647039426","3.41744735410397","3.1587862075088","2.71995195580221","2.9023033445886","2.21088286399018","2.7578778448864","4.41657544834184","4.00578450696029","2.8459128263604","2.93573556951744","2.70891275985202","1.10816268452061","1.37421126866765","1.66015958676194","1.99634133407064","1.94985968301847","2.28471467060601","4.04717950082033","3.03169310111748","3.00308524757423","2.92726227329494","3.00516493461611","2.65547559646981","2.27878619116826","2.18246990507617","1.90625472998612","2.34998543430137","3.25027198001642","",
"Guinea-Bissau","GNB","Total debt service (% of GNI)","DT.TDS.DECT.GN.ZS","","","","","","","","","","","","","","","","","0.00702308414451472","0.422067592333892","0.31182030535084","0.804433262656033","1.64170021066081","1.19831874136189","1.34283518659206","1.21126382833814","2.0286303351644","2.55555069574301","2.5483521338734","2.47665163101573","2.38125484983241","2.12778054079233","1.37696022317491","3.61776461963527","1.18575095789518","0.646201449609595","1.31038479498495","2.42620006801508","1.69713116001665","1.27505528073888","1.22370280655943","1.50758895948275","1.38104649213402","1.20369890583007","0.805895351318595","1.44577424062156","1.72362731474133","1.00007151557043","1.559568309038","1.41012360735672","1.59948725523001","2.40209048365229","2.20511976257595","0.610984120303803","0.557388586766468","0.226104691132185","0.504975643412744","0.593499501505658","0.797269618666134","1.11830898724284","1.33028723060598","1.74841805998769","3.92942041801161","3.17939588579787","3.44418342329096","2.6287127060734","1.76780939285263","",
"Equatorial Guinea","GNQ","Total debt service (% of GNI)","DT.TDS.DECT.GN.ZS","","","","","","","","","","","","","","","","","","","","","","","","","","","","","","","","","","","","","","","","","","","","","","","","","","","","","","","","","","","","","","","","","","",
"Greece","GRC","Total debt service (% of GNI)","DT.TDS.DECT.GN.ZS","","","","","","","","","","","","","","","","","","","","","","","","","","","","","","","","","","","","","","","","","","","","","","","","","","","","","","","","","","","","","","","","","","",
"Grenada","GRD","Total debt service (% of GNI)","DT.TDS.DECT.GN.ZS","","","","","","","","","","","","","","","","","","0.886597533627762","1.28817554628837","1.97503371799045","2.17195952305369","1.35860801207768","2.34605091565734","3.67096842734625","3.63988442100635","3.83052049275274","3.51748381197395","2.83092554268061","3.12623728980883","1.76402928350138","1.55334966011584","1.35568712227756","2.12522294632764","2.97004287542639","3.00799229837779","2.42788052784368","2.38440253723365","1.97023663973258","2.70681083093224","2.61109221658736","2.98761775972852","3.59794361753695","5.76718324309974","5.7567949295189","5.5221671074622","1.59174176313535","2.24601597443012","2.69138136368727","2.72747482437815","3.23060350808163","3.56116675823739","3.3733519980589","1.9676935382413","2.76153319020537","2.53653839839124","3.0651531060211","5.40989609038022","5.94657087587932","5.35788721288875","5.01840158107324","5.13702596145052","5.60491146805924","4.68994194597689","4.69749626166777","3.39858966817606","",
"Greenland","GRL","Total debt service (% of GNI)","DT.TDS.DECT.GN.ZS","","","","","","","","","","","","","","","","","","","","","","","","","","","","","","","","","","","","","","","","","","","","","","","","","","","","","","","","","","","","","","","","","","",
"Guatemala","GTM","Total debt service (% of GNI)","DT.TDS.DECT.GN.ZS","","","","","","","","","","","2.13511630399828","1.74687323073756","2.64713236367174","1.61263820740149","1.52487559097079","1.12679125115227","1.15849391810363","1.10474492667138","1.45242928574022","1.74031535949733","1.94959538457611","1.67620684563566","1.81508479723428","2.20513291910832","3.06765342997546","3.62090761953015","5.72155036125568","5.33282734692508","4.95853529346231","3.78797628222572","3.28683178641286","3.49614765393994","5.20731677988708","2.95890988669453","2.54579472661528","2.52757923759446","2.5120869225106","2.11174681818856","1.90606018373069","2.12876518773619","2.07674266800148","2.31847949866785","2.10799940530705","2.17248720844936","4.01169940290767","3.9704253391354","4.37910252123722","4.63583972104238","4.26050665133145","4.84983205237893","4.04591874527303","4.52397994805929","3.28161488640447","5.65239163029066","3.49749217794551","3.47914062718819","4.76136372085255","5.9463861152241","1.63708524319725","2.69289392510745","4.56340703110051","2.00282557187829","4.4267755712284","2.50512173461104","1.75362095850381","",
"Guam","GUM","Total debt service (% of GNI)","DT.TDS.DECT.GN.ZS","","","","","","","","","","","","","","","","","","","","","","","","","","","","","","","","","","","","","","","","","","","","","","","","","","","","","","","","","","","","","","","","","","",
"Guyana","GUY","Total debt service (% of GNI)","DT.TDS.DECT.GN.ZS","","","","","","","","","","","2.28720340701683","1.94496996780913","4.24052665222665","4.54447145000815","5.04307866136514","4.95574124902555","8.24161975727704","8.48527295508274","11.077449941817","20.0912804716798","16.9454854636147","19.2802869423347","13.3199718889748","13.1612406464463","16.7131613713474","19.0414729660741","17.9356222840402","27.5544542838258","20.7916431278081","34.5247512645173","102.222215462833","47.8330137489214","34.9582709754054","25.4831467452343","21.0481498970614","20.3818618465754","15.9614683925445","19.2545655957401","20.3247208698387","13.5470062216491","10.4659295013481","6.92198823486007","9.63521732585121","8.29106480033648","6.37899513353992","4.33816923236776","1.39330828405014","1.03502326252099","0.891864923728807","0.644182293365332","0.928146640476873","1.38698204124923","3.69304356137671","1.38682900688475","1.46385961435262","1.68286754078736","1.84669468472645","2.08368078549554","2.97279931331009","2.71785148981421","2.48556193244442","1.71053876432571","1.06091498694137","2.71817123964926","2.84216500831003","",
"High income","HIC","Total debt service (% of GNI)","DT.TDS.DECT.GN.ZS","","","","","","","","","","","","","","","","","","","","","","","","","","","","","","","","","","","","","","","","","","","","","","","","","","","","","","","","","","","","","","","","","","",
"Hong Kong SAR, China","HKG","Total debt service (% of GNI)","DT.TDS.DECT.GN.ZS","","","","","","","","","","","","","","","","","","","","","","","","","","","","","","","","","","","","","","","","","","","","","","","","","","","","","","","","","","","","","","","","","","",
"Honduras","HND","Total debt service (% of GNI)","DT.TDS.DECT.GN.ZS","","","","","","","","","","","1.51391634157405","1.96209646126666","2.44642403781741","3.67861676672461","3.25848816592111","3.93919644902194","8.98363148958401","6.17361339193099","6.02827550377149","7.04222710290954","7.09351362282386","7.28349067707866","7.4284826226138","5.81641994253108","5.45620296612374","5.85538412349201","6.98898394831076","7.44573983874","8.3586729098976","4.12897762152618","11.6716489234928","9.50027885018327","10.3680594748921","9.73765527026589","12.4185740416045","13.3180801138754","13.7284825408558","10.6285431901458","9.37257872826943","7.88600539070483","5.70657655338251","4.73221897050621","5.35671538742461","5.38187587385002","3.93344775750424","4.13175841770041","3.13593949929724","2.79354645916544","2.74786115415144","3.01202731835528","3.40999088520232","6.01495951334042","5.3723979910644","5.37390752905571","3.8725294451938","6.56681947932253","4.59854847048253","4.3950801715196","4.61497486466178","3.88386078331619","7.02014436606028","4.65664808541039","5.78069665315814","5.56769234468993","5.2321198701888","",
"Heavily indebted poor countries (HIPC)","HPC","Total debt service (% of GNI)","DT.TDS.DECT.GN.ZS","","","","","","","","","","","1.58134687527328","1.6515696009855","1.74223111859887","2.33313270042625","1.80580400280757","1.93540397516534","2.18484245571633","2.35138972629476","2.6790944180724","3.00140700455591","4.49552695666143","4.82856236013528","4.63366825052023","4.17902680298363","4.39463987171144","4.44838962451869","5.5516947695564","5.33772837270826","5.16447943498149","4.53606747050168","4.32397085389157","3.8970690223999","3.86787766399178","3.70767178280081","5.14046308307832","6.17866421784848","4.72324530730223","4.09358270567269","4.00523045902195","3.81578569365928","3.36948232484627","2.92426545247672","3.00792524785595","2.64304515677129","2.41115271179913","2.07643371927553","1.67992316080244","1.86131179617282","1.75662164538905","1.54870510273001","1.28039645172458","1.47551591619607","1.73837924134362","1.8133964169267","2.29998783235299","2.30232707762877","2.99577699167092","3.32505174963008","3.24608671193715","4.12300752703019","3.31630116555268","3.86315013544003","3.79407533236033","3.51801468776188","3.69751218182427","",
"Croatia","HRV","Total debt service (% of GNI)","DT.TDS.DECT.GN.ZS","","","","","","","","","","","","","","","","","","","","","","","","","","","","","","","","","","","","","","","","","","","","","","","","","","","","","","","","","","","","","","","","","","",
"Haiti","HTI","Total debt service (% of GNI)","DT.TDS.DECT.GN.ZS","","","","","","","","","","","","","","","","","","","","","2.24308006571742","2.43516036526317","2.02789567724527","1.66082717227946","1.99533884458385","2.45805446700766","2.22565706350796","3.25054198447285","2.46932392112095","2.12636199649993","1.25413872590722","0.911229265150676","0.361870860310895","0.411489787055445","0.180014691570489","3.72869132277952","1.06240137832191","1.15977396433095","1.13950136030566","1.26278490358415","0.712940147782995","0.542331826841578","0.494696272998115","1.08218054469352","1.6271071064744","0.815620221135127","0.832681485317082","0.944684475064488","0.612677206099909","0.409612065423873","1.11444364233545","0.0477494945654068","0.049572641334481","0.0975241506087077","0.184103497504039","0.249822488117228","0.653191386010243","0.145759271110389","0.14580221519813","0.182219677210518","0.198159691051103","0.116826400418028","0.174785256210957","0.372613732045403","2.23833110566806","",
"Hungary","HUN","Total debt service (% of GNI)","DT.TDS.DECT.GN.ZS","","","","","","","","","","","","","","","","","","","","","","","","","","","","","","","","","","","","","","","","","","","","","","","","","","","","","","","","","","","","","","","","","","",
"IBRD only","IBD","Total debt service (% of GNI)","DT.TDS.DECT.GN.ZS","","","","","","","","","","","","","","","","","","","","","4.59165979221359","4.44279437687422","4.91044597889863","4.62743275138466","4.64232713712677","4.47269490463977","4.47756663674955","4.54568857220762","5.08544987580514","4.61469076243434","","4.22420356979001","3.7118218492782","3.77587977181462","3.56303719366939","3.87916212841848","4.24017203144636","4.46835471270971","4.77596723192065","6.01022880967851","5.84112355447567","5.43647313413723","5.29178973751791","5.31888482517315","4.35649181592072","4.40611260461251","4.242569397599","3.40479430270268","3.20812744181499","3.23697784955916","2.68025484131306","2.37602236105372","2.43810855658348","2.53620584117867","2.8846017929656","3.35889987774761","3.72844030330228","3.44068358659934","3.60882987174335","3.91633231981661","3.97466675053832","3.50908217352495","3.65530606593339","3.87619495331872","3.29463703647222","",
"IDA & IBRD total","IBT","Total debt service (% of GNI)","DT.TDS.DECT.GN.ZS","","","","","","","","","","","","","","","","","","","3.93941704685991","4.44634340073828","4.5034976612553","4.40195943138224","4.8006122955836","4.58356665097836","4.59962653495434","4.47211973008754","4.56640777028851","4.62902664694653","5.07459848404753","4.60623060393475","","4.18469660900205","3.71488565970934","3.76220080517373","3.63213960997358","3.95419881531034","4.23408741547642","4.44829481862419","4.69965545134975","5.84791601031888","5.64373414255828","5.25978567569285","5.12158510522429","5.12110840004757","4.2337384730907","4.24365636584958","4.07652083525262","3.30969468029384","3.0534255813204","3.08276379853282","2.56726271785544","2.29140405959519","2.35960865109166","2.464888413956","2.79641021902661","3.21747690617604","3.6015788652362","3.35709699451231","3.5256649098629","3.84156240024559","3.85932338067206","3.4727518030416","3.61413017651516","3.85303264761376","3.35634252025874","",
"IDA total","IDA","Total debt service (% of GNI)","DT.TDS.DECT.GN.ZS","","","","","","","","","","","1.89427454643825","1.79959357953185","2.00593396243774","2.32309319047065","1.80288156873386","1.94834490809803","2.27784768173691","2.51193460556757","2.46821396276552","2.83266127807657","3.9213504549234","4.07046510500535","3.92999958744123","4.23298668140303","4.25282118295468","4.46742781507896","5.33445129232291","5.31645232494146","4.9851997126584","4.53092017197706","4.24101230991396","3.86930959974322","3.74874113606059","3.60758129579094","4.55820357553359","5.02002737660294","4.14542134795254","4.14611609866122","3.61890588575566","3.67813606250894","3.14182509371183","2.91684062308287","2.90145714753828","2.5672061604407","2.58739819603054","1.96896164358412","1.69871785448316","1.86879052768465","1.34096710311931","1.37009306073222","1.24192306491072","1.24290292933175","1.38394588194974","1.59954357905536","1.77863789339254","1.62480466212981","2.16614017032607","2.35632643306679","2.53283349082769","3.01952087145773","2.60441708966618","3.04225752577621","3.13365422521812","3.55858274951445","4.18381023889391","",
"IDA blend","IDB","Total debt service (% of GNI)","DT.TDS.DECT.GN.ZS","","","","","","","","","","","2.44712031179354","2.04606469702076","2.4853268857921","3.17176755097169","2.8289504841417","2.92166651403215","3.22247131925546","3.72908069231012","3.60494077246595","4.10028424162887","5.88161074248359","6.16095889074742","6.39474252069343","7.83329488998093","7.37232843950239","8.15925074382672","7.85425459151509","7.88205054263609","7.25893837022882","6.67730266248317","7.24167663055979","6.48623583442726","5.76143214906793","5.74160774991707","8.00305186719631","6.28152326222679","6.21775902025494","6.58486940767358","5.28760790584402","5.60272556422946","4.33409509641982","3.91437060319087","3.88016162050215","3.3648531523839","3.60488390012269","2.54544108540797","2.03884137894479","2.25150303900171","1.22544780644114","1.30097079700116","1.16940279320057","1.05717470241361","1.04714586747911","1.30443970538758","1.21144202248776","1.22685032040581","1.97499288940216","2.10908704142476","2.11081834347875","2.60558322807773","2.55221358916315","2.80778925551819","3.30776204993406","4.36772444811655","5.79993701555313","",
"Indonesia","IDN","Total debt service (% of GNI)","DT.TDS.DECT.GN.ZS","","","","","","","","","","","1.87014391668693","2.57188752745331","3.04539401376022","3.50645398129139","3.01784060044702","3.64036303646126","3.69889629431308","4.65710169623122","5.72362758734329","6.25227222409042","4.452234684188","4.23434545289965","4.42225030457144","4.83633474109632","5.99829750518332","7.1226642005102","7.8029772747591","9.68824749776949","10.7762666938576","10.9383852786108","9.85477911249037","10.3345733265051","10.2176687175579","9.26809192382401","8.28640287485304","8.36878048789977","9.73676082047988","9.42485211660936","20.3327508344735","13.6694925278637","10.8366392316289","10.0593804593069","8.92370483523437","8.21576139415285","8.39818313072652","7.45800547561679","8.11397310988892","5.78161836236857","4.40447485549543","4.78159765858595","4.29517826986869","3.57889968182425","4.17510789961055","4.68283884850976","6.98301160731609","7.24190185567507","7.13996486601349","5.97994851232226","5.49922880859905","7.54979926128362","6.5646959916489","5.75858046182886","5.87531418398863","4.54594473182504","5.64347834292339","",
"IDA only","IDX","Total debt service (% of GNI)","DT.TDS.DECT.GN.ZS","","","","","","","","","","","1.6151037628419","1.67357717090548","1.78009407299197","2.04674241107098","1.46067555234882","1.62201386037611","1.90032296762064","2.0049696428286","1.97455243445018","2.25132621758328","3.01082131681592","3.04790714080295","2.71053469758474","2.54395665490529","2.76878965384447","2.82341313637853","3.95346035484329","3.87905076026476","3.70526735886075","3.37105985958534","2.855176510472","2.69936107657116","2.48486623607871","2.3061614599423","2.58866428336856","4.22696954371173","2.81037460624102","2.65271046231016","2.63701785841716","2.54725230079225","2.35439570406898","2.2594038401369","2.28682747461486","2.05471040728108","1.91445301172236","1.6003816915744","1.48807906432677","1.63971857197233","1.45573583163265","1.43216272429776","1.30936757038466","1.41867301007842","1.73733452010484","1.91199914617078","2.4008345404732","2.04201756104747","2.34421703926438","2.57425843868953","2.90001318193585","3.44208700499724","2.65344185382546","3.25912120391292","2.97494870098229","2.92362679426486","3.15364154214613","",
"Isle of Man","IMN","Total debt service (% of GNI)","DT.TDS.DECT.GN.ZS","","","","","","","","","","","","","","","","","","","","","","","","","","","","","","","","","","","","","","","","","","","","","","","","","","","","","","","","","","","","","","","","","","",
"India","IND","Total debt service (% of GNI)","DT.TDS.DECT.GN.ZS","","","","","","","","","","","2.19303005039381","0.861678316943728","0.901244604398341","0.816483922009128","0.822451437070233","0.876829356829319","1.17698710307414","1.01006517684012","0.952109502871051","0.836527174049447","0.748704129707222","0.801602920723251","0.986984706760433","1.14121178292621","1.36133389216818","1.47160342023724","2.01146607101978","1.89043205839311","1.9000061681608","2.23167322405491","2.42896753511004","2.79985168851234","2.56225888101984","2.87896747679776","3.23443447652972","3.68764120648438","3.00746387880029","2.95321030962633","2.82088700527263","2.18097259538234","2.30193247208852","2.44584321314826","3.01941298183046","4.27097135231166","2.48636111923734","2.93712138963563","1.86526396401862","3.25206703587721","2.59909766161628","1.23889459625915","1.47271485113113","1.62038919564452","1.68674506539626","2.11299315604172","4.60624170250368","2.38856458537453","3.39347044179142","1.95306263787674","2.38022646268921","1.82517493462647","2.8938509435016","1.66395504956966","2.05079380726187","2.38826323630764","2.46786451306233","",
"Not classified","INX","Total debt service (% of GNI)","DT.TDS.DECT.GN.ZS","","","","","","","","","","","","","","","","","","","","","","","","","","","","","","","","","","","","","","","","","","","","","","","","","","","","","","","","","","","","","","","","","","",
"Ireland","IRL","Total debt service (% of GNI)","DT.TDS.DECT.GN.ZS","","","","","","","","","","","","","","","","","","","","","","","","","","","","","","","","","","","","","","","","","","","","","","","","","","","","","","","","","","","","","","","","","","",
"Iran, Islamic Rep.","IRN","Total debt service (% of GNI)","DT.TDS.DECT.GN.ZS","","","","","","","","","","","","","","","","","","","","","1.02013158305363","0.744749754083283","0.93194166813478","0.674593325925481","0.464670046238888","0.330323811904515","0.264932549371912","0.327183439295217","0.509137256609686","0.381563967263541","0.523825332714046","0.608893601614208","0.893638267916717","2.8316533642183","4.56782975953467","5.96555184299303","5.39691518306298","5.49211517651506","2.48222285563579","3.42768845275768","2.71449436773366","0.963807206897984","1.07415318653936","1.03973006828838","1.12790628503568","1.25528007970637","1.0704217958979","0.823289235699654","0.701908739674806","0.580599451469163","0.371043748508893","0.262700182946368","0.0924664358270198","0.0871004327195637","0.110038063484913","0.178135396449865","0.435484957519047","0.0959328362176176","0.0468282106389345","0.0958636490358215","0.116763215065632","0.0845488539066818","0.0417850285726986","0.0789925099712766","0.0763675871311107","",
"Iraq","IRQ","Total debt service (% of GNI)","DT.TDS.DECT.GN.ZS","","","","","","","","","","","","","","","","","","","","","","","","","","","","","","","","","","","","","","","","","","","","","","","","","","","","","","","","1.14403955638138","0.821513048005352","0.789005360083493","0.889451986351627","1.16742940749727","2.24519013738248","1.98516928185281","1.62045062896549","1.66429912145067","1.21816224041067","",
"Iceland","ISL","Total debt service (% of GNI)","DT.TDS.DECT.GN.ZS","","","","","","","","","","","","","","","","","","","","","","","","","","","","","","","","","","","","","","","","","","","","","","","","","","","","","","","","","","","","","","","","","","",
"Israel","ISR","Total debt service (% of GNI)","DT.TDS.DECT.GN.ZS","","","","","","","","","","","","","","","","","","","","","","","","","","","","","","","","","","","","","","","","","","","","","","","","","","","","","","","","","","","","","","","","","","",
"Italy","ITA","Total debt service (% of GNI)","DT.TDS.DECT.GN.ZS","","","","","","","","","","","","","","","","","","","","","","","","","","","","","","","","","","","","","","","","","","","","","","","","","","","","","","","","","","","","","","","","","","",
"Jamaica","JAM","Total debt service (% of GNI)","DT.TDS.DECT.GN.ZS","","","","","","","","","","","17.4016637695868","16.4889406328253","13.2914425365962","14.545195827616","12.9927879767754","11.6481393796388","22.9271630401404","9.06571734508157","27.7086654292659","13.4428231031535","11.4223210080266","13.6314341760604","11.6495645654359","11.5166425834453","21.0415025524354","28.2247666711959","27.3728739693595","25.5462596363632","21.1232922102255","15.8695473446691","15.9593836478832","18.9440962408616","21.128741438525","10.2878040072187","11.4992874875689","10.7947761475388","9.19743649040132","7.78200610393398","5.80691095636684","7.0901943829346","8.19992349306001","8.52256710903122","9.37096368180302","9.50690132074733","8.94001909829872","9.18942577433659","7.35760117897089","10.7267799731262","8.9628313766587","13.0413453260928","9.36156082284817","11.8547334105864","12.3725911464633","8.69088166243484","11.5799067664128","28.0038617488169","13.2662411333678","9.1080624830998","9.01126241744228","33.260257500911","12.6403906452928","8.94722845713973","8.42687681721432","14.0987427533461","11.3332012319745","",
"Jordan","JOR","Total debt service (% of GNI)","DT.TDS.DECT.GN.ZS","","","","","","","","","","","0.688428375875585","1.08923274449523","1.2370427844314","1.91803173927354","1.35658010204498","1.51048228296116","1.67971076951379","2.92255600012908","3.44531222144667","4.45284619778127","5.30410712760927","6.78511492198903","6.09382217852584","7.32944481792928","8.33205380064539","10.5229002864748","9.49519106784839","11.650648026911","17.2026551216972","14.7351938500358","15.9272076383802","18.7622608494466","14.4927001115847","11.5278251419733","9.65582878268722","9.30176611598902","14.7529461505768","12.2709944587893","11.2152740046273","6.87363015209529","9.85981453287204","9.4707002387363","7.38006755666457","12.2544183057671","8.12573054721964","6.80652606980228","6.64629925324077","6.35448421419514","11.0050272014697","2.56624001584358","2.63276132807064","2.88596400929455","2.74106684827946","2.46993629163617","3.31509325571944","5.00599918692908","5.65265081894841","4.11635346260712","4.76700117180724","6.88863480443873","6.50085977616248","6.20515300188144","9.50759677143351","7.02614691643217","7.84961814398842","",
"Japan","JPN","Total debt service (% of GNI)","DT.TDS.DECT.GN.ZS","","","","","","","","","","","","","","","","","","","","","","","","","","","","","","","","","","","","","","","","","","","","","","","","","","","","","","","","","","","","","","","","","","",
"Kazakhstan","KAZ","Total debt service (% of GNI)","DT.TDS.DECT.GN.ZS","","","","","","","","","","","","","","","","","","","","","","","","","","","","","","","","","","0.0412024738333285","0.32284716738667","1.15964616641997","1.5479271121035","2.20963475650452","4.54015294456223","8.46213468118845","19.7767959036358","15.9996601002046","17.4180585214069","18.1067463956735","21.6761058800684","25.5165692198684","20.1787919772616","29.5501206825757","29.2779898829174","24.9813550629525","30.6786257358328","19.6803622661025","12.9008870684899","14.6253691420533","15.741664175671","20.4057564137142","16.7339350762573","19.1717919079016","21.8162500312353","21.4668314274712","21.0990683907328","18.9217432277351","24.9415825334309","20.2237184542564","17.2792460255546","",
"Kenya","KEN","Total debt service (% of GNI)","DT.TDS.DECT.GN.ZS","","","","","","","","","","","3.1646344953701","2.98994582064181","2.33072747814001","2.70961372784357","3.40179327353682","4.76976150956757","5.07940596416199","7.51791022022422","4.21622963148684","4.98096574028889","6.15403074884392","7.30450772013903","8.04337972406243","8.89656403027645","9.66483439536938","10.4832554093168","9.67693332213915","8.98973573983118","9.18414104663972","8.81758444029433","9.63702770348311","9.24876586040055","8.53304558719043","11.7209103655482","12.9872731351439","10.364589966493","7.0870480843467","5.07420104464255","4.74557514024934","5.45947893061451","4.71450208236973","3.78120072604703","4.08107256690456","3.94362831712598","2.24671101181596","2.88742055521988","1.67502574734992","1.43767344825847","1.15369491284044","1.05246227171942","1.00913780458503","1.05363687668992","1.07020422651406","0.981940461895437","2.20179846842632","1.40888517813813","1.51580806262624","1.92138336255286","3.07360119299641","4.54740284016274","2.83369393557602","2.26098115506385","2.96110577402991","3.66877998224132","4.8180277635137","",
"Kyrgyz Republic","KGZ","Total debt service (% of GNI)","DT.TDS.DECT.GN.ZS","","","","","","","","","","","","","","","","","","","","","","","","","","","","","","","","","","0.0698801867940284","0.993195823752804","3.691725618059","4.15150223218312","4.56739307403628","7.33619027461354","9.70912905075797","13.8331321330653","12.2276151759229","8.55224922140627","8.88319575688562","8.05436271443924","6.01145412823828","3.63912156278961","5.17268975947953","6.81170813105249","5.97076864727396","11.6884567461992","7.56180354412267","5.55163410853639","5.79666725762305","5.84939605316146","6.88029165826481","11.3721174633605","8.85475799188403","8.46020355937757","9.80330740546275","8.05457015048774","6.85198268384032","5.14435651107277","7.8942065534564","4.56062742742556","",
"Cambodia","KHM","Total debt service (% of GNI)","DT.TDS.DECT.GN.ZS","","","","","","","","","","","","","","","","","","","","","","","","","","","0.002449051769644","0.00161987356498376","0.00362827859058427","0.00230809458887099","0.00235901427984208","0.00170787066799844","0.618853450953619","1.34394933538592","0.0303515142626146","0.194775839229445","0.217927896200338","0.234049197739778","0.316692846503308","0.489590539221268","0.350767915744967","0.461326245838383","0.47353863493416","0.520989327401942","0.484771827704812","0.438162565145797","0.364026158348713","0.279255263010967","0.355369836958264","0.410464693096813","0.487335311015316","2.07386914730535","3.19201692263162","3.25396451045926","3.12937933597947","2.98153557794747","3.17719773836845","3.7067161342875","4.2283360668409","4.45048671128518","4.63018433011138","6.51696606269906","7.09577633591082","6.5875150281106","7.40976687240546","",
"Kiribati","KIR","Total debt service (% of GNI)","DT.TDS.DECT.GN.ZS","","","","","","","","","","","","","","","","","","","","","","","","","","","","","","","","","","","","","","","","","","","","","","","","","","","","","","","","","","","","","","","","","","",
"St. Kitts and Nevis","KNA","Total debt service (% of GNI)","DT.TDS.DECT.GN.ZS","","","","","","","","","","","","","","","","","","","","","","","","","","","","","","","","","","","","","","","","","","","","","","","","","","","","","","","","","","","","","","","","","","",
"Korea, Rep.","KOR","Total debt service (% of GNI)","DT.TDS.DECT.GN.ZS","","","","","","","","","","","","","","","","","","","","","","","","","","","","","","","","","","","","","","","","","","","","","","","","","","","","","","","","","","","","","","","","","","",
"Kuwait","KWT","Total debt service (% of GNI)","DT.TDS.DECT.GN.ZS","","","","","","","","","","","","","","","","","","","","","","","","","","","","","","","","","","","","","","","","","","","","","","","","","","","","","","","","","","","","","","","","","","",
"Latin America & Caribbean (excluding high income)","LAC","Total debt service (% of GNI)","DT.TDS.DECT.GN.ZS","","","","","","","","","","","3.39833183898407","3.14811183467553","3.21135635180403","3.20979220992287","3.14923544197091","3.38517516294919","3.46409198493214","4.02094727467325","5.0328241814593","5.95060967222082","5.93976993425804","6.38967939944599","7.49776159874099","7.42915735041037","7.25678850977029","6.81559680969015","6.59159963915527","5.74820839030172","6.30999111652684","5.02713415163768","3.78828139113256","3.77981686186935","4.12401625536589","4.00481854598465","3.50020416596978","4.17082307395264","5.18352958132501","5.69279354190546","5.74788492287178","8.35914108425998","8.26471206400334","7.04143665678852","6.75557754861313","7.27394524788381","6.56273045475269","5.8309040536409","5.85773881737325","4.06444507972564","3.47799333022233","3.49797582343493","2.75846646255503","2.82167155497315","3.30615115789435","3.31120310766705","3.21334809494899","4.65882391778602","6.28536065563953","5.49799550162442","5.56608129616425","7.19737506585208","7.74907381657827","7.51729138617176","5.48588187186036","7.11691866391827","5.33543087269507","",
"Lao PDR","LAO","Total debt service (% of GNI)","DT.TDS.DECT.GN.ZS","","","","","","","","","","","","","","","","","","","","","","","","","0.38840728157148","0.291310214741911","0.475327487652559","0.96146884940503","1.71904001607145","2.45176324336585","1.03910330342834","0.827407851186107","0.845608846933863","2.13974250673503","1.28256638721774","1.45116753689981","1.53000425870969","1.60622769763089","2.47686711967131","2.61372839878501","2.45856119361124","2.59831096750951","5.59922382412762","5.38666948196211","5.51629729945955","5.07604345126132","5.72754569500911","4.91019047671925","4.20493568964234","4.05130997628777","4.51768384984779","3.85919238195892","2.78518513627439","3.03695491911218","3.09424789468884","3.05087469632187","3.70290254163305","3.9708033679614","4.41297435128762","6.04854500756718","5.15506219893888","13.0061658229525","9.41862992797091","8.56235011647779","13.8401535396844","",
"Lebanon","LBN","Total debt service (% of GNI)","DT.TDS.DECT.GN.ZS","","","","","","","","","","","","","","","","","","","","","","","","","","","","","","2.69423926097918","2.87237677650674","2.35992694775558","2.27044265147172","1.67074813292893","1.86438596962388","1.84357288382329","2.14523712557812","4.60438535796318","3.09649035015855","4.44576240575601","8.48024375161002","8.48673531453048","12.1568355881527","19.9263378015417","21.9187913888995","17.0609513384998","20.398979814342","18.5944499727722","15.0215246229244","29.0670994211014","27.0337262700517","30.2077997587524","25.7803171584808","23.663605868673","25.498555777446","25.9291159417891","27.7948190199877","29.2997584235357","29.6585117908926","33.9644575804846","36.056980980616","28.6588424117041","19.0276240903699","21.9442376675271","9.67622595083188","",
"Liberia","LBR","Total debt service (% of GNI)","DT.TDS.DECT.GN.ZS","","","","","","","","","","","6.37267349697956","5.48975407192651","4.60430270879006","4.66371113651819","3.92245559192976","5.16878241609936","3.67378027222952","3.42801181735857","3.18425142102177","8.03367447015052","5.56531842887163","4.90869439255004","5.55353282648958","5.2651008922142","6.93980421999645","4.24272738120569","3.67072104708414","1.74909264337958","2.45819502058243","0.551611312389524","0.604784337192593","3.59340829671183","0.183459885398477","10.0896441627978","8.1387115696149","0.898198540462685","0.65248943283702","0.0505825935266908","0.225244841647357","0.795238980712708","0.2403272586073","0.190998802802347","0.193405545909043","0.111605442512949","0.190115234674905","0.232345088897129","0.216702556018879","52.7662913165648","59.6714042326353","1.69040690466964","0.337771227195163","0.141102239741484","0.185700964246352","0.21899393978088","0.604920878833679","1.54189140781148","0.387060105736167","0.539517529151291","0.816155064039418","1.28941622741146","2.59939457735634","1.82454868417292","2.28570781344363","3.04863206229031","3.12403152349008","",
"Libya","LBY","Total debt service (% of GNI)","DT.TDS.DECT.GN.ZS","","","","","","","","","","","","","","","","","","","","","","","","","","","","","","","","","","","","","","","","","","","","","","","","","","","","","","","","","","","","","","","","","","",
"St. Lucia","LCA","Total debt service (% of GNI)","DT.TDS.DECT.GN.ZS","","","","","","","","","","","","","","","","","","","","","","0.641171415326384","0.71356732291542","0.718345415131198","0.521535520799364","0.544167361474917","0.588838019154459","0.735135575378864","0.873482632145988","1.16175430092721","1.21698027843589","1.86284490053699","1.89739648866458","1.8218182043161","1.6861054129038","1.73672390919121","1.79496717079605","1.86312563151632","2.06963410547807","2.19661999302554","3.39829724388759","2.98881007540921","2.3562081628398","3.21593870735738","2.37941139707602","3.01991052925779","2.85118973428324","3.74865051662085","4.29451714088245","3.18031065440065","3.06310789747025","2.89450091660873","2.83464519268191","2.30978106328514","2.24387558418086","4.23104319063974","2.75564167541054","2.53806262146817","2.55786304834949","2.62299741660902","3.01179530190974","2.48254968812816","2.43467812416454","3.07826928409619","3.35278286140607","",
"Latin America & Caribbean","LCN","Total debt service (% of GNI)","DT.TDS.DECT.GN.ZS","","","","","","","","","","","3.39626185871202","3.14596700881019","3.21304726066329","3.21155018346625","3.15188343235996","3.38757479977662","3.46997737645876","4.02592611228785","5.03917047871655","5.96459422030721","5.94994322184237","6.39899747618351","7.50159368793963","7.4335220105518","7.26255879807705","6.82367868167886","6.59961971453052","5.75703288296721","6.31644951513467","5.03623656514781","3.82029239963946","3.7895285571359","4.13167250606058","4.01087720861443","3.50557869060673","4.17618929528814","5.18749069942657","5.69751237018748","5.75282060649452","8.36102782129251","8.26548450516811","7.04139411187331","6.75673785904875","7.27436480449954","6.56265832527065","5.83038839083209","5.85397233975418","4.06190418967797","3.475919210499","3.49538683749335","2.7570113164826","2.82062972674591","3.306464979592","3.30964621971681","3.21195073307668","4.655910982611","6.28072527058873","5.49464456801505","5.56342754049138","7.19232430100691","7.74162128853561","7.50876596890169","5.47417769520613","7.10649379135793","5.32638630355505","",
"Least developed countries: UN classification","LDC","Total debt service (% of GNI)","DT.TDS.DECT.GN.ZS","","","","","","","","","","","1.33052194510004","1.43319138940539","1.5643009498425","1.87343385343512","1.26227214351824","1.31891466930536","1.45209697450647","1.66668389584939","1.61497640832025","1.88447921571211","2.69268008889184","2.64371310804346","2.29453941313791","2.18788065608356","2.50231465576729","2.50900610342842","3.69634837905556","3.33954320296412","3.06158028523368","2.92042002279308","2.33973104076147","2.15025584355927","2.03370577527093","1.88710352082419","2.14187444031801","4.00155131408883","2.6826643807111","2.37175340206539","2.65815789330704","2.55352368419302","2.41409842009137","2.67140935704435","2.36940976923958","2.04067164625774","2.08191479348601","1.9759613929598","2.15781948816552","2.16711139232848","1.28916977746701","1.55516065753336","1.20021582510945","1.40434101933496","1.71686671121421","1.89099654786105","1.97811287000706","2.2498471074124","2.54762780889579","2.2813731499305","2.84689325940834","3.08545838237727","2.59160237336754","3.45728432960828","3.27990375912606","3.22553242845523","3.37307892862787","",
"Low income","LIC","Total debt service (% of GNI)","DT.TDS.DECT.GN.ZS","","","","","","","","","","","1.42627864255342","1.45384227959476","1.50939415128443","1.4914737930657","1.58638357084594","1.48235711617757","1.16677885387756","1.28387816146268","1.14341555157301","1.44424156968944","2.7811565411263","2.89687987767876","2.55214539921864","2.46073426026395","3.08289313872124","3.5124763260303","3.80899197127348","3.22998812049737","3.03990466098107","2.8577981017981","1.78111642919466","1.34627082593177","1.43393865674731","1.31160178489821","1.48701202438956","1.77572079767542","2.18295440890764","1.69879873201967","1.7610931171175","1.83898516453868","1.58496380095171","1.81796905157968","2.32200384442829","1.54336372065739","1.57093694388746","1.40896874294659","1.36140699113825","1.74050669827151","1.43411944862943","1.14575142664035","0.879738324127336","1.0010683637361","0.844527123740621","1.11297821714764","1.3570118771933","1.56891693017114","1.7854881089964","1.74621167957846","2.32159978217717","2.21893620830055","2.32568983522825","3.7654983470463","2.69576107507025","2.64801858097857","2.20998371260867","",
"Liechtenstein","LIE","Total debt service (% of GNI)","DT.TDS.DECT.GN.ZS","","","","","","","","","","","","","","","","","","","","","","","","","","","","","","","","","","","","","","","","","","","","","","","","","","","","","","","","","","","","","","","","","","",
"Sri Lanka","LKA","Total debt service (% of GNI)","DT.TDS.DECT.GN.ZS","","","","","","","","","","","3.19979138278676","3.03363814679637","3.26536211368039","3.02989302192564","3.01920747046364","5.02448959446208","5.22714895591737","4.76307092927438","5.86561743403509","4.77777126234534","4.41988468398037","4.84080042598178","5.0943258867452","5.17646841723853","4.67765696116553","5.3900335603968","6.26275619676037","7.48183605947632","7.01233070633504","6.09844557229265","4.82495604505604","4.71925663369044","4.6796267405109","3.95191943303698","3.56951001543452","3.5153880671421","3.40811271498684","3.56305419134132","3.77749895849206","4.92911144014148","4.86170056447184","4.80952401043364","4.36068066070834","3.26506862416402","3.80369499113259","1.83042509064969","3.42742409396547","2.72530455317746","3.13217041649674","3.42232055574493","2.42740013270568","1.95969119718734","3.07064645222887","2.84754896594465","7.99956291282525","4.27463438241939","3.87298310292531","4.57485123793301","8.03416370497063","7.21210299253781","6.1526699110531","5.48695077695818","4.61596012560713","3.5055807270661","4.95795223371604","",
"Lower middle income","LMC","Total debt service (% of GNI)","DT.TDS.DECT.GN.ZS","","","","","","","","","","","2.27310271219977","1.44668355226373","1.65823548239445","1.75877768777784","1.3738715487734","1.4799017703174","1.87960726095138","2.05391586047402","2.23502391822939","2.29838144998866","2.83685530413438","3.06165917990689","3.18280914270706","3.33316193316295","3.41481336236755","3.54768704236472","4.11734033856543","3.77093081212137","3.83318740360164","3.93938220232534","4.0878892101064","4.41712308380426","4.24572799692105","4.18911550773025","4.70032273462079","4.94612403693753","4.07052216202329","4.00411887967367","3.61658842195954","3.3237136589087","3.27458181986907","3.21801451053007","3.5474146367579","4.27173777533579","3.21349077286311","3.12319133494364","2.5237893654584","3.21691405989463","2.27167890580102","1.90294424401847","1.86463480238527","1.94684905050615","2.02404082094885","2.29146762720732","3.49043611001842","2.40100146587912","3.30103365190153","2.65431793289022","2.91877016636562","2.85535718513771","3.13574713706465","2.63052347109634","2.97087439915674","3.36798645490534","3.83309011357205","",
"Low & middle income","LMY","Total debt service (% of GNI)","DT.TDS.DECT.GN.ZS","","","","","","","","","","","","","","","","","","","3.93583491011778","4.43913145157581","4.49838916752832","4.44497522064497","4.84506174352233","4.60992331839026","4.61662608943351","4.44758509644525","4.53007497752249","4.59011568585347","5.01455354049566","4.53266842729912","4.08662687082855","4.18155467143624","4.25232071343375","4.20361755030692","3.91271992425549","4.16241153240918","4.40850459380741","4.64713466243591","4.71141577392311","5.81530213671515","5.68313616051752","5.23390015789188","5.18663688779082","5.11353225408086","4.27903745316949","4.09673454451403","3.96390174135084","3.30485293035598","2.81050419362892","2.69245178242396","2.45237409112772","2.28057443486614","2.34611438849359","2.45989397835563","2.64636792727162","2.9377187370671","3.38187872029795","3.22385086985479","3.32767635881745","3.72026426551568","3.6657335996892","3.35192716054054","3.53985520754858","3.88267822364666","3.38783492438243","",
"Lesotho","LSO","Total debt service (% of GNI)","DT.TDS.DECT.GN.ZS","","","","","","","","","","","0.573802218670886","0.392389135932051","0.391923916486731","0.3815736610529","0.214275077786162","0.433670300565546","0.189984161283447","0.127757236494713","0.246353030499224","0.480954486150495","0.784746862820181","0.779635011402957","1.43197914016216","2.78819245301695","2.15048118229913","3.79940046148821","2.51107406446596","2.090813596454","3.00903104657223","2.74133115915822","2.43274641074321","2.44161811445263","2.79454525351799","2.80550137984658","2.46482871949994","3.05178501576933","3.01130509712973","3.60912841851116","4.33697878443406","4.59933192589242","5.46104090085975","5.75607798887767","6.06634421991635","4.05483185065897","2.58192249998471","3.64684032290942","2.04722312695628","4.20017703360708","1.56767375540024","1.66835166694692","1.2148250487108","1.31839716267698","1.38250286476836","1.68261474203258","1.61395493579754","2.01360627836019","2.41684989136703","2.13417590986293","2.60804466697827","2.67326597524687","2.99291152800927","3.39843555239013","2.90606212476642","5.01391731838979","3.78923661654923","",
"Late-demographic dividend","LTE","Total debt service (% of GNI)","DT.TDS.DECT.GN.ZS","","","","","","","","","","","","","","","","","","","","","","4.62892190156491","4.79286285648336","4.2848501512747","4.05845375440282","3.59906977046862","3.65857568644962","3.88214406660191","","","","","2.45352525426589","2.6048481766625","2.8147119823755","2.78284697197833","2.81233579062002","3.34011509627048","4.22813942608646","6.19269041461737","5.17289361924883","5.05313498555794","5.04836679051682","5.14322816765819","3.73329320036681","4.07508521105895","3.48609290998784","2.83824711120284","2.78497924877322","2.78342144593476","2.21373926868111","1.89334517775414","1.79261718017419","1.9609891058117","2.17571387674776","2.78719664679533","3.02596130381471","2.89316976738092","3.11944859613228","3.50184378160087","3.36295486578541","3.17246782925724","3.50278709085541","3.82754951017047","2.82842006365217","",
"Lithuania","LTU","Total debt service (% of GNI)","DT.TDS.DECT.GN.ZS","","","","","","","","","","","","","","","","","","","","","","","","","","","","","","","","","","","","","","","","","","","","","","","","","","","","","","","","","","","","","","","","","","",
"Luxembourg","LUX","Total debt service (% of GNI)","DT.TDS.DECT.GN.ZS","","","","","","","","","","","","","","","","","","","","","","","","","","","","","","","","","","","","","","","","","","","","","","","","","","","","","","","","","","","","","","","","","","",
"Latvia","LVA","Total debt service (% of GNI)","DT.TDS.DECT.GN.ZS","","","","","","","","","","","","","","","","","","","","","","","","","","","","","","","","","","","","","","","","","","","","","","","","","","","","","","","","","","","","","","","","","","",
"Macao SAR, China","MAC","Total debt service (% of GNI)","DT.TDS.DECT.GN.ZS","","","","","","","","","","","","","","","","","","","","","","","","","","","","","","","","","","","","","","","","","","","","","","","","","","","","","","","","","","","","","","","","","","",
"St. Martin (French part)","MAF","Total debt service (% of GNI)","DT.TDS.DECT.GN.ZS","","","","","","","","","","","","","","","","","","","","","","","","","","","","","","","","","","","","","","","","","","","","","","","","","","","","","","","","","","","","","","","","","","",
"Morocco","MAR","Total debt service (% of GNI)","DT.TDS.DECT.GN.ZS","","","","","","","","","","","2.02597673466586","3.15649842674348","2.96555495073293","2.36584256389352","2.07679671458853","1.92226246522058","2.43953018831118","3.26634924406419","5.13442885966231","6.21963721722548","6.79430663464245","9.14642524624212","10.0819501882013","9.87713286594281","7.53361217000198","9.96109278849628","9.60501384257778","8.39495570713663","7.05852285206483","8.03633173497543","6.1259850524425","7.6522500337107","11.884613692105","10.8585086526215","10.5180634715152","9.94931751162641","8.03529234228199","8.22987484535439","6.33863306971047","6.94809720907441","6.41943001970185","6.1921450963046","8.00756983305144","7.49784208259776","4.58843264565588","3.99463230780229","4.51840784329937","4.64987676433003","4.14568444616273","3.42036897023592","3.32294491321744","2.97914461699645","3.44563906973237","4.59124238064489","4.08135944899098","3.28990132997789","3.53780789069181","3.43391292542961","3.25563424185104","3.35454906837112","4.41362354972362","4.73234897545406","4.65257233101906","4.02698256003616","5.62594609298899","",
"Monaco","MCO","Total debt service (% of GNI)","DT.TDS.DECT.GN.ZS","","","","","","","","","","","","","","","","","","","","","","","","","","","","","","","","","","","","","","","","","","","","","","","","","","","","","","","","","","","","","","","","","","",
"Moldova","MDA","Total debt service (% of GNI)","DT.TDS.DECT.GN.ZS","","","","","","","","","","","","","","","","","","","","","","","","","","","","","","","","","0.214236038829562","0.0836836994531666","0.812213351433263","4.07738057010156","4.80232421932797","6.68490908106125","11.7122708955933","18.0166903561087","11.6333930470562","9.59942152422795","13.5149011484862","7.31975258435868","10.349045947911","7.52003088326498","8.96739865899911","7.21279403864397","7.61325054753815","6.77434380198009","5.27250942266619","5.18857061445124","5.93047335431823","6.4148046565983","5.66718210287133","5.06383719344991","5.14865119522897","4.52696132786297","4.97692269996241","5.11137536533611","5.99520953969974","5.0423960657586","4.76916636931396","7.82606731096793","6.22248863723216","",
"Madagascar","MDG","Total debt service (% of GNI)","DT.TDS.DECT.GN.ZS","","","","","","","","","","","5.53916881198223","5.63376005612747","5.47055379314805","5.11348991344514","4.51540542659105","2.82709049686349","0.506154923053761","6.20572240678415","0.799642397093169","1.11646592776688","1.94560434016912","2.35046343188604","2.34086669100997","1.80569356503961","3.26105061014333","4.07743408708309","5.02762634557854","8.06946007794333","7.26104861842656","7.93678555093186","5.90679489062134","5.19535129846795","2.70104160093595","1.99720735510422","1.93865424154787","1.5865755868536","1.7352506813034","5.08696882951258","2.89993375699724","3.7831791767371","2.56875092254498","1.26497856256338","1.24237762633982","1.12128333611481","1.65840618049875","1.38812593512353","0.971396581345625","0.410073428719368","0.370784619594091","0.526953906623137","0.632024037696153","0.443823956374574","0.647212938611382","0.602087017085041","0.814969822372423","1.28458273555135","1.07516935412392","1.02883134344741","0.981963479303701","0.926407587987342","1.0461151790534","1.19444935916537","1.44232130159275","1.69884214059277","1.70883055567838","",
"Maldives","MDV","Total debt service (% of GNI)","DT.TDS.DECT.GN.ZS","","","","","","","","","","","","","","","","","","","3.42973765172122","1.7492675017171","1.44905072087809","6.5240959226872","9.69771713428659","14.77528281994","20.3361507873109","9.00872505794739","9.86264796675588","6.17256097643242","6.13972629232043","5.64693680510152","4.55385806568687","3.53219314121118","2.86017333629352","3.01982643945617","3.01619523977942","2.85785591486587","2.73288162382859","5.95388406117342","3.11333293136874","3.17009820344504","3.32195094905253","2.5795987660249","2.4723020356211","2.14154749194316","2.44830298586253","2.76594168272358","2.94486759182867","4.65995565519518","4.66305821575161","4.70218163054019","3.21833678056807","3.36883388190369","3.19343603295018","4.12071668413361","5.31589182381159","3.64141045298891","3.33242616185942","3.63830647535477","8.94361563012875","8.86731569618508","9.23163534307436","17.0102648300049","12.7070910792012","8.5227507278101","8.01703532887403","",
"Middle East, North Africa, Afghanistan & Pakistan","MEA","Total debt service (% of GNI)","DT.TDS.DECT.GN.ZS","","","","","","","","","","","","","","","","","","","","","","","","","","","","","","","","","","","","","","","","","","","","","","","","","","","","","","","","","","","","","","","","","","",
"Mexico","MEX","Total debt service (% of GNI)","DT.TDS.DECT.GN.ZS","","","","","","","","","","","3.76508055089428","3.57264087839066","3.48134551409542","3.46351597195861","3.01399947483654","3.04857998050735","3.8785236451042","5.94028635627817","7.46246080605479","8.90107424300892","5.5154953066035","5.66362608796946","9.11481855756958","10.0977610748955","9.75077006557401","8.22317645441055","10.2063079448469","8.60423254955856","8.88717944946863","7.31412249181993","4.48719415303902","4.45511312709201","5.8747400947117","4.65812942130532","3.72667919368288","7.14862688850772","9.69165962441417","8.22755769270984","5.40069006082519","5.75028759126384","8.14843790586323","6.09598087165252","4.74677374988629","4.27442722344276","4.88501956132958","4.03359943442442","5.43568176205536","3.50638561627237","3.54199491167436","3.53776457121512","2.9038432056165","3.42170742057441","5.66325458128016","3.05045334036369","3.52879126520233","4.4647713155481","7.24905463981229","5.64305485758079","4.79410815977729","5.45778319580274","6.59988264431794","6.18003883185447","3.89984156152722","3.12569556895798","3.76593018764831","",
"Marshall Islands","MHL","Total debt service (% of GNI)","DT.TDS.DECT.GN.ZS","","","","","","","","","","","","","","","","","","","","","","","","","","","","","","","","","","","","","","","","","","","","","","","","","","","","","","","","","","","","","","","","","","",
"Middle income","MIC","Total debt service (% of GNI)","DT.TDS.DECT.GN.ZS","","","","","","","","","","","","","","","","","","","4.07309269420811","4.57639357971452","4.56694299596544","4.49311804421476","4.91695120507096","4.6742137479197","4.65870470334662","4.47132856616134","4.55023340928504","4.63106743643327","5.07541292599976","4.58431491327988","4.17701536655417","4.30222267599941","4.32641105161004","4.27863577540877","3.96438349873065","4.20207196319075","4.43956393097241","4.68884292970683","4.75428271293933","5.87348086380428","5.75216728352315","5.28653028725387","5.23443354246343","5.17342654299627","4.3245167395843","4.1439448269044","4.01114727062766","3.33307973159965","2.83943649950006","2.72494489045536","2.48215133195449","2.30283074960402","2.36959910980682","2.47987406002156","2.66616313435985","2.95884194527629","3.4046924722476","3.24392791033522","3.34125041290473","3.73957841124635","3.68345306477313","3.34676933072407","3.55140490683713","3.89895364574434","3.40426756084903","",
"North Macedonia","MKD","Total debt service (% of GNI)","DT.TDS.DECT.GN.ZS","","","","","","","","","","","","","","","","","","","","","","","","","","","","","","","","","","0.615295282843649","4.43943780429492","0.677231661614095","1.28907635187234","3.10579794180449","4.25996520322779","4.1838705146189","3.74841883659754","5.3250956536183","6.01723051731406","4.9910714750442","4.98994921647764","4.46490172249526","8.25452575883036","8.88265224251538","4.67296019647605","5.73435107892669","6.72653982961343","9.26836355350091","7.32518348490986","12.289538938069","8.65512422751809","11.238394409592","8.78649958519752","8.49064318408667","10.9654758417706","6.42805834381348","10.1719933671357","11.524619751595","8.11209599737195","12.306229915206","9.59395950864633","",
"Mali","MLI","Total debt service (% of GNI)","DT.TDS.DECT.GN.ZS","","","","","","","","","","","1.31587030572561","1.22305600207536","0.526763325829483","1.16358190550479","0.76292803489879","0.575998612623474","0.740583373628904","0.883425698257681","0.686450581603632","0.830594829739602","0.609584554743337","0.945694318842507","1.18081925582034","1.38285575356348","2.2588418892367","3.38525054059822","2.92544501985339","2.87500123901004","2.91123447351932","2.46345937009895","2.09833992406115","1.26813730539096","1.5920532900768","2.16563827728679","3.35033035078124","2.60859740040007","3.15260857711462","2.52406562547434","2.13388136684968","2.63294864968308","2.68484285962914","2.0290963823037","1.84893584931976","1.39742152084669","1.56052556983051","1.37251093445481","1.06067838679986","0.677075891982538","0.619978841631647","0.585593191733013","0.560962479071216","0.469813705509767","0.421021368459587","0.722159735800239","0.652716653928516","0.743329372995236","0.811588428970289","0.913853647665768","0.91714753665792","1.15261361389332","1.28634014976629","1.3196997279686","1.42437784700204","1.47034994386184","1.41707192837269","",
"Malta","MLT","Total debt service (% of GNI)","DT.TDS.DECT.GN.ZS","","","","","","","","","","","","","","","","","","","","","","","","","","","","","","","","","","","","","","","","","","","","","","","","","","","","","","","","","","","","","","","","","","",
"Myanmar","MMR","Total debt service (% of GNI)","DT.TDS.DECT.GN.ZS","","","","","","","","","","","3.21431003605653","4.60933554101119","5.38251370699687","7.59699466057433","3.64867904934006","4.02591726330011","3.76285130868568","5.67811435789375","8.07583755106049","12.9905393176686","13.4116916733512","14.7963997621589","9.84962535752803","12.7126458264696","14.1089587185955","14.3341968103304","17.4652516196783","13.7721047525944","8.36409635070409","9.61006905743918","2.87965724139199","4.16277531376093","2.30345862832465","3.74023919799949","3.79512851648474","4.9784189950754","2.82309664388039","2.68425957545667","1.51438901210283","1.19865532927065","0.233413133984074","0.245991782310073","0.265419808546457","0.185614123346927","0.206081940018182","0.20773324261445","0.390742424399524","0.390163514653679","0.277965674749186","0.302185625584067","0.488335653175498","0.361138349798581","2.00509745477374","4.2145748278117","0.99086797456908","0.872294204486823","1.19982462705686","1.00750416560024","1.26462818604944","0.957381153815584","0.77691629872673","1.35245865683549","1.55252036146316","1.40088120529771","1.31135253944064","",
"Middle East, North Africa, Afghanistan & Pakistan (excluding high income)","MNA","Total debt service (% of GNI)","DT.TDS.DECT.GN.ZS","","","","","","","","","","","","","","","","","","","","","","4.51796175564238","4.27176844786031","4.05354130457529","3.85601809940902","3.79360137329392","3.5629622775371","4.21999101151772","5.25352083990852","5.45080186820921","","5.97694126466712","6.51478747163991","7.2906450661299","6.49066562745151","6.37107864945394","5.90870573473991","5.98426765625365","4.49869727138354","4.9378219806112","4.23193999701479","3.61300008841786","3.95899415081371","4.17636770596108","4.01967540621957","3.25998537161586","3.99412982302304","2.25490396745615","2.02923679860956","2.22787132261104","1.98518947081305","1.75505927255605","1.65552559933458","1.97229707675054","2.01591225018794","1.8885696329412","2.11587032314154","2.26530301780772","2.41435950684983","3.02010064698904","3.24737686727764","3.02133702926462","2.87732697335877","3.14784056670837","3.63068941441212","",
"Montenegro","MNE","Total debt service (% of GNI)","DT.TDS.DECT.GN.ZS","","","","","","","","","","","","","","","","","","","","","","","","","","","","","","","","","","","","","","","","","","","","","","","1.53030850208308","4.52967147159517","1.52580902645628","1.64685806556174","2.31823410063496","5.92745123189759","7.74935840060941","9.39953410347194","14.5348939045252","19.4651167998662","17.8119895106566","8.60020403283911","16.1044618300003","12.7828557831626","14.7244525188053","18.5849467432621","13.0926543657063","10.4683384576946","14.9779932970306","",
"Mongolia","MNG","Total debt service (% of GNI)","DT.TDS.DECT.GN.ZS","","","","","","","","","","","","","","","","","","","","","","","","","","","","","","","","","5.23915422907053","3.45416906253729","4.924844882674","3.65254437986332","3.9661642756219","5.38780300005454","2.76246471230925","2.2755551722783","3.6609221872116","3.69137073546605","3.85028365713643","18.2662758411584","2.1539870389229","1.82201093726986","1.49872813451684","1.38282307472472","1.46375437038913","2.83126295779082","3.63521240878744","2.59671164569651","10.4857494121793","11.7656312168018","11.9985871128983","17.1561177633102","14.2318878982866","37.4514331586045","64.1232483434469","88.9632440022995","22.0799239745443","20.5258030209552","25.8215961483775","27.8850003180916","25.6530169251952","",
"Northern Mariana Islands","MNP","Total debt service (% of GNI)","DT.TDS.DECT.GN.ZS","","","","","","","","","","","","","","","","","","","","","","","","","","","","","","","","","","","","","","","","","","","","","","","","","","","","","","","","","","","","","","","","","","",
"Mozambique","MOZ","Total debt service (% of GNI)","DT.TDS.DECT.GN.ZS","","","","","","","","","","","","","","","","","","","","","","","","","","","","","","","","2.20476678354752","3.10643586613545","4.44683693171535","4.36318336930794","5.49785416589206","3.57287586998327","2.2912216803474","1.93161953161068","1.84929076792929","1.93740373338866","4.39514489161334","5.02562374490365","5.03450085231123","4.58322803516197","4.74530001635401","6.93843165572769","11.6142117373203","5.10004171417359","4.51612886388019","1.71970349082749","3.51487307702019","1.88708744936007","3.19719967032232","3.59044839891402","5.71995457886466","8.93022500389044","9.99829885288322","12.8144582878988","11.1823331947091","7.71748220881838","44.2089175649909","32.5357861987114","23.5458546127003","22.4310169814399","",
"Mauritania","MRT","Total debt service (% of GNI)","DT.TDS.DECT.GN.ZS","","","","","","","","","","","1.18388429093038","1.17765726286469","2.93653093286352","2.6588732828872","2.33678215068944","6.26592007743906","10.8046898934311","5.42033587684547","3.36505354157135","7.29559738045591","4.65266811048845","7.25124999285993","5.35709841655895","4.89285296276344","6.44048750466121","10.6641807562202","8.89840537362851","9.45273513810199","9.88465077277342","7.43165218240367","10.0628919274126","4.71871527450367","4.13799207218767","7.21187372991793","5.64267500846591","5.79375498614242","5.39815372266072","5.43531161847487","5.34377107508851","5.25475087647938","4.65342205903481","4.32280366129542","2.94784487131374","2.60951978816297","2.32489063001579","2.18686294143807","2.39306394721585","2.83176338442373","1.22215266394814","1.64314921332388","2.0496076029163","1.90818766636665","2.31667554045559","2.42612989770202","3.81910275599842","4.03760196020535","4.13107053382538","4.78193359803271","5.20980378068518","4.89108730765984","3.60799689551599","4.49509959696155","3.60848840871289","3.67116573826965","3.83127268783196","",
"Mauritius","MUS","Total debt service (% of GNI)","DT.TDS.DECT.GN.ZS","","","","","","","","","","","3.16892198465993","1.92896944557296","1.08080355687756","0.669523760335571","1.07487041452827","2.49959793386913","1.13747248803632","1.39894489567246","1.65672906945103","2.18002788753971","3.93405436182548","7.140257990457","8.43322063570442","11.1320392440872","12.7210108341128","13.0557716969147","8.98125601040833","6.83652151546542","9.38484313924325","6.41029240996278","5.66939511741415","5.7830270702121","5.49533681154622","3.77237914328867","4.13722244518203","5.14464514908604","4.02851435783045","4.71196483931359","5.10306633197207","3.7268426200763","9.63052076163156","3.62687648627097","4.75925563204703","13.1488543148945","9.35382667901933","12.1778604458621","19.7667826004729","19.1984023294917","13.0473577172449","21.8102656562934","21.9707925178682","12.5464249669207","26.8720726285444","19.2430063008405","45.2670632841632","33.8595250002627","13.5339453523792","20.0124993706853","20.3458549655999","20.8047622760688","21.2210413715436","21.9084690201473","6.29725501039971","12.4530314635217","10.0657547069994","",
"Malawi","MWI","Total debt service (% of GNI)","DT.TDS.DECT.GN.ZS","","","","","","","","","","","","","","","","","","","","","4.85444575033985","6.35400340269043","5.48759201414419","4.53804244122159","6.03413554324903","6.68221982097319","8.4735477491072","6.72298832068269","5.25338793275394","4.13925892634123","4.84596458373742","4.04408106557978","4.1265134463343","2.59591630026541","4.62821683372026","5.80401560001663","2.66347549622409","2.19503150067576","3.44851555654291","2.88049366835376","2.52232825247985","1.86751746093268","0.731651482285399","0.906314619101514","1.20669857582981","1.44244816102074","1.21767823162197","0.52363693173676","0.414858857562778","0.43052989912705","0.206029062471114","0.197132378105489","0.329779077876504","0.558171203883117","0.781845054072515","0.788873866159027","0.958624757848552","0.834794313516601","0.885676278566445","0.902598775734462","0.866816995648647","0.939723731718823","1.14390060144526","1.14267840980968","1.47215795476893","",
"Malaysia","MYS","Total debt service (% of GNI)","DT.TDS.DECT.GN.ZS","","","","","","","","","","","","","","","","","","","","","","","","","","","","","","","","","","","","","","","","","","","","","","","","","","","","","","","","","","","","","","","","","","",
"North America","NAC","Total debt service (% of GNI)","DT.TDS.DECT.GN.ZS","","","","","","","","","","","","","","","","","","","","","","","","","","","","","","","","","","","","","","","","","","","","","","","","","","","","","","","","","","","","","","","","","","",
"Namibia","NAM","Total debt service (% of GNI)","DT.TDS.DECT.GN.ZS","","","","","","","","","","","","","","","","","","","","","","","","","","","","","","","","","","","","","","","","","","","","","","","","","","","","","","","","","","","","","","","","","","",
"New Caledonia","NCL","Total debt service (% of GNI)","DT.TDS.DECT.GN.ZS","","","","","","","","","","","","","","","","","","","","","","","","","","","","","","","","","","","","","","","","","","","","","","","","","","","","","","","","","","","","","","","","","","",
"Niger","NER","Total debt service (% of GNI)","DT.TDS.DECT.GN.ZS","","","","","","","","","","","0.370001526587964","0.316539563460837","0.318189717719025","0.277510940610955","0.303722049657491","0.781456266598783","0.864911062970458","0.708241403208702","2.52265045014547","3.64169398557478","5.70118149603453","8.23597644455904","12.5969789333425","8.16497895103756","6.69173939490194","7.68442790673148","6.82728968717231","7.43428714091032","7.5628607149314","5.56385073130096","2.79108046869633","3.23879518105712","1.55845861846968","2.91761366908247","3.39689922979546","2.40455710741005","2.29509903026208","2.74178314546145","2.26250466551527","1.21012596483395","1.13688089944176","1.12710958693429","0.904529050696332","1.06865953001172","1.00715921583456","0.869406228501025","3.35871345064378","0.504286577775023","0.376578704333881","0.483462037454474","0.319316774003142","0.350748168128407","0.425763568710844","0.694951194111317","1.00528808627927","0.865275524870168","1.04407760936929","1.14694716128081","0.946716237712102","1.09630362121609","1.4658041223827","1.54079855713126","1.8566920885713","1.14018818220216","1.96493186694268","",
"Nigeria","NGA","Total debt service (% of GNI)","DT.TDS.DECT.GN.ZS","","","","","","","","","","","","","","","","","","","","","","","","","","","","","","","","","","","","","","","","","","","","","","","","","0.247727672537518","0.230923028302998","0.172606500862839","0.178682702306555","0.191905206715532","0.212283012181349","0.426308995188866","0.497870190806893","1.27582934821351","1.05433200332334","1.40302040286548","1.0128069791145","0.918063139218711","1.32740615464617","1.33809846904972","2.02567633321334","5.45706682653753","",
"Nicaragua","NIC","Total debt service (% of GNI)","DT.TDS.DECT.GN.ZS","","","","","","","","","","","5.50488759739928","4.54607941118398","5.33187831189474","8.28021722984795","4.39271854723029","4.74303354858064","5.30301895760847","5.47980880914573","5.80491300506048","4.64193122923076","6.03327372814124","10.0859236906943","9.09068986914004","4.31997817869746","3.06668371360928","2.98760532441467","1.56434322239199","1.92220310613824","1.61922843817932","2.37753180473806","2.04691729107231","47.1087156977813","8.72955504085093","10.3341167668538","6.19212527453477","7.69595804087125","5.54044651992718","7.96334194297275","5.76233052089032","4.06679558277544","5.89748111221238","6.64992710426951","3.13249818813778","3.78730912471392","2.35809449184583","2.82057563605766","2.56658809916638","5.54134236844898","5.19393603728595","5.82142462170534","6.7453518961828","7.68155373391765","21.1623547934905","21.6955652900339","25.8477909594393","12.8287757072289","14.7883345547494","20.1106093349811","17.584404113388","14.8207095371755","15.1259436248548","11.9615991229653","13.1217242955205","10.4627084268563","9.73557227609722","",
"Netherlands","NLD","Total debt service (% of GNI)","DT.TDS.DECT.GN.ZS","","","","","","","","","","","","","","","","","","","","","","","","","","","","","","","","","","","","","","","","","","","","","","","","","","","","","","","","","","","","","","","","","","",
"Norway","NOR","Total debt service (% of GNI)","DT.TDS.DECT.GN.ZS","","","","","","","","","","","","","","","","","","","","","","","","","","","","","","","","","","","","","","","","","","","","","","","","","","","","","","","","","","","","","","","","","","",
"Nepal","NPL","Total debt service (% of GNI)","DT.TDS.DECT.GN.ZS","","","","","","","","","","","0.31306046176437","0.0407307276468683","0.0428829299847804","0.0650438512495195","0.0777360435749549","0.116658169535431","0.129671162762533","0.334237301495711","0.797395226396358","0.350177529632403","0.398328008739843","0.505543975195537","0.755932150513888","0.796069682194699","0.729033135900483","0.869808436956207","0.957155125256716","1.17728266929946","1.37656268434294","1.75694776082998","1.84346144682255","1.60395041187823","1.86299479166042","1.80083517829757","1.93742713490876","1.92586917393759","1.72994037817035","1.8740382974835","1.81716094910197","2.14340567894137","1.86590093127224","1.57150278360634","1.69351893807226","1.82960193694814","1.63605345666421","1.47584351407379","1.55805064770951","1.41203760941757","1.29394593853326","1.35843478076482","1.16634788937859","0.910109493657554","1.02163335249674","0.99337059966712","0.988378381349494","0.916147884097418","0.963642886831938","0.867099481671864","0.73289539528401","0.819076589571846","0.82184079358453","0.790647658567375","0.822833201071776","1.12449286297519","1.22025859129943","",
"Naoero","NRU","Total debt service (% of GNI)","DT.TDS.DECT.GN.ZS","","","","","","","","","","","","","","","","","","","","","","","","","","","","","","","","","","","","","","","","","","","","","","","","","","","","","","","","","","","","","","","","","","",
"New Zealand","NZL","Total debt service (% of GNI)","DT.TDS.DECT.GN.ZS","","","","","","","","","","","","","","","","","","","","","","","","","","","","","","","","","","","","","","","","","","","","","","","","","","","","","","","","","","","","","","","","","","",
"OECD members","OED","Total debt service (% of GNI)","DT.TDS.DECT.GN.ZS","","","","","","","","","","","","","","","","","","","","","","","","","","","","","","","","","","","","","","","","","","","","","","","","","","","","","","","","","","","","","","","","","","",
"Oman","OMN","Total debt service (% of GNI)","DT.TDS.DECT.GN.ZS","","","","","","","","","","","","","","","","","","","","","","","","","","","","","","","","","","","","","","","","","","","","","","","","","","","","","","","","","","","","","","","","","","",
"Other small states","OSS","Total debt service (% of GNI)","DT.TDS.DECT.GN.ZS","","","","","","","","","","","","","","","","","","","","","","","","","","","","","","","","","","","","","","","","","","","","","","","","","","","","","","","","","","","","","","","","","","",
"Pakistan","PAK","Total debt service (% of GNI)","DT.TDS.DECT.GN.ZS","","","","","","","","","","","2.5746980956271","1.65586499344495","2.17409204013082","3.84451732363265","2.68251628522698","2.79353011283088","2.96706935278871","2.98535984086167","2.98012758603452","3.36777844265587","3.71696077094539","3.30705687643797","2.90965580542201","4.75761604339424","4.08045479600409","4.66294028868937","5.11651911485071","5.54362895224709","4.93604206521333","4.72512316485106","4.83224912747692","4.41893619277458","4.84565437393397","4.74145116122923","6.77319344892089","5.44984402626809","5.38107976215684","6.81237740559175","3.84735207472075","4.81365296960902","2.94617252282483","3.16019148260331","3.01829900810456","2.79362506019189","3.30348496059101","1.73321229875159","1.46665202511442","1.48565160279178","1.54173140752855","1.91487671263056","2.24932690922217","1.32788617217325","2.006565876497","2.72944852701981","1.81208753170619","1.43400621124876","1.41195793073049","2.03827019803313","1.74576373519716","3.52164122923967","3.72054621917347","3.57395416355121","4.50954101646315","4.8621098368236","4.49740601337941","",
"Panama","PAN","Total debt service (% of GNI)","DT.TDS.DECT.GN.ZS","","","","","","","","","","","","","","","","","","","","","","","","","","","","","","","","","","","","","","","","","","","","","","","","","","","","","","","","","","","","","","","","","","",
"Peru","PER","Total debt service (% of GNI)","DT.TDS.DECT.GN.ZS","","","","","","","","","","","7.38623826937488","6.83165606435477","6.53440787617189","7.89799664007561","6.32658135560204","5.26466421918228","5.69650363922729","8.09544636368967","10.1577640753587","9.41066387749431","12.5098621945008","12.1004116602981","9.82458093277105","8.10890973673105","7.26238681647412","7.80067685779258","3.59522509953304","1.42869926232452","2.54836078591384","1.95362643862476","1.92342377473247","3.60297140267713","2.91623903423302","8.23619428073253","2.67886667827934","2.4520164117087","5.49197258421422","6.13592139364378","4.0001912801964","5.18531474658266","5.11000725332732","4.31102987903664","6.43477729350454","4.5757957604293","4.40645532280485","8.51595136083493","4.38507136138304","9.60985919892475","4.68846187767061","3.7680072458493","4.89831601683792","2.52447504621225","3.62502131093725","3.92263952128715","2.87518627000295","3.01867392243512","4.24925104636687","5.52600062553476","3.4580701060622","3.66411316659696","4.09994138369116","4.40503302320638","3.08302183021733","5.23812940780964","5.54139512592951","",
"Philippines","PHL","Total debt service (% of GNI)","DT.TDS.DECT.GN.ZS","","","","","","","","","","","4.14495339919204","4.14957989171331","4.1558891701695","4.98426642060951","3.22110624794968","2.72801955361665","2.98700198796898","2.99621324566993","5.38985529027914","5.10959873059604","5.99434801415871","7.43141593986898","8.53519049862076","8.20556226395322","7.8915516832506","7.53227108235047","9.06509941161794","9.23199228388973","8.1186020571015","6.89894496587535","7.21370445933255","6.58877431436508","7.05563461902038","7.81403292642663","6.19789606897591","6.16674752291494","5.48437920847224","4.61026470782664","5.60046402660871","6.07809030801539","7.71764736685706","10.8308900297929","11.0502230684041","10.7114386205894","11.054569200531","8.08080925391187","9.48209228421592","4.88149503954654","5.23296672221854","4.57949729715738","4.94559211779506","4.30566408788403","2.37344376863081","2.06286985885744","2.45015898436037","4.58579043548066","3.06474557866156","3.32291295023077","2.59079165202886","2.54484924963504","2.52406851844535","2.97351414743358","2.24384180359146","3.0331425562082","3.45145787542215","",
"Palau","PLW","Total debt service (% of GNI)","DT.TDS.DECT.GN.ZS","","","","","","","","","","","","","","","","","","","","","","","","","","","","","","","","","","","","","","","","","","","","","","","","","","","","","","","","","","","","","","","","","","",
"Papua New Guinea","PNG","Total debt service (% of GNI)","DT.TDS.DECT.GN.ZS","","","","","","","","","","","4.8183463573897","8.89223063429952","12.9252967781717","10.2064251349172","8.59761303401326","7.91613013403212","7.27973361312362","6.91374554621481","7.19238356026864","4.69803573424626","6.02532711951412","7.64767613057829","10.3443090167969","11.8511002463178","16.6883881299695","14.5613562225466","12.5058472466905","11.850315973933","14.1706925051583","15.1123664903361","17.8618358136805","13.773477734117","16.6553652844238","18.763256122207","17.6017682138425","14.3315703433029","10.4236091282703","11.5288385435893","8.84698830660016","6.6534422485072","9.23553160284336","9.50151610213363","9.96380255313089","6.11394172019458","7.07234799680854","6.79830939347635","4.33260431468881","11.4185842472933","8.83053396093804","5.04152481108128","6.15733456945977","7.27551779730503","2.39344117853856","6.46623211517177","5.12325517618235","5.40791704987341","16.7475524947539","12.8591065434624","12.2006627722346","10.2678183774354","11.7301999474258","16.5196511630189","14.9548488120647","19.773527384496","20.3553562838594","",
"Poland","POL","Total debt service (% of GNI)","DT.TDS.DECT.GN.ZS","","","","","","","","","","","","","","","","","","","","","","","","","","","","","","","","","","","","","","","","","","","","","","","","","","","","","","","","","","","","","","","","","","",
"Pre-demographic dividend","PRE","Total debt service (% of GNI)","DT.TDS.DECT.GN.ZS","","","","","","","","","","","1.61094779066981","1.69745555656908","1.78555229903137","2.44334688632603","1.93865265670602","2.07621653451773","2.0677127763794","2.53433794401069","2.43558858816583","","","5.10474242095196","4.76559570661556","4.48300333588287","4.77926476533839","","","","","","","3.87736441370462","4.21347757360546","3.87216139607942","5.72444197949931","6.6770348009518","5.10666280284301","4.25642532813551","4.66734093366651","4.64790175691245","4.04987385048526","4.04040806083512","3.59504473741382","2.95568519586083","2.8442758360835","2.66362529573029","2.70821812849056","2.58513711223545","1.0858374163202","1.38104160899334","0.910812588404207","1.04653872163645","1.15282450458431","1.18613514661798","1.55366048304867","1.76866598952092","2.48817500237568","2.26769859968765","2.77947248402556","2.60093168996724","2.51888395405195","3.07399563820919","3.01629611419506","3.40081516673941","4.34797692967139","",
"Puerto Rico (US)","PRI","Total debt service (% of GNI)","DT.TDS.DECT.GN.ZS","","","","","","","","","","","","","","","","","","","","","","","","","","","","","","","","","","","","","","","","","","","","","","","","","","","","","","","","","","","","","","","","","","",
"Korea, Dem. People's Rep.","PRK","Total debt service (% of GNI)","DT.TDS.DECT.GN.ZS","","","","","","","","","","","","","","","","","","","","","","","","","","","","","","","","","","","","","","","","","","","","","","","","","","","","","","","","","","","","","","","","","","",
"Portugal","PRT","Total debt service (% of GNI)","DT.TDS.DECT.GN.ZS","","","","","","","","","","","","","","","","","","","","","","","","","","","","","","","","","","","","","","","","","","","","","","","","","","","","","","","","","","","","","","","","","","",
"Paraguay","PRY","Total debt service (% of GNI)","DT.TDS.DECT.GN.ZS","","","","","","","","","","","2.24358102748728","2.39328173410297","2.54067801462743","2.07402567763836","2.11316315559933","2.37568421678803","2.19507167216873","2.36712358837334","2.35826217794216","2.7616465779412","3.34958460327651","3.04464419066016","2.75658019315977","1.94696738006872","3.30257222050757","5.29942863090519","6.61042502906699","6.7578044095273","8.25935045100961","3.56393021825359","4.1393767607848","4.33360338902347","9.90100602455233","4.21649655042053","3.71668834997426","3.67622703266343","2.72003274739125","3.23798536495239","3.09490906411668","3.23661902722708","4.59879602682853","4.79011807909759","5.21910757240416","5.55753414508739","5.90395230002771","5.26827740907132","3.63563610929835","2.51876041837094","2.39447831749271","2.31785731700321","1.98026276001504","2.8991085629625","6.28238053902631","4.50846979175686","8.07479967605372","5.83830122751803","4.12929414137585","5.01274121983512","6.44718052210458","4.15401155416889","3.36796473966836","3.2626192821267","5.27543539000941","4.36303242757315","4.58147746803427","",
"West Bank and Gaza","PSE","Total debt service (% of GNI)","DT.TDS.DECT.GN.ZS","","","","","","","","","","","","","","","","","","","","","","","","","","","","","","","","","","","","","","","","","","","","","","","","","","","","","","","","","","","","","","","","","","",
"Pacific island small states","PSS","Total debt service (% of GNI)","DT.TDS.DECT.GN.ZS","","","","","","","","","","","1.08659727657378","0.532148895269885","0.699940817999716","0.819941135144224","1.22204954363586","1.66597240196248","1.54087096269566","1.73527934645624","2.42569694781604","1.94908620394508","2.79314030460572","2.22046681357587","2.69457652673225","3.23846246877123","4.07850535313428","4.91610546724266","4.77129056931557","5.41776889323843","5.16248211305784","4.99023283033147","5.23746330041706","4.95527610086796","3.4200625877804","3.0497948456801","3.41371526418514","2.02046982104948","1.45413854950867","1.14952146623956","1.56412514369046","1.69995290877137","1.72410512573204","1.28227350871681","1.22441690398366","1.10684150327653","1.11202545259327","0.93599600360638","0.734411133998329","1.12864369011889","1.63500437616957","2.09189583590503","1.82034161914102","4.49859777724908","2.43468808977325","2.55425611779638","2.53938248464873","5.06498474565493","2.40614440326363","2.91607409139181","2.37660595816605","3.56333350876128","4.48412110530562","2.2865866437061","3.08456875520028","3.42270505544814","3.61556680781511","",
"Post-demographic dividend","PST","Total debt service (% of GNI)","DT.TDS.DECT.GN.ZS","","","","","","","","","","","","","","","","","","","","","","","","","","","","","","","","","","","","","","","","","","","","","","","","","","","","","","","","","","","","","","","","","","",
"French Polynesia","PYF","Total debt service (% of GNI)","DT.TDS.DECT.GN.ZS","","","","","","","","","","","","","","","","","","","","","","","","","","","","","","","","","","","","","","","","","","","","","","","","","","","","","","","","","","","","","","","","","","",
"Qatar","QAT","Total debt service (% of GNI)","DT.TDS.DECT.GN.ZS","","","","","","","","","","","","","","","","","","","","","","","","","","","","","","","","","","","","","","","","","","","","","","","","","","","","","","","","","","","","","","","","","","",
"Romania","ROU","Total debt service (% of GNI)","DT.TDS.DECT.GN.ZS","","","","","","","","","","","","","","","","","","","","","","","","","","","","","","","","","","","","","","","","","","","","","","","","","","","","","","","","","","","","","","","","","","",
"Russian Federation","RUS","Total debt service (% of GNI)","DT.TDS.DECT.GN.ZS","","","","","","","","","","","","","","","","","","","","","","","","","","","","","","","","","0.29803529223195","0.510038537385657","0.882337126687713","1.5703718486501","1.8936533047332","1.77486007025841","4.17177105079792","6.41368455148833","4.59540997581466","5.49419107792788","3.91666913858842","5.21801026092218","3.4455584775707","5.45175974098785","4.98357736476498","2.98003178484286","5.02062932579029","7.70430695485843","3.77017292383355","2.24820718932278","2.33938158803397","2.30035913857218","4.51127807037525","7.84664976040122","7.52812740033175","5.29440899664019","6.80283447904506","5.86780210110536","7.55184382979577","5.62034733238036","4.53510594996559","3.15204380672143","2.63340900971745","",
"Rwanda","RWA","Total debt service (% of GNI)","DT.TDS.DECT.GN.ZS","","","","","","","","","","","0.611341346967394","1.53368879060465","1.075442507894","0.0488497820407188","0.15429568160316","0.0727976980583439","0.528009628230656","0.177901063938531","0.19699322351757","0.489364716831089","0.605591109193926","0.586755231244115","0.517019820267274","0.626469459782114","0.795395671792313","1.04877687689734","1.03021288543153","1.11236896597497","0.95298913734568","1.20976703225291","0.827296874922168","1.22950813369223","1.05263257270823","1.09933595251696","0.557675049499681","1.55820499898979","1.28582216849517","1.21120748831585","1.05403922792537","1.52748047711569","1.7730009164662","1.0554071128385","0.97403396539942","1.06065688010736","1.14111485550043","0.971559450553854","0.824985077458866","0.589596749704592","0.941299368120605","0.709585637707671","0.865695746014479","0.688953821153607","1.14500900341742","1.44070175643094","2.13419603150581","2.22918309478823","2.65883411413577","2.75769285175273","2.8256276557227","3.18922194002494","2.75744709147943","5.59934269734654","2.58266407352341","3.75336341701201","2.91241624728202","",
"South Asia","SAS","Total debt service (% of GNI)","DT.TDS.DECT.GN.ZS","","","","","","","","","","","2.20115680811969","0.918288312761369","0.964126604453902","0.811065196810535","0.810824557387085","0.929738477840871","1.28664615193901","1.13384609964412","1.03805247277925","0.947180004977513","0.865064193790814","0.894056179947204","1.08801781900349","1.2281452365902","1.45156338791854","1.55440171475713","2.09568284462892","2.01678193426372","1.99717121818897","2.26589361815965","2.46125248072433","2.74763262171088","2.52547820428821","2.75822668049644","3.07227533566444","3.49583746622211","2.8355805201526","2.79972887193736","2.67237566110264","2.17465263031167","2.28346226630337","2.37693895085927","2.86944017451564","3.92468547840999","2.38234671705707","2.74992317461526","1.83811706091838","3.09604851766681","2.48851895057223","1.28664354539212","1.46620745629253","1.59349765251722","1.69641786623012","2.06155433487434","4.40985709691089","2.31063147397699","3.10375163264638","1.90579830488845","2.38295275998975","1.94509512768224","2.73416976959005","1.72301124847462","2.024287927648","2.32460212585845","2.45188145766554","",
"Saudi Arabia","SAU","Total debt service (% of GNI)","DT.TDS.DECT.GN.ZS","","","","","","","","","","","","","","","","","","","","","","","","","","","","","","","","","","","","","","","","","","","","","","","","","","","","","","","","","","","","","","","","","","",
"Sudan","SDN","Total debt service (% of GNI)","DT.TDS.DECT.GN.ZS","","","","","","","","","","","2.0030502810701","2.81075951438948","2.84543587205455","2.10372056949127","1.61877530664491","2.46454074370657","2.13656296332493","1.39389239150308","1.57424729210039","1.39809025315615","2.96595513241311","2.92529599376891","3.4480370679267","2.80868269847186","1.70930461599172","1.91083948370101","2.53080693928307","0.82318671429668","1.29283823859363","0.470762777321596","0.160560276106347","0.0583710984563439","0.429412675670004","0.252566114707","0.0271273631366379","0.534001116927043","0.552674386074707","0.507507056800275","0.562355312505976","0.583179448848091","2.12814685695612","1.57159454822035","0.840612775614585","1.35555990998519","1.28386770588223","1.11027732489933","0.701842460327456","0.673357907609454","0.592524547662347","0.985340056770458","0.905456378183736","1.04970255984888","1.03174833444878","0.73792445364666","0.53779864558348","1.03458919431746","0.703938556090696","0.618437767444549","0.704765083197713","0.636675382839118","0.577387841282067","9.31951744511758","0.372563171141548","0.517579791848007","0.418385893167857","",
"Senegal","SEN","Total debt service (% of GNI)","DT.TDS.DECT.GN.ZS","","","","","","","","","","","0.914379187036426","1.31761176913554","1.10231391457849","2.23935274060839","1.94499832558244","1.52956104013925","1.58846345599496","2.03629085491877","3.54488084684554","3.6739620629854","5.88197374086807","4.58604971110676","3.16556676079336","3.35849684294187","4.80791693733238","5.13183932186698","5.732719452671","6.15371689136218","6.26579217123099","6.18567985744991","4.50574591083916","4.43636751797831","2.74168309391756","1.76549189875338","4.78792517656306","4.58378236262005","4.50979154645571","4.20681532982287","5.01508126867059","3.70597085223341","3.81069853927284","3.31662822275232","3.20856728612659","2.81669967743153","3.4191374789499","1.86400238255736","1.60178419265958","1.36612242085517","1.07833329449448","1.23570200235454","1.16687617127094","1.975944738402","2.27211816006621","2.71276264387128","1.85881768668957","5.75508261820139","2.25466228853614","2.99994984900963","3.5654512336198","5.45971208424917","5.42727113470893","5.5973405797999","5.35176082000423","7.88395216219706","11.3240982761835","",
"Singapore","SGP","Total debt service (% of GNI)","DT.TDS.DECT.GN.ZS","","","","","","","","","","","","","","","","","","","","","","","","","","","","","","","","","","","","","","","","","","","","","","","","","","","","","","","","","","","","","","","","","","",
"Solomon Islands","SLB","Total debt service (% of GNI)","DT.TDS.DECT.GN.ZS","","","","","","","","","","","","","","","","","","","0.0212800221241611","1.44620189414899","0.177645919089172","0.249767860768876","0.242971546096082","0.376677611246245","1.45158821814147","2.34815404542436","3.29337372661489","5.97038747611517","4.2824415912893","5.86923327776255","5.52495713633261","6.13565699059195","2.9375200775726","3.35920991882232","3.96900926255723","1.7524839847365","1.66715982735463","1.10430977038196","2.65475843606523","2.3292233202777","2.20218180167726","1.7268292570868","1.68733429460941","2.27299120374745","3.95334553544762","2.53558044770559","0.715278862932822","2.10449693526231","2.10170931800049","1.33301760160022","2.42296325430284","1.54509129089137","2.6466903614847","3.42747420625996","1.31213752093055","1.09233203435672","1.71671668391635","2.0686563730652","2.22211465013359","1.61114694954723","2.01987401129764","0.727968913867255","0.783166016746734","1.95257598705067","1.6408532867949","",
"Sierra Leone","SLE","Total debt service (% of GNI)","DT.TDS.DECT.GN.ZS","","","","","","","","","","","4.33669003273124","2.08044948157266","2.33657015961721","2.27544710161596","2.54142790521295","2.33214541206471","3.79263849430448","2.56288379193124","4.65378362157955","5.00381612907318","7.08288441261724","6.98964966399075","3.22670750379267","3.50180608280451","4.18216257541836","2.87548762909659","13.4463496255454","2.60296504963849","1.85337944204591","0.842948579771676","3.67030123458354","2.13780810241268","5.72820013128292","4.31865366493406","19.9075405983441","10.1323413043208","7.22535711586109","1.88280534621973","4.01668199135136","4.73936730162765","7.74196762799272","5.79909498723989","0.814620359862458","0.894681264637224","1.07770493421692","0.765405665452504","0.882566561037913","0.353927185316936","0.163619391623571","0.209960131530294","0.275625773992094","0.401990878651549","0.348441518080135","0.387631797593808","0.48208705378622","0.780109597024973","0.672063184533998","1.05219433945407","0.955405268046233","1.15473444010964","1.48360014869168","1.50475089104403","1.71379369486302","2.44057509398754","2.22451958677664","",
"El Salvador","SLV","Total debt service (% of GNI)","DT.TDS.DECT.GN.ZS","","","","","","","","","","","3.36039911156215","3.91333917208289","4.0567482094897","4.94943938607808","4.40031423806955","5.60379649073671","4.25562820117126","5.23136333953234","3.50988448408157","3.20219000906013","2.88182349489235","2.91996633525291","4.06763919038939","6.13028687702692","6.88733439528121","7.22876563833645","8.02115333425333","6.95222415252219","5.13934175231734","4.08638211579612","4.63512545491831","4.96577912671856","4.25253657993751","4.62781626812241","4.60925071795341","3.27257286990091","3.364336654199","2.82185095950443","4.23379450376004","3.11007209171124","3.27427829848689","3.21576171945994","4.09975947569581","5.59052144219294","6.85447144567977","6.17359398354413","8.13931162734211","6.75224938902479","5.73471230219163","6.91776635915908","6.21574991108175","6.69503816472876","5.77825845174328","5.48414496427748","6.01623163248219","5.85218276464342","6.12494778263721","16.1664764125491","14.44647330714","22.0195472284097","21.9093198568966","21.1930555021835","11.2707555654848","29.2677578935076","35.4886756996855","",
"San Marino","SMR","Total debt service (% of GNI)","DT.TDS.DECT.GN.ZS","","","","","","","","","","","","","","","","","","","","","","","","","","","","","","","","","","","","","","","","","","","","","","","","","","","","","","","","","","","","","","","","","","",
"Somalia, Fed. Rep.","SOM","Total debt service (% of GNI)","DT.TDS.DECT.GN.ZS","","","","","","","","","","","0.856147799344448","0.3630356102809","0.473839493387911","0.521789261135447","0.663034533653148","0.630674532888473","0.306442039084015","0.780699727087576","0.735479082482556","0.67994701346966","2.12824933941967","6.66872023664427","2.59390586725362","3.28978245975926","2.74295349135521","2.3311714086215","7.04314993177285","3.76138552340085","0.512935907983092","2.84433465270692","1.10353763332907","0.00590010614520445","0.035599375528167","0.027267652380299","0.00290200974822816","0.0489382105771077","0.192653199383875","0.00199888145751832","0.00648774060973677","0.0573640694936765","0.0242748161970619","0.0249739311910487","0.0243944149550566","0.0108111403017826","0.0118882732541202","0.0156675877170975","0.0173249254347052","0.0138207389457841","0.0313281923285954","0.00574525072042145","0.00860234984530343","0.00271941165000654","0.00505130724472003","0.0116420569309339","0.000613426543185238","0.000525565112830853","0.000823466216773932","0.000456829313471215","0.000794811838244674","0.00740616892911011","9.55545529391223","0.184169171961033","0.19634238292011","0.238096273842572","0.133480981981982","",
"Serbia","SRB","Total debt service (% of GNI)","DT.TDS.DECT.GN.ZS","","","","","","","","","","","","","","","","","","","","","","","","","","","","","","","","","","","","","","0.193865532908637","0.310033523567796","0.214792220269793","1.68816900358562","0.790467367873093","1.33065018633448","1.74681855438366","3.38138914592197","4.40706682569483","6.5421684676168","7.42965068923838","8.97238062075256","10.0370810519466","10.0955927980446","10.5572495878075","13.8228030725597","17.3706108095966","17.5219807658139","10.6056065670337","14.6759628565384","11.286533637567","11.0650937278724","13.4566836699392","9.22829102337553","9.31235148474072","9.59057653100188","7.10039432296927","12.2291836864949","",
"Sub-Saharan Africa (excluding high income)","SSA","Total debt service (% of GNI)","DT.TDS.DECT.GN.ZS","","","","","","","","","","","","","","","","","","","2.38876017333383","","","","","","","","","","","","","","","","3.57334461794294","4.064877693021","3.94557017402027","4.23768959694056","4.04751170223397","4.0085339550845","3.61112092741076","3.74861615743595","3.76425495097478","2.81384942674452","2.27512058342587","2.2837591315525","2.72207194676674","2.26273175764523","1.70008367665361","1.63625648795584","1.345172026649","1.36490034209961","1.80489547860096","1.96814645248345","2.27403285178428","3.49352530397387","3.48411249754439","3.32489506291033","4.36516805720394","3.95146283161765","3.85900440647052","3.97837236885894","3.9921575736355","4.19007442522534","4.83905424954966","",
"South Sudan","SSD","Total debt service (% of GNI)","DT.TDS.DECT.GN.ZS","","","","","","","","","","","","","","","","","","","","","","","","","","","","","","","","","","","","","","","","","","","","","","","","","","","","","","","","","","","","","","","","","","",
"Sub-Saharan Africa","SSF","Total debt service (% of GNI)","DT.TDS.DECT.GN.ZS","","","","","","","","","","","","","","","","","","","2.38876017333383","","","","","","","","","","","","","","","","3.57334461794294","4.064877693021","3.94557017402027","4.23768959694056","4.04751170223397","4.0085339550845","3.61112092741076","3.74861615743595","3.76425495097478","2.81384942674452","2.27512058342587","2.2837591315525","2.72207194676674","2.26273175764523","1.70008367665361","1.63625648795584","1.345172026649","1.36490034209961","1.80489547860096","1.96814645248345","2.27403285178428","3.49352530397387","3.48411249754439","3.32489506291033","4.36516805720394","3.95146283161765","3.85900440647052","3.97837236885895","3.9921575736355","4.19007442522534","4.83905424954966","",
"Small states","SST","Total debt service (% of GNI)","DT.TDS.DECT.GN.ZS","","","","","","","","","","","","","","","","","","","","","","","","","","","","","","","","","","","","","","","","","","","","","","","","","","","","","","","","","","","","","","","","","","",
"Sao Tome and Principe","STP","Total debt service (% of GNI)","DT.TDS.DECT.GN.ZS","","","","","","","","","","","","","","","","","","0","0.867814345761751","0.00290025397224707","1.36628329747308","2.03788514514048","3.03612798596996","3.55575811670273","4.07694580392111","3.38145595089749","1.28508890343982","2.94122253200567","2.6679010555071","6.48303825433095","2.59635370083988","1.97155184908691","2.94840968431681","2.40965761153147","2.38311882535126","2.53539231667272","2.50671157267997","4.37923435697639","5.93181861081521","6.29972600841085","6.21937366196534","4.779779538017","4.77293369902512","4.64346535718814","5.84602182897597","3.48568414524598","4.83866498753786","4.2130170104274","1.24169814396276","1.048462610417","0.870703512155383","0.736962539741454","5.00478100713904","2.19131546211714","4.5842914496938","1.05152951481769","0.890167403954197","1.19594576230144","1.20486220748894","2.15110504396052","0.582563194972041","0.604721063108895","1.24699338485841","0.856134633054145","0.622865459374986","",
"Suriname","SUR","Total debt service (% of GNI)","DT.TDS.DECT.GN.ZS","","","","","","","","","","","","","","","","","","","","","","","","","","","","","","","","","","","","","","","","","","","","","","","","","","","","","","","","6.66388976188135","17.7518061762898","11.2264315593989","13.8964171832308","15.0883440319246","17.7408873101097","14.4264096354628","11.0205747967947","20.5070850785941","","",
"Slovak Republic","SVK","Total debt service (% of GNI)","DT.TDS.DECT.GN.ZS","","","","","","","","","","","","","","","","","","","","","","","","","","","","","","","","","","","","","","","","","","","","","","","","","","","","","","","","","","","","","","","","","","",
"Slovenia","SVN","Total debt service (% of GNI)","DT.TDS.DECT.GN.ZS","","","","","","","","","","","","","","","","","","","","","","","","","","","","","","","","","","","","","","","","","","","","","","","","","","","","","","","","","","","","","","","","","","",
"Sweden","SWE","Total debt service (% of GNI)","DT.TDS.DECT.GN.ZS","","","","","","","","","","","","","","","","","","","","","","","","","","","","","","","","","","","","","","","","","","","","","","","","","","","","","","","","","","","","","","","","","","",
"Eswatini","SWZ","Total debt service (% of GNI)","DT.TDS.DECT.GN.ZS","","","","","","","","","","","4.51467750373563","3.48078346488973","6.55121718065959","5.11885535048385","1.93907130531368","","","","","","","","","","","","","","","","3.76617937711748","2.11011384459367","1.5783699946232","1.50145151835269","1.64668998443124","1.01367241897731","1.71034326883199","1.52824155775758","1.68029388408708","2.13302160748099","1.77379197941115","1.86615679904667","1.54441290317199","1.51442454323324","1.72166049790072","1.19086760547977","1.31504016581942","1.55368558384048","1.88096231722781","1.61367779457119","1.31120944563275","1.14051356082036","1.35140108789057","2.66866117037323","5.52750609784959","2.56659815993304","1.15484706612502","3.13361237548782","1.29291547755975","1.31725759603028","2.75075455022568","1.4683750479923","1.9484870675255","4.19289059602994","4.88014710518828","",
"Sint Maarten (Dutch part)","SXM","Total debt service (% of GNI)","DT.TDS.DECT.GN.ZS","","","","","","","","","","","","","","","","","","","","","","","","","","","","","","","","","","","","","","","","","","","","","","","","","","","","","","","","","","","","","","","","","","",
"Seychelles","SYC","Total debt service (% of GNI)","DT.TDS.DECT.GN.ZS","","","","","","","","","","","","","","","","","","","","","","","","","","","","","","","","","","","","","","","","","","","","","","","","","","","","","","","","","","","","","","","","","","",
"Syrian Arab Republic","SYR","Total debt service (% of GNI)","DT.TDS.DECT.GN.ZS","","","","","","","","","","","","","","","","","","","","","","","","","","","","","","","","","","","","","","","","","","","","","","","","","1.41198743386809","1.22785318532232","1.09242746372309","0.991699584869171","0.00184406065599333","0.00434224390868233","0.00102880276852849","0.00360249605731126","0.00312941260167635","0.00331477058961212","0.0974874263517742","0.0207533215682704","0.0104277425045994","0.00299566148703921","0.0451009484294392","","","",
"Turks and Caicos Islands","TCA","Total debt service (% of GNI)","DT.TDS.DECT.GN.ZS","","","","","","","","","","","","","","","","","","","","","","","","","","","","","","","","","","","","","","","","","","","","","","","","","","","","","","","","","","","","","","","","","","",
"Chad","TCD","Total debt service (% of GNI)","DT.TDS.DECT.GN.ZS","","","","","","","","","","","0.622378017597895","1.35789395479748","0.753972808089381","0.529997273884605","1.03289934715408","0.757484974477633","0.508030489620051","0.366417947851633","0.576364729518609","0.361703392230621","0.576834760580201","0.872471812203298","0.208282733794582","0.136278967878224","0.841500400597398","1.69574799856929","0.746258581839988","0.652938694158616","0.654495814553458","0.819908350532293","0.687034536819859","0.536366364369092","0.493555833692574","0.956763098866429","1.33813157126581","1.0627649019","1.73566955993796","2.12966994562937","1.7064533541863","1.90123394784429","1.82211424343938","1.21207254159441","1.41749982449866","1.80237474308855","1.05140533526987","0.715429823068653","0.672622056182073","0.709812211580653","1.17174487965454","0.651204602958999","0.533779303244241","0.505842338314993","0.475370763151432","0.692779932858274","3.35966296477185","0.792045643773628","1.25733475038372","1.25715821186327","1.16321974960856","0.892560085848386","1.27705639142081","1.97574568313718","2.46850420568747","2.59460703779911","1.90837024001537","",
"East Asia & Pacific (IDA & IBRD countries)","TEA","Total debt service (% of GNI)","DT.TDS.DECT.GN.ZS","","","","","","","","","","","","","","","","","","","","","","2.923102784551","3.1573977671266","3.11337025904513","3.099498978482","3.11993122223735","3.52438963094626","4.17308607325532","4.30846682045517","4.22581723739265","4.37349365863957","4.35929316658523","4.35831892153333","4.56194920667631","3.98427300243598","3.85395301234227","3.81744704631123","3.86242094600049","4.14074593008825","4.58987573319594","4.05711252341225","4.1184763581205","4.10475108532164","3.75724136080966","2.71145691452377","2.59616882682343","2.3755970155158","1.94089024013569","1.46724482803667","1.4051302610115","1.42572013698884","1.30473423683351","1.3303902042995","1.30048475764183","1.48995723061371","1.7799114481286","2.0299460676046","2.15118542393902","2.18768106506","2.55348803206841","2.31413330018677","2.25396446210688","2.88774339581198","2.91081703411446","2.38793550554699","",
"Europe & Central Asia (IDA & IBRD countries)","TEC","Total debt service (% of GNI)","DT.TDS.DECT.GN.ZS","","","","","","","","","","","0.996580860787321","1.20797140298507","1.56890872372999","0.866910873847004","0.730963245218766","0.8210030811655","1.1543935842343","1.63469821547363","2.06441950341646","1.51241823988415","2.37390175127473","2.7535657663942","3.78886322469087","4.45374936071577","4.85614688603811","6.94851918449635","6.41612826674485","7.04023912425225","","","","","1.53683158295637","1.5194150025059","2.3760326045904","2.7553252951952","2.89413165930192","2.8580038918448","4.67106485222288","6.62543783886119","6.7689043474847","7.6786964831315","7.26574314838207","6.9261664620242","5.90958564913377","7.10857504780265","6.49572617136265","5.75814337901172","6.7862101316272","9.24881095201719","6.89788421115083","5.16992618941133","4.85321369752533","5.33316586489304","6.20674974820186","8.98213062788448","8.69178003959256","7.94981056622375","8.91273606455865","8.34615473884892","9.48326319095299","7.40563546559835","6.65703120510897","5.79603206484823","5.51011872274128","",
"Togo","TGO","Total debt service (% of GNI)","DT.TDS.DECT.GN.ZS","","","","","","","","","","","0.66844488197426","0.605694706982965","1.13430220643301","1.1794531267694","1.0793745442234","1.91331171167155","2.64167120654001","5.22861486672505","4.99293954585614","2.43712389519138","3.34484784125934","6.67676917077259","7.56948991807294","5.72045582017809","9.35781859195809","10.7157581788273","9.921012383348","5.27476381924528","6.92698550261126","4.88207252908449","3.77796873965856","2.4246947051561","1.52839898261992","1.51170032841467","1.70479875154932","1.60181346816429","2.84860767914531","2.67770907810729","1.79632518381496","1.93927204456355","1.45559193540733","1.6605740522266","0.624421832440221","0.657980652283636","0.696641400250049","0.666721160715802","0.815159262716264","0.414516927470588","4.27861818125716","1.14516052882813","0.788645976997201","0.285164247924819","0.453646171928856","0.885686766988705","0.966765112670034","1.04645098418714","1.49500465044204","1.69392623654067","1.64359073030444","1.61946736614601","1.42793172011471","2.03926267617564","2.91656345145304","2.71396943295321","3.21770096859245","",
"Thailand","THA","Total debt service (% of GNI)","DT.TDS.DECT.GN.ZS","","","","","","","","","","","2.30379209007989","2.672650735353","2.23544173619171","2.4701436650912","1.85337060476172","2.4008171048779","2.23386233837586","2.90009887713627","4.53896531546905","4.84217328012545","5.04000898803468","5.46816206873916","5.38452467638837","5.56786805757792","6.48068505838384","8.52856652080592","8.65374850768164","6.96355280739411","7.2318413666734","6.16716831873212","6.29633514625875","5.07795493921162","5.40361529125635","5.08224469035273","5.46976811672498","5.17897119159245","5.34265346232017","8.11097617784342","11.6750910639915","13.2321671878585","11.3100604036163","17.3724076215207","15.2238684234222","10.3249647509238","7.79065844808806","9.97867492685368","6.86398120959111","8.6723089993859","6.15793342515511","4.68140799780689","3.35612197984006","2.9028200239488","4.06541112254949","3.76716257534451","7.02475633407206","5.14968859539836","3.79005763694637","3.66608937485671","4.19144716227984","6.13831557730731","4.57651080059655","3.33015367324942","5.6073051555297","8.38412976722454","3.51090788346432","",
"Tajikistan","TJK","Total debt service (% of GNI)","DT.TDS.DECT.GN.ZS","","","","","","","","","","","","","","","","","","","","","","","","","","","","","","","","","","0.051244817737055","","","0.08478933779505","5.31005285551989","6.8555642241842","7.51458195500956","7.94918805538446","8.08713894487242","8.22035367899404","5.65554621695935","5.03453090393525","2.73304698716378","1.97436382251369","1.37599391111347","1.909556151423","7.83498900839415","9.96631748320269","7.09813631754363","4.53492998499424","3.99646474173338","3.79981314754586","3.2056896788315","7.83642771295903","8.15939175306221","6.48570501183059","5.84395664283055","3.76741456383861","4.6720134691072","3.56947976484131","3.68124070501852","3.04057198955028","",
"Turkmenistan","TKM","Total debt service (% of GNI)","DT.TDS.DECT.GN.ZS","","","","","","","","","","","","","","","","","","","","","","","","","","","","","","","","","","0.323883707181984","3.75194977245124","4.17532803378653","8.09201706758444","10.4922838260327","12.2196657826637","13.6910732822244","17.3105799279609","15.9066112756216","12.8872193739809","8.33246649173166","6.69075807042145","4.11602769652253","2.6832630260734","1.66019611481066","0.960048648006238","0.912479389633345","0.963013832238599","0.982689649957712","0.963029338369135","1.2403864958313","3.94299157782264","4.3730463770358","4.6742495024276","5.41108858936439","7.3481762721902","7.77577145595384","7.80047585479278","6.41053085987132","3.09359182515287","3.05332436831357","2.22482045527243","",
"Latin America & the Caribbean (IDA & IBRD countries)","TLA","Total debt service (% of GNI)","DT.TDS.DECT.GN.ZS","","","","","","","","","","","3.39626185871202","3.14596700881019","3.21304726066329","3.21155018346625","3.15188343235996","3.38757479977661","3.46997737645876","4.02592611228785","5.03917047871655","5.96459422030721","5.94994322184237","6.39899747618351","7.50159368793963","7.4335220105518","7.26255879807705","6.82367868167885","6.59961971453052","5.75703288296721","6.31644951513467","5.03623656514781","3.82029239963946","3.7895285571359","4.13167250606058","4.01087720861443","3.50557869060673","4.17618929528814","5.18749069942657","5.69751237018748","5.75282060649452","8.36102782129251","8.26548450516811","7.04139411187331","6.75673785904874","7.27436480449954","6.56265832527065","5.83038839083209","5.85397233975418","4.06190418967797","3.475919210499","3.49538683749335","2.7570113164826","2.82062972674591","3.306464979592","3.30964621971681","3.21195073307668","4.655910982611","6.28072527058873","5.49464456801505","5.56342754049138","7.19232430100691","7.74162128853561","7.50876596890169","5.47417769520613","7.10649379135793","5.32638630355505","",
"Timor-Leste","TLS","Total debt service (% of GNI)","DT.TDS.DECT.GN.ZS","","","","","","","","","","","","","","","","","","","","","","","","","","","","","","","","","","","","","","","","","","","","","","","","","","","","","0.00762023984819516","0.00739884340438546","0.0131849427009702","0.0293207266579335","0.0369171732212748","0.0793104367757604","0.142944638471628","0.250267647442373","0.341636466174238","0.277602380591019","0.55683654069142","1.09579904420387","1.22508788126056","",
"Middle East, North Africa, Afghanistan & Pakistan (IDA & IBRD)","TMN","Total debt service (% of GNI)","DT.TDS.DECT.GN.ZS","","","","","","","","","","","","","","","","","","","","","","4.51796175564238","4.27176844786031","4.05354130457529","3.85601809940902","3.79360137329391","3.5629622775371","4.21999101151772","5.25352083990851","5.4508018682092","","5.97694126466712","6.51478747163991","7.2906450661299","6.49066562745151","6.37107864945394","5.90870573473991","5.98426765625365","4.49869727138354","4.9378219806112","4.23193999701479","3.61300008841786","3.95899415081371","4.17636770596108","4.01967540621957","3.25998537161586","3.99412982302304","2.25490396745615","2.02923679860956","2.22787132261104","1.98518947081305","1.75505927255605","1.65552559933458","1.97229707675054","2.01591225018794","1.8885696329412","2.11587032314154","2.26530301780772","2.41435950684983","3.02010064698904","3.24737686727764","3.02133702926462","2.87732697335877","3.14784056670837","3.63068941441212","",
"Tonga","TON","Total debt service (% of GNI)","DT.TDS.DECT.GN.ZS","","","","","","","","","","","","","","","","","","","","","","","","","","1.32849157416049","1.32299490596893","1.36935229437386","1.12980511077292","1.18724524788522","1.65302208786026","1.24990049932918","1.16075010828387","1.23827927621395","1.33050258222749","1.51723710942058","1.51752999351635","1.86957528692079","1.84595206727975","2.19752208870209","2.3827042717419","1.56638039890777","1.92577335505594","1.84382786523959","1.90679450502752","1.98511013811096","1.48046525605508","1.65844876051129","1.58031391970045","1.19871762826984","1.33125408508532","1.40981458850005","1.31547731495353","1.42434595631548","1.47341251414799","1.45555303954619","1.44787868503357","1.16603275583904","1.84010593092436","1.03233502563769","1.11040466543713","0.880388201042156","1.90071907757529","2.75969486341797","6.33437869433036","",
"South Asia (IDA & IBRD)","TSA","Total debt service (% of GNI)","DT.TDS.DECT.GN.ZS","","","","","","","","","","","2.20115680811969","0.918288312761369","0.964126604453902","0.811065196810535","0.810824557387085","0.929738477840871","1.28664615193901","1.13384609964412","1.03805247277925","0.947180004977513","0.865064193790814","0.894056179947204","1.08801781900349","1.2281452365902","1.45156338791854","1.55440171475713","2.09568284462892","2.01678193426372","1.99717121818897","2.26589361815965","2.46125248072433","2.74763262171088","2.52547820428821","2.75822668049644","3.07227533566444","3.49583746622211","2.8355805201526","2.79972887193736","2.67237566110264","2.17465263031167","2.28346226630337","2.37693895085927","2.86944017451564","3.92468547840999","2.38234671705707","2.74992317461526","1.83811706091838","3.09604851766681","2.48851895057223","1.28664354539212","1.46620745629253","1.59349765251722","1.69641786623012","2.06155433487434","4.40985709691089","2.31063147397699","3.10375163264638","1.90579830488845","2.38295275998975","1.94509512768224","2.73416976959005","1.72301124847462","2.024287927648","2.32460212585845","2.45188145766554","",
"Sub-Saharan Africa (IDA & IBRD countries)","TSS","Total debt service (% of GNI)","DT.TDS.DECT.GN.ZS","","","","","","","","","","","","","","","","","","","2.38876017333383","","","","","","","","","","","","","","","","3.57334461794294","4.064877693021","3.94557017402027","4.23768959694056","4.04751170223397","4.0085339550845","3.61112092741076","3.74861615743595","3.76425495097478","2.81384942674452","2.27512058342587","2.2837591315525","2.72207194676674","2.26273175764523","1.70008367665361","1.63625648795584","1.345172026649","1.36490034209961","1.80489547860096","1.96814645248345","2.27403285178428","3.49352530397387","3.48411249754439","3.32489506291033","4.36516805720394","3.95146283161765","3.85900440647052","3.97837236885895","3.9921575736355","4.19007442522534","4.83905424954966","",
"Trinidad and Tobago","TTO","Total debt service (% of GNI)","DT.TDS.DECT.GN.ZS","","","","","","","","","","","","","","","","","","","","","","","","","","","","","","","","","","","","","","","","","","","","","","","","","","","","","","","","","","","","","","","","","","",
"Tunisia","TUN","Total debt service (% of GNI)","DT.TDS.DECT.GN.ZS","","","","","","","","","","","5.27264325144908","4.98109196724924","4.85028476723575","3.70254258996526","2.73269559474727","2.46779019565011","2.34725392196158","3.71107399848564","4.56053753727165","5.50699464731969","6.47465288048017","7.40683354692733","7.2077609057658","7.91041084177713","8.83734250832087","9.26670023131002","10.2060588604885","12.0008366554527","11.0252196205644","11.4355045648729","12.0466728659877","10.9421988985638","9.08389542070401","9.88212853933535","9.8812281436329","8.61645997143734","7.90156633763172","7.11948151215621","6.82814632969833","7.0044080500402","9.29734006136957","6.59727306861375","6.73738444096861","6.15603106590741","7.15440852815228","6.68099074939651","7.77753978379648","6.86555237777054","4.82500813833372","5.16750811986493","5.37511323873113","5.79740074825979","5.7749533964245","5.3013021282587","4.08018606694556","4.13905528132835","4.82474560490556","7.46719529657282","7.22736787077279","7.8737682316049","7.94479115037292","9.53997426361592","9.57028547754118","10.4929292626213","10.9265016244408","",
"Turkiye","TUR","Total debt service (% of GNI)","DT.TDS.DECT.GN.ZS","","","","","","","","","","","0.996580860787321","1.20797140298507","1.56890872372999","0.866910873847004","0.730963245218766","0.8210030811655","1.1543935842343","1.63469821547363","2.06441950341646","1.51241823988415","2.37390175127473","3.43986180886888","4.72036176064047","5.20177552009977","5.51631500126807","7.00580163440306","6.06090640559806","7.02800326779133","8.5179604953325","6.76719435600105","5.00957692770805","5.58628142892379","5.80664064872552","4.8418353271712","8.05270003613205","4.94657304713534","4.40985713050641","4.56778167575704","5.4729537844968","7.35068008004849","7.64194664982849","11.3272127827393","11.7857575758394","9.13454864226026","8.08128296159829","8.2460795113804","7.46014467206499","7.31305477732884","7.3041177212193","9.76711091371193","7.72321537548618","7.00086787853872","6.56330981065962","6.7562161911723","6.28388926871807","6.52151533133496","8.78585439284443","10.1665757228595","10.734255840126","11.2528969335117","11.8980132357555","8.93337484800616","7.56004206933616","6.76828351069021","6.68128911802666","",
"Tuvalu","TUV","Total debt service (% of GNI)","DT.TDS.DECT.GN.ZS","","","","","","","","","","","","","","","","","","","","","","","","","","","","","","","","","","","","","","","","","","","","","","","","","","","","","","","","","","","","","","","","","","",
"Tanzania","TZA","Total debt service (% of GNI)","DT.TDS.DECT.GN.ZS","","","","","","","","","","","0.133271618813055","0.156221353646907","0.184193523492457","0.202939192633201","0.21818779376918","0.34435178951086","0.368496673496466","0.458497214815259","0.932255200620842","0.820807355152875","1.21820082175124","1.16027718165272","0.951302478520603","1.03268664124742","0.970669526461416","1.11763283454679","1.43076205761678","2.02392392266648","2.24008399036585","2.8400118154951","2.9849594919057","2.95996905018499","3.61054606183585","3.5046167999378","2.86812530411546","3.01359611324993","2.86402014461506","1.47914236540834","1.92834605536999","1.77483350417535","1.27034057514596","1.07593018679522","0.745590448438398","0.587966906179532","0.746005235486754","0.73460741000094","0.478662808005618","0.34237637467871","0.264973973659907","0.561613856316359","0.618858840774585","0.44860637748965","0.462168934612456","0.445568251945638","0.71306303320502","0.971672292103159","1.50815945601594","1.58331244687228","1.83981669817643","2.03584618515169","2.15784430750229","2.66875549051343","2.68523266162735","2.84374286440644","2.55996343471725","",
"Uganda","UGA","Total debt service (% of GNI)","DT.TDS.DECT.GN.ZS","","","","","","","","","","","0.726365437069278","0.680889526137965","0.645599650474511","1.45330383996617","0.669795493959196","0.707959247262987","0.836516237476812","0.547758672945493","0.922468870902327","1.28861743996645","4.63832703421408","5.15602061287644","2.93762010970621","3.92091681981804","3.60527411091328","4.47700565733456","4.42391024112605","2.56963260964486","3.12381135575013","3.6044682682821","3.42192246952219","4.51144553222735","4.08700623515112","4.35224736284582","3.78536397050623","2.37438233854764","2.46908378672544","2.57350603306655","2.33128168684202","2.21191117203463","1.24319492207411","0.900185184812932","1.1787115151162","1.40445504959116","1.33872609488751","1.91546427686018","1.02636733527601","0.57067778719229","0.523344248082702","0.290526598539783","0.242043071550111","0.231874140977632","0.255169161179826","0.308915801241868","0.647647836250261","0.298477888647714","2.9431545268045","0.625741500911256","1.65321186742292","0.871693452314227","2.08389276024152","2.1986757128253","2.32048003910716","5.71646672793013","2.97365208339269","",
"Ukraine","UKR","Total debt service (% of GNI)","DT.TDS.DECT.GN.ZS","","","","","","","","","","","","","","","","","","","","","","","","","","","","","","","","","0.0156858717155469","0.315608612473132","0.630759218731639","2.38581695057197","2.85766346513566","2.73944651545231","4.91454481965286","9.2982132710921","12.3845523147084","6.62785823017595","8.48369877493945","7.85007110536425","6.89322413050277","6.91686601090413","8.90160395657931","8.46904222508663","10.372575454495","20.0140149299782","19.8712891691672","16.6876964352352","16.2473251712554","20.1641064257918","15.9674824171691","31.334783979043","13.1418118621218","11.6292515758099","11.1726918428923","8.95614166872464","10.8722201062308","7.47223001873506","5.56302447550147","4.16826304438913","5.40000239858959","",
"Upper middle income","UMC","Total debt service (% of GNI)","DT.TDS.DECT.GN.ZS","","","","","","","","","","","","","","","","","","","","","5.22438504831958","4.91511318276285","5.45786639994793","5.12579411127697","5.05282445043939","4.77390395396851","4.69122579376544","4.94250912108135","5.51060685877182","4.79099340593257","4.2051639877084","4.27061713964443","4.34748215155551","4.29937298612158","3.80875618096106","4.04906784849036","4.51510945402753","4.82616515222938","4.99645139323492","6.46823083520544","6.31308397277314","5.75893652660924","5.62906424731891","5.38959756139974","4.58425616830463","4.37343573790632","4.33585507637293","3.35860661695786","2.96577647204705","2.9169128985254","2.62299894331129","2.37852585182635","2.44170201134005","2.51874433669644","2.48945412084291","3.08088076295046","3.42818969333425","3.37604000449138","3.43363185671611","3.94567120038122","3.80999288485457","3.50543319773833","3.68078292383199","4.01274908241547","3.31310591427025","",
"Uruguay","URY","Total debt service (% of GNI)","DT.TDS.DECT.GN.ZS","","","","","","","","","","","","","","","","","","","","","","","","","","","","","","","","","","","","","","","","","","","","","","","","","","","","","","","","","","","","","","","","","","",
"United States","USA","Total debt service (% of GNI)","DT.TDS.DECT.GN.ZS","","","","","","","","","","","","","","","","","","","","","","","","","","","","","","","","","","","","","","","","","","","","","","","","","","","","","","","","","","","","","","","","","","",
"Uzbekistan","UZB","Total debt service (% of GNI)","DT.TDS.DECT.GN.ZS","","","","","","","","","","","","","","","","","","","","","","","","","","","","","","","","","0.0363568400367439","0.227085550194098","1.0738831565296","1.83797258803907","2.17854508094856","3.53064782676262","2.47208138092092","3.4546290109383","6.7018829309377","7.82992788252673","8.06299285128019","8.1302978074138","7.29698601703076","5.56851706147395","4.96472814552195","3.59256467079465","2.77615668070527","2.42955688958236","1.09441149478911","0.905435560434122","0.907513462232288","0.832741542961645","0.975111720999832","1.27876051508114","1.4046824586118","2.61827483541174","1.64477276801511","3.81942597886201","4.68517329741211","6.06070590401969","7.94090063525086","9.12470113380471","9.36618344020154","",
"St. Vincent and the Grenadines","VCT","Total debt service (% of GNI)","DT.TDS.DECT.GN.ZS","","","","","","","","","","","0.444444444444444","0.275248921785606","0.154715079760755","0.187749868262437","0.170494492868639","0.168517673587177","0.228590415759163","0.223759586052149","0.220635369053858","0.32094593421375","0.51823924349948","0.681603006719542","1.36101516545485","1.24572143269457","1.98294757989794","2.33420617728883","2.16337627382501","1.80590545841514","1.95079990519392","1.80913266901748","1.91479014002616","2.04624426882882","2.22172767698963","3.0338973510022","3.10903213787051","2.83674288128998","3.12491317055804","3.43795235832376","3.22983239138041","3.87702516260974","3.20892416518021","2.69078062968341","2.5151976237927","2.83902003768443","3.71374983370124","4.29773318179698","5.40840118484307","4.03060293986914","4.25050817679017","5.16586848311741","5.07528476673437","4.93904918856138","4.96065185457413","4.17454731562922","4.06412810869598","4.37006999362491","5.14507122883088","4.98377009715677","5.392494986886","5.09918508333232","5.02610886719527","3.91448829900651","3.47944036995872","3.74249284107394","3.78344696588766","",
"Venezuela, RB","VEN","Total debt service (% of GNI)","DT.TDS.DECT.GN.ZS","","","","","","","","","","","","","","","","","","","","","","","","","","","","","","","","","","","","","","","","","","","","","","","","","","","","","","","","","","","","","","","","","","",
"British Virgin Islands","VGB","Total debt service (% of GNI)","DT.TDS.DECT.GN.ZS","","","","","","","","","","","","","","","","","","","","","","","","","","","","","","","","","","","","","","","","","","","","","","","","","","","","","","","","","","","","","","","","","","",
"Virgin Islands (U.S.)","VIR","Total debt service (% of GNI)","DT.TDS.DECT.GN.ZS","","","","","","","","","","","","","","","","","","","","","","","","","","","","","","","","","","","","","","","","","","","","","","","","","","","","","","","","","","","","","","","","","","",
"Viet Nam","VNM","Total debt service (% of GNI)","DT.TDS.DECT.GN.ZS","","","","","","","","","","","","","","","","","","","","","","","","","","","","","","3.71658435677013","2.87350772947391","1.77036986279841","2.43961807980696","3.29664558646172","1.9343458906827","1.76121879642852","1.62383821681115","3.34665056037309","4.12013952767881","5.02379002186887","4.2509672753564","3.77646694726055","3.51063423891743","2.15107817355939","1.83186689834015","1.67515479175783","1.48940641585458","1.6632572891362","1.465575121721","1.46951980923983","1.32082173587163","2.49531007153643","2.37706150858336","2.20806821770305","3.04722794598535","3.00525625667562","3.17738400910454","5.4435643145114","6.42171163821599","5.4316838348891","5.15727073597372","5.95315594070907","6.66326548800158","6.95914200496992","7.29225451186461","",
"Vanuatu","VUT","Total debt service (% of GNI)","DT.TDS.DECT.GN.ZS","","","","","","","","","","","","","","","","","","","","","","0.505798292209496","0.511309982423691","1.32068604093241","1.08280212037396","1.11157425741011","1.33823894576275","2.89587912931009","1.6854168558155","1.33036656172117","1.44460380542946","0.893438929035079","0.838745314982025","0.890113666050778","0.811231015010052","0.757328862475979","0.713731552601676","0.79640337440253","0.559231916811449","0.940496504759862","1.08122286820356","0.783913029744063","0.91912066511911","0.840770427625857","1.15308294755821","0.91080563548539","1.09004118397632","0.947621262433408","0.801976189532015","0.995735905883774","0.905970862836047","0.813924945407135","0.792318364841687","0.835627765567568","0.875095676548881","0.793909129886925","0.931698792602609","0.972563250132886","1.85494988003652","2.8249555123142","1.54042683260611","1.3903517086599","1.66202770102036","1.96644301252667","1.8831414765434","",
"World","WLD","Total debt service (% of GNI)","DT.TDS.DECT.GN.ZS","","","","","","","","","","","","","","","","","","","","","","","","","","","","","","","","","","","","","","","","","","","","","","","","","","","","","","","","","","","","","","","","","","",
"Samoa","WSM","Total debt service (% of GNI)","DT.TDS.DECT.GN.ZS","","","","","","","","","","","0.159290459714913","0.128690663753591","0.303258229219936","0.814805881206705","1.14728385273263","1.08965381130927","3.83934473848654","2.9355799174728","3.30246136071303","3.15297955456259","4.04272738468117","3.81474467939354","3.15663018907318","4.44738112637855","5.33379687694357","7.83933080286451","7.85744034270968","6.70422039166731","5.26607595651535","4.22386562993693","3.19675080247326","2.83834674540856","2.8076463391301","2.32881428846128","2.59140373931272","2.31553067630381","2.05045950569563","1.79344472553789","1.6817087261056","2.0072014706227","2.26986446765501","1.90774798996229","1.82246912355283","1.74342873985287","1.61111053470766","1.31575625669762","1.51147628348837","1.29997561678958","1.3421137883949","1.42450608594473","1.60833184988796","1.66100866703837","1.78793058945595","2.02450187360739","2.64465429802069","2.90086010871326","3.20854384942103","3.62848581987675","4.22826225802392","4.11913974225405","2.91693415891263","2.12671209599274","4.52643333628411","3.78682293658418","3.15339597139227","",
"Kosovo","XKX","Total debt service (% of GNI)","DT.TDS.DECT.GN.ZS","","","","","","","","","","","","","","","","","","","","","","","","","","","","","","","","","","","","","","","","","","","","","","","","","0.970525579282505","6.11540856768988","2.08835855158965","1.9848961192697","2.05450440981967","2.17362824562272","2.1450937907857","2.59377954858475","3.31834711026668","2.74726217068944","3.43406579213464","3.25332079341103","4.77987102467763","4.28430668439184","3.18919023224286","2.47579595826646","3.28658556160689","",
"Yemen, Rep.","YEM","Total debt service (% of GNI)","DT.TDS.DECT.GN.ZS","","","","","","","","","","","","","","","","","","","","","","","","","","","","","","","1.34575642736291","1.41896642579272","0.758156649706903","0.560601121954419","0.385135153565911","0.832611602527249","1.46373750334939","1.57298956821397","3.29470674883472","2.59089017597145","2.75157401716343","2.83538975591696","1.75137041347128","1.65261890114092","1.80008367013296","1.41155849385103","1.32694183236672","1.34539415108664","1.13793569618497","1.10008507017979","0.883385630045413","0.904994305525504","0.753209438756379","0.702422734527543","0.890343372740738","0.864073274239903","0.450625417908583","0.379266622310227","0.530089062263564","","","","","","","",
"South Africa","ZAF","Total debt service (% of GNI)","DT.TDS.DECT.GN.ZS","","","","","","","","","","","","","","","","","","","","","","","","","","","","","","","","","","","1.92035471232744","2.0079808452545","2.645733664626","3.94654232097671","2.93034169067724","2.9951706100137","2.70739296025654","3.3925318548976","4.11862604462836","2.29464110701915","1.6248075329585","1.74003482302241","2.56657374745651","1.41375350457488","2.26214350073048","1.7270130143434","1.62746323178644","1.49986061651304","2.51507986273798","3.45011076729465","2.71934875135873","7.99644268693409","4.57129008304988","4.00641603398857","7.36667868188266","5.64461692009278","8.3698314793617","6.47766270404956","6.91740656997378","6.07805558165719","5.73596826717134","",
"Zambia","ZMB","Total debt service (% of GNI)","DT.TDS.DECT.GN.ZS","","","","","","","","","","","4.33831963464923","5.65590594032144","7.09050677785007","17.0995794314339","4.96163570834564","7.46439682540793","7.21200544269931","10.7399064609148","11.2688532475143","11.0665761059298","11.4607671531193","10.8195139139569","9.23002850379506","9.71575868885583","9.9489549005408","6.86968831257527","28.4162312090222","8.90468224705916","5.69372131885446","5.2943884447983","6.67032518372125","19.8203429210032","12.1887343058097","11.9806222741493","10.9498472265177","73.2842551961662","7.39288501130667","6.0660914642934","6.0958931785885","4.69306203246505","5.49805166058356","4.75939691731332","5.61018407313478","11.752777129096","8.05757496290611","3.69335172692741","1.25436563030897","1.0013649407526","0.999022286953646","1.13949802219529","0.82577113820656","1.01447287358802","0.962738539538257","1.31468287325872","1.64060642249919","2.77539790134681","3.85035593376896","3.66302728196284","5.29313162022923","11.8852650907192","11.786667428955","8.43552983912611","5.31730642756499","3.65447068936547","17.3495311540081","",
"Zimbabwe","ZWE","Total debt service (% of GNI)","DT.TDS.DECT.GN.ZS","","","","","","","","","","","0.538845373388753","0.525632003147008","0.466027801507966","0.527203978489486","0.399094090350791","0.200346569047287","0.191908927323429","0.152647715267895","0.210736666844647","0.311509331860487","1.13910561432714","1.50398777590769","2.9356574904568","7.78073877926427","6.43071948731675","8.74038880433324","9.45094843532521","9.94361225674168","8.5188974119957","6.37271656937684","6.7244728753196","6.93046945077953","12.2040669421989","12.6530561742805","12.1182019412414","12.9153810670124","9.99252454954435","11.3397785111411","24.3243919164118","13.9661115896539","9.78512053360815","3.73590677840451","2.45964064687687","1.84757869711371","3.46205904427002","6.24696214366303","3.1093821833552","3.740081943881","6.02057808105078","1.31229120664097","3.3824336912957","8.72885435383918","4.56178942783814","3.23723118309433","2.77503452849014","3.43024314794087","6.61616806921336","1.46769246545037","1.81250159942811","4.84381386686297","3.12102457707961","1.49437680829114","1.1313890969851","4.1810258485789","3.44314332066867","",
