"Data Source","World Development Indicators",

"Last Updated Date","2026-07-13",

"Country Name","Country Code","Indicator Name","Indicator Code","1960","1961","1962","1963","1964","1965","1966","1967","1968","1969","1970","1971","1972","1973","1974","1975","1976","1977","1978","1979","1980","1981","1982","1983","1984","1985","1986","1987","1988","1989","1990","1991","1992","1993","1994","1995","1996","1997","1998","1999","2000","2001","2002","2003","2004","2005","2006","2007","2008","2009","2010","2011","2012","2013","2014","2015","2016","2017","2018","2019","2020","2021","2022","2023","2024","2025",
"Aruba","ABW","Total debt service (% of exports of goods, services and primary income)","DT.TDS.DECT.EX.ZS","","","","","","","","","","","","","","","","","","","","","","","","","","","","","","","","","","","","","","","","","","","","","","","","","","","","","","","","","","","","","","","","","","",
"Africa Eastern and Southern","AFE","Total debt service (% of exports of goods, services and primary income)","DT.TDS.DECT.EX.ZS","","","","","","","","","","","","","","","","","","","","","","","","","","","","","","","","","","","","","","","","","","","","","","","","","","","","","","","","","","","","","","","","","","",
"Afghanistan","AFG","Total debt service (% of exports of goods, services and primary income)","DT.TDS.DECT.EX.ZS","","","","","","","","","","","","","","","","","","","","","","","","","","","","","","","","","","","","","","","","","","","","","","","","","0.402819292924976","0.487686262693032","0.379800304581339","0.323576197641919","0.598756026259218","1.58322814481364","1.93817780133484","3.29960835203606","4.333403208221","4.35357201508207","3.32380000211032","2.97423809266455","2.67397501265809","","","","","",
"Africa Western and Central","AFW","Total debt service (% of exports of goods, services and primary income)","DT.TDS.DECT.EX.ZS","","","","","","","","","","","","","","","","","","","","","","","","","","","","","","","","","","","","","","","","","","","","","","","","","","","","","","","","","","","","","","","","","","",
"Angola","AGO","Total debt service (% of exports of goods, services and primary income)","DT.TDS.DECT.EX.ZS","","","","","","","","","","","","","","","","","","","","","","","","","","","","","","8.40329262642225","8.14225193354984","10.6810543679173","6.14999077755878","5.12158487871156","8.14934014088936","12.1395411261031","18.4285806878618","19.2277310187677","41.4158731120765","27.0481920485971","20.9294376480718","33.1233201608334","16.9555400041441","15.3138354305021","13.6303255252845","10.7538688229476","13.2243540363775","9.91704008483762","2.5279809747083","9.69552082407741","5.74113261454767","5.74564133103308","8.39421472105114","8.27254208109473","13.4287582139911","24.7853019209701","38.0756437635118","25.4292237629753","28.5353974870477","29.9160622680195","36.2643591957246","29.2509172416252","30.3800197632965","33.4545527405695","28.9122414363047","",
"Albania","ALB","Total debt service (% of exports of goods, services and primary income)","DT.TDS.DECT.EX.ZS","","","","","","","","","","","","","","","","","","","","","","","","","","","","","","","","4.29887168674699","2.17526038751346","3.17620015741834","6.63578141560799","2.772776816609","4.65987367498905","14.7537270182859","9.59910407706093","5.3943900631579","4.47753887231504","4.82402747654441","7.4566071862162","5.49953047234335","5.20983483996605","6.21264516251478","8.22671063956789","6.16944781194243","6.73438534709628","7.10168631514375","10.2786937506513","11.8316593851992","14.2869072533363","13.5215302032287","17.5387022314407","33.5285463236996","15.2354342786112","11.1448259863343","20.6761205604885","11.6000415822134","29.7327896535043","14.5720229004701","9.18516585280181","8.54481299685541","8.00915421288433","",
"Andorra","AND","Total debt service (% of exports of goods, services and primary income)","DT.TDS.DECT.EX.ZS","","","","","","","","","","","","","","","","","","","","","","","","","","","","","","","","","","","","","","","","","","","","","","","","","","","","","","","","","","","","","","","","","","",
"Arab World","ARB","Total debt service (% of exports of goods, services and primary income)","DT.TDS.DECT.EX.ZS","","","","","","","","","","","","","","","","","","","","","","","","","","","","","","","","","","","","","","","","","","","","","","","","","","","","","","","","","","","","","","","","","","",
"United Arab Emirates","ARE","Total debt service (% of exports of goods, services and primary income)","DT.TDS.DECT.EX.ZS","","","","","","","","","","","","","","","","","","","","","","","","","","","","","","","","","","","","","","","","","","","","","","","","","","","","","","","","","","","","","","","","","","",
"Argentina","ARG","Total debt service (% of exports of goods, services and primary income)","DT.TDS.DECT.EX.ZS","","","","","","","","","","","","","","","","","34.9000521296099","27.7785756871475","42.5362952246044","23.0106973598225","38.0376645349045","45.8449715332486","50.1737940369041","69.8969149006555","63.6145739792108","60.3268647090716","83.1337160886777","74.53339165596","44.5025369832747","36.4296624323202","37.1369717401225","33.7793151921646","27.6728453974767","31.111797850622","25.2915464677409","30.3130677188758","39.4412588849976","44.1745242902654","51.8036326705337","74.2848592212609","64.2823867302192","49.5813145440098","16.5973754896215","38.2912710004567","29.6758736713401","19.7246312637172","31.5113305616053","12.1114711135311","11.0018214946773","21.1723766167402","18.6424552546624","15.6549279362916","14.0666784016831","17.1373193031257","20.1695819933804","24.7334756900606","34.9280137137276","51.7299119817311","51.5482584868275","50.832791702386","43.0972641723579","30.6022646249006","31.6825901735881","51.3619830543826","38.2533536654791","",
"Armenia","ARM","Total debt service (% of exports of goods, services and primary income)","DT.TDS.DECT.EX.ZS","","","","","","","","","","","","","","","","","","","","","","","","","","","","","","","","","","1.15348849945235","1.93877045672867","3.15209367385766","9.53574124845219","5.05529476771251","13.2804008315777","13.1730489261958","8.66941155049343","8.41084805331266","9.34720789387768","10.8245440530296","11.4108499984776","7.31949641201404","6.7329552908316","6.66834101867827","11.9873180212173","17.4053324506715","29.7387367053874","24.5841466412015","29.1667510097088","46.3472758098627","31.6996262271868","38.4142387162148","33.0971857565039","26.4117195018642","28.5621462576129","30.9705935961192","45.6343705720396","34.934362726599","17.5363685258393","17.8100738562614","9.17206815657839","",
"American Samoa","ASM","Total debt service (% of exports of goods, services and primary income)","DT.TDS.DECT.EX.ZS","","","","","","","","","","","","","","","","","","","","","","","","","","","","","","","","","","","","","","","","","","","","","","","","","","","","","","","","","","","","","","","","","","",
"Antigua and Barbuda","ATG","Total debt service (% of exports of goods, services and primary income)","DT.TDS.DECT.EX.ZS","","","","","","","","","","","","","","","","","","","","","","","","","","","","","","","","","","","","","","","","","","","","","","","","","","","","","","","","","","","","","","","","","","",
"Australia","AUS","Total debt service (% of exports of goods, services and primary income)","DT.TDS.DECT.EX.ZS","","","","","","","","","","","","","","","","","","","","","","","","","","","","","","","","","","","","","","","","","","","","","","","","","","","","","","","","","","","","","","","","","","",
"Austria","AUT","Total debt service (% of exports of goods, services and primary income)","DT.TDS.DECT.EX.ZS","","","","","","","","","","","","","","","","","","","","","","","","","","","","","","","","","","","","","","","","","","","","","","","","","","","","","","","","","","","","","","","","","","",
"Azerbaijan","AZE","Total debt service (% of exports of goods, services and primary income)","DT.TDS.DECT.EX.ZS","","","","","","","","","","","","","","","","","","","","","","","","","","","","","","","","","","","","1.27522700416419","1.21835403307751","6.63947348002657","2.27690111499043","5.30126873266711","6.35108840555378","5.83286216726765","6.07580085087922","7.18526651152393","5.67398875900182","2.90572307824734","2.01461581077507","1.1904970195509","1.02031268678293","1.5648729640833","1.43717911449728","2.9390618623228","3.41982754423974","5.25091820450811","5.47408203847123","8.96415714597556","9.40764724203768","10.4767418864894","9.85592392029587","8.10909844940075","10.7609775657399","7.77942102990038","3.28802752077169","5.86298085585441","11.3863005417684","",
"Burundi","BDI","Total debt service (% of exports of goods, services and primary income)","DT.TDS.DECT.EX.ZS","","","","","","","","","","","","","","","","","","","","","","","","","","20.4255256071713","24.5040938448765","41.3257336406696","33.2860705471978","36.4303653576602","43.4141946631594","30.6126873308893","36.5351141504166","36.1977417325758","39.4792352718459","27.6470881017156","53.9558789502707","30.3269959674927","42.3423822998088","48.695124637948","40.8569047892913","50.7753151468144","60.0962310030527","64.2004781181364","134.802812608067","40.5188797225616","20.425639728071","18.5137412133711","11.9807446609147","16.5941477300087","2.40563702301048","3.9232522536145","8.7978611126941","13.7187278351432","12.2653714151068","13.9133301954134","15.9799953866367","9.62010735703026","9.06433321322145","11.7601714184191","12.2197808459204","9.07052384386078","9.19992072225422","10.963319888325","","",
"Belgium","BEL","Total debt service (% of exports of goods, services and primary income)","DT.TDS.DECT.EX.ZS","","","","","","","","","","","","","","","","","","","","","","","","","","","","","","","","","","","","","","","","","","","","","","","","","","","","","","","","","","","","","","","","","","",
"Benin","BEN","Total debt service (% of exports of goods, services and primary income)","DT.TDS.DECT.EX.ZS","","","","","","","","","","","","","","","5.23610823810614","4.12194499659127","3.58739534409588","2.35549610905091","3.0833129239603","3.57833842501539","8.36518925768573","4.85855132424344","12.9162005537845","17.5849474230499","16.3673038596937","14.3667417104295","16.1533733419757","8.85952058029358","9.15071469370717","8.8117799504373","9.8645368917304","5.565957088455","5.14408847240911","5.46850236040921","7.09286424799728","7.53879250389059","6.40308387195","8.93011060546276","10.2122692749007","12.4824325036818","14.1690561543769","10.0421563936369","10.3219489860339","7.86235645342578","9.01578633977617","7.52420535255924","6.34413826189356","4.14055245979826","3.03270452700953","3.74792309868754","2.86738621477619","18.6046517865398","3.99726602967595","3.67514463492192","3.14756503078528","7.459044594949","4.1554230958446","3.69067991082305","7.85591733563495","6.90326941767725","7.04130686635785","17.3300274821482","11.2720641300019","18.1036453293349","26.8148132358465","",
"Burkina Faso","BFA","Total debt service (% of exports of goods, services and primary income)","DT.TDS.DECT.EX.ZS","","","","","","","","","","","","","","","4.46800012455687","5.50060228011755","4.39564158497857","4.62399811532452","5.2612938953833","5.07492841907038","9.83935846532458","9.39119156153423","10.7641967139982","11.5303122931049","12.359618994838","17.5923234870526","18.3162062785554","12.5293383498484","13.652657077141","15.1908728733985","9.35243711459737","13.1074600004362","10.3371883233537","12.1609644691216","15.5295362918575","","","","","","18.9513870719118","13.941058030177","14.3245455787529","12.1248691714416","9.05050383709373","7.9470610405809","6.23944006723869","14.3947347370956","18.9613186532432","27.1996689290753","22.3328275104149","21.0482184317637","23.590493702996","31.3023595635814","37.1994898824789","55.1912850414511","35.8367222621689","40.3276068719955","63.1575913019546","49.4789970682693","38.7337417162162","7.58878923609941","17.5796065996179","11.6676647392299","13.6006276960344","",
"Bangladesh","BGD","Total debt service (% of exports of goods, services and primary income)","DT.TDS.DECT.EX.ZS","","","","","","","","","","","","","","","","","28.7032048868339","25.0749045605749","20.1344305021822","23.3213103773275","22.0839100757631","18.9135698920473","21.6356254668249","21.9016286639059","23.7090099063126","25.5483055404215","38.5377686005028","37.276911375986","30.6518118661891","29.6446430571584","34.1612641943953","27.2172816542914","19.7131254179615","16.2729730238988","14.5404644566548","15.9859373552951","13.8064336502593","12.016104289555","10.4164807954076","10.9188916437236","10.6041930098808","9.64183503049119","10.1808558805175","8.25508370875054","7.08551876563458","7.6125178519162","5.45686051585886","7.03375071601261","5.3186433804354","6.04206894562544","5.08304182414987","5.629773751522","6.03570025042511","6.11014310075419","6.13466573895137","5.00105961552124","4.92101273972835","5.79903429874665","6.79539373258512","13.1445525906638","10.4592111139286","11.4417559557247","11.2392162165619","12.5939799449972","15.7658301164336","",
"Bulgaria","BGR","Total debt service (% of exports of goods, services and primary income)","DT.TDS.DECT.EX.ZS","","","","","","","","","","","","","","","","","","","","","","0.71517661588569","1.71241286254184","2.98918996119017","4.11887846271476","10.2276729019097","15.6020981612774","17.1950418772688","22.1668120206615","26.8262247993346","19.4409848528996","6.57139759570662","8.75080052797081","6.57636222747676","13.0360475059698","16.4613816664501","19.7762521437892","20.1535173237113","21.9295489649398","20.7049394501661","17.5060875552869","17.5033154684573","16.671150553418","9.99472998819097","15.8986022663771","25.2721746611776","17.0257885029244","22.5556972703054","17.7103248682104","19.9754536692791","16.1292522371555","12.7656770403076","13.9029497923818","16.7089942812816","13.84050042661","28.2647472199415","22.814893609647","21.1475859284631","15.2594941601338","12.6988008443156","12.1544398533708","10.8352107747101","14.1772592659317","10.7401867424092","11.0918142755745","",
"Bahrain","BHR","Total debt service (% of exports of goods, services and primary income)","DT.TDS.DECT.EX.ZS","","","","","","","","","","","","","","","","","","","","","","","","","","","","","","","","","","","","","","","","","","","","","","","","","","","","","","","","","","","","","","","","","","",
"Bahamas, The","BHS","Total debt service (% of exports of goods, services and primary income)","DT.TDS.DECT.EX.ZS","","","","","","","","","","","","","","","","","","","","","","","","","","","","","","","","","","","","","","","","","","","","","","","","","","","","","","","","","","","","","","","","","","",
"Bosnia and Herzegovina","BIH","Total debt service (% of exports of goods, services and primary income)","DT.TDS.DECT.EX.ZS","","","","","","","","","","","","","","","","","","","","","","","","","","","","","","","","","","","","","","","","8.20269787037546","14.2223186512456","13.8859454837965","7.988797365988","7.64421759843231","6.95151443136194","7.34420344804255","7.4381513917657","7.99410373328976","7.47453050520634","8.79600344703252","10.0566387445035","22.2054677269396","18.9291631987144","20.6924037661688","21.6085631013742","30.8086929589917","18.5032311661066","16.9768147415281","13.9498324986333","11.3690261851021","8.68735090635182","13.6940052872026","7.90369523474478","13.5341648063256","10.8351325250283","",
"Belarus","BLR","Total debt service (% of exports of goods, services and primary income)","DT.TDS.DECT.EX.ZS","","","","","","","","","","","","","","","","","","","","","","","","","","","","","","","","","","0.643911029650596","4.27936016872443","3.44243308480364","2.30319834617997","2.42984323458767","2.82777507088515","4.20104365859357","5.50897245069626","4.30333652706038","4.37444657787643","3.88347019477098","2.53947150946513","3.95663835761126","3.44952121388529","4.05114755381533","3.79062022317131","6.77554138538221","5.90489716221158","6.88611444577094","9.5275766833893","10.377496224226","12.1189252150858","14.8963571702265","20.318907338682","11.7755887758454","13.3189514000796","10.4516456803401","11.2758095940727","8.62319657795036","14.0645147381013","16.1332621106548","10.4697875188332","",
"Belize","BLZ","Total debt service (% of exports of goods, services and primary income)","DT.TDS.DECT.EX.ZS","","","","","","","","","","","","","","","","","","","","","","","","","6.66603564280216","13.3886159359512","10.9905003457815","9.58401378263509","8.28931032945256","7.87976253694021","7.16531444248481","6.37087168416958","5.57235029320455","6.27418013176144","8.85357310421049","12.1959164025165","12.7702318629238","11.7182535356816","13.7692012522093","11.6105210872439","17.9276240138521","22.3443975625601","39.0260847758173","29.3899404255088","61.8540996738213","36.8493020363895","17.586848238792","78.9539216819878","16.8944537529779","17.1280241071382","15.2416325623899","13.8433080663604","14.883620989031","12.748980271253","8.4376667779985","9.4063731609944","10.4917684199271","10.0634347639991","10.5260465943405","9.36643024652193","11.023767997294","58.9326978854465","5.57148974684561","7.34824731285362","7.67121131772208","",
"Bermuda","BMU","Total debt service (% of exports of goods, services and primary income)","DT.TDS.DECT.EX.ZS","","","","","","","","","","","","","","","","","","","","","","","","","","","","","","","","","","","","","","","","","","","","","","","","","","","","","","","","","","","","","","","","","","",
"Bolivia","BOL","Total debt service (% of exports of goods, services and primary income)","DT.TDS.DECT.EX.ZS","","","","","","","","","","","","","","","","","22.5682258566489","24.839735578707","53.4587259206799","34.1088338790932","35.4603255426987","36.2105409162099","59.7487753375436","51.8604090322581","63.8808998113208","50.2984650257662","37.4474980122771","34.3352753601441","54.9306768214804","33.502501347255","39.3681213962833","35.7221494744665","37.2499691159732","37.8942438582938","29.5346165610935","29.9618713255685","31.2218951793847","31.8516318351366","29.6171221502765","28.9129850739151","39.8483357768205","33.5362043563366","29.1213967923535","21.4167501196285","19.7728741921166","15.6635210117697","9.69615044011637","13.9537069295701","12.9013089398039","10.3269265126858","9.47780511598144","4.82356789906339","5.2475604275059","4.25566887803739","6.97764397552778","9.89883952740801","9.21953909473769","10.024147779664","9.51956656449353","10.3652362849807","15.5640603308679","14.0108549191527","16.275104418689","14.205978684425","17.787635656929","",
"Brazil","BRA","Total debt service (% of exports of goods, services and primary income)","DT.TDS.DECT.EX.ZS","","","","","","","","","","","","","","","","43.8291052751786","38.3154353700257","42.8202912842339","58.4098097308303","63.1377316207356","63.6377355664876","66.5922874118783","82.1185150147003","54.9154356784849","45.5947727068366","39.3440559944044","46.4818301742867","41.8498559679777","45.9339243641203","36.5420809949249","22.6383320676081","23.4250892533899","21.2407373813995","25.1582593726477","31.2418390594001","38.5656818553246","43.6947788680517","59.8465348008431","80.7559155534618","116.563894236312","86.6549918629198","71.1455374700262","71.533641609482","67.6786839787488","48.3235389353813","45.9886415705338","38.3298560843367","28.2890624339476","23.6299416497352","23.6712277559478","18.4296682676097","18.7690515486759","15.7314132277102","28.0671181416749","22.9484422129242","39.7792835988014","51.0549755813973","34.7679526864763","33.3094436850684","53.4702774123798","50.3521091588437","46.7278546984627","29.9040449782556","53.5434238618458","26.7439339145718","",
"Barbados","BRB","Total debt service (% of exports of goods, services and primary income)","DT.TDS.DECT.EX.ZS","","","","","","","","","","","","","","","","","","","","","","","","","","","","","","","","","","","","","","","","","","","","","","","","","","","","","","","","","","","","","","","","","","",
"Brunei Darussalam","BRN","Total debt service (% of exports of goods, services and primary income)","DT.TDS.DECT.EX.ZS","","","","","","","","","","","","","","","","","","","","","","","","","","","","","","","","","","","","","","","","","","","","","","","","","","","","","","","","","","","","","","","","","","",
"Bhutan","BTN","Total debt service (% of exports of goods, services and primary income)","DT.TDS.DECT.EX.ZS","","","","","","","","","","","","","","","","","","","","","","","","","","","","","","","","","","","","","","","","","","","","","","","2.79220345990346","4.84585842175085","11.8507099824423","12.6844892415372","14.4166531632125","11.2068085183067","18.7010212132352","11.8209262922086","13.1750850942313","18.1043400042224","17.5595801863358","11.92263516548","11.4177745462651","8.35212645374377","8.74330362481245","17.3241911789711","16.1948695115357","15.6094043269782","16.5776241652416","",
"Botswana","BWA","Total debt service (% of exports of goods, services and primary income)","DT.TDS.DECT.EX.ZS","","","","","","","","","","","","","","","","3.21267609453193","1.55385998635416","1.88939189413608","2.46041706277694","1.61159176572601","1.8915149824708","1.61377216643033","2.24575311504959","3.00621053383741","3.71196307407225","5.35026134553233","4.25468981529176","3.87123100133636","4.24315937746044","3.33935073620598","4.34867811288354","3.44590351067306","3.90557679331318","3.61810450436507","4.01075939127781","3.14754208731447","5.24355818356146","2.82522894354337","2.59547903596038","2.16511403115264","2.0336779422037","1.71249442403101","1.95418243116436","1.23110355558824","1.03472944495391","0.934225509445771","0.966996540264074","0.722587201864425","1.17748578921695","1.04367234314029","1.39748444126717","1.05801576761711","0.885818319468212","2.14504575181586","0.672762052785683","3.32688648966856","1.97974958199445","2.44289884396781","2.36055721853273","3.01630581025341","3.75183359746915","2.01493357903601","1.92955567642417","3.66650187699974","4.71797953358513","",
"Central African Republic","CAF","Total debt service (% of exports of goods, services and primary income)","DT.TDS.DECT.EX.ZS","","","","","","","","","","","","","","","","","","3.31410558704773","3.57830918503977","2.3488769006388","4.86435649845548","6.08703033060319","5.05449204028749","12.8464186350247","16.2719615074972","14.219964668561","15.085096097213","14.0650055097991","13.7825686783995","15.6681911077102","13.2128917242439","8.31971248842345","9.25605789781241","4.963946745758","12.9319540607313","","","","","","","","","","","","","","","","","","","","","","","","","8.85123078974685","4.90561640189487","5.37314440983041","5.90048213810493","10.087726739592","13.3966251157824","",
"Canada","CAN","Total debt service (% of exports of goods, services and primary income)","DT.TDS.DECT.EX.ZS","","","","","","","","","","","","","","","","","","","","","","","","","","","","","","","","","","","","","","","","","","","","","","","","","","","","","","","","","","","","","","","","","","",
"Central Europe and the Baltics","CEB","Total debt service (% of exports of goods, services and primary income)","DT.TDS.DECT.EX.ZS","","","","","","","","","","","","","","","","","","","","","","","","","","","","","","","","","","","","","","","","","","","","","","","","","","","","","","","","","","","","","","","","","","",
"Switzerland","CHE","Total debt service (% of exports of goods, services and primary income)","DT.TDS.DECT.EX.ZS","","","","","","","","","","","","","","","","","","","","","","","","","","","","","","","","","","","","","","","","","","","","","","","","","","","","","","","","","","","","","","","","","","",
"Channel Islands","CHI","Total debt service (% of exports of goods, services and primary income)","DT.TDS.DECT.EX.ZS","","","","","","","","","","","","","","","","","","","","","","","","","","","","","","","","","","","","","","","","","","","","","","","","","","","","","","","","","","","","","","","","","","",
"Chile","CHL","Total debt service (% of exports of goods, services and primary income)","DT.TDS.DECT.EX.ZS","","","","","","","","","","","","","","","","","","","","","","","","","","","","","","","","","","","","","","","","","","","","","","","","","","","","","","","","","","","","","","","","","","",
"China","CHN","Total debt service (% of exports of goods, services and primary income)","DT.TDS.DECT.EX.ZS","","","","","","","","","","","","","","","","","","","","","","","8.5924549828137","10.8809215876289","7.95929531402312","8.37267846293985","9.70164668252778","9.59381344259845","9.63398329984593","11.364784641873","11.6854750368432","11.9296641244236","10.2103523871014","11.1433393326538","8.91539620759218","9.8847479020214","8.80315326448636","12.6134314823957","12.5451629025233","16.8011650521446","13.1349160431843","11.4697161899431","12.1466869814639","8.11986549717689","3.72629115340062","3.38467578740924","2.63307518851185","2.37686039838911","2.07153224336163","2.91078502611598","2.89643097782304","2.91665272408534","3.08464755083677","3.03970189644669","3.01971745253991","4.90274889592115","6.91875543607767","7.58735986967657","8.25271896595969","9.49516872239568","9.19478034214525","8.68754451581172","11.3335740725489","11.8307203396454","8.59286077464029","",
"Cote d'Ivoire","CIV","Total debt service (% of exports of goods, services and primary income)","DT.TDS.DECT.EX.ZS","","","","","","","","","","","","","","","","9.4626890164906","11.2640732102037","10.9273005159039","15.3168722559379","20.1109525230302","38.6592082592517","52.5753595331448","54.1455783762475","49.9373474621862","37.5499797300389","34.8250457513465","35.4480006362557","38.4021319894533","32.3872219835605","33.2268253706489","35.4378972766329","37.8615385765701","32.0780882505304","33.2230357217075","35.1718468734809","23.1122129683289","26.525825207323","22.4704914586416","25.6678561724672","26.8200612173871","","","","","","3.52157317802513","2.83669585104366","4.3891947274374","8.96476373110329","8.98404199475531","5.85982232933711","5.26743616922703","5.41739649196887","7.95571105278947","7.1458635774276","6.35864533484013","12.9728634799211","17.0951138013737","12.3155204491884","21.1857500643047","17.9986903027955","10.3219763867472","12.9116655451909","20.0502096444777","24.7283736134001","",
"Cameroon","CMR","Total debt service (% of exports of goods, services and primary income)","DT.TDS.DECT.EX.ZS","","","","","","","","","","","","","","","","","","6.91436612444833","9.55953805088772","10.3552488224416","13.3339277900784","16.5895443998648","21.5089957736385","19.0424054121716","20.4104700574917","30.225621173233","26.1149240414778","30.7826006615631","29.1029226032182","17.2863327482109","20.5241414113468","17.643114383408","16.5118432448002","24.5658367001735","21.3004637234618","21.0065535902112","20.0849758907834","20.2705683454671","21.1530501025763","24.8026960756855","20.7309298628372","11.9267077713715","11.5080683034077","13.4592567046194","15.6190565746069","19.1246978737178","15.2403023943066","7.59409978212114","5.90080503018805","7.35924773979527","3.55976575797028","4.31805342666291","3.13519667462347","3.33088124965454","6.05474685897645","7.35707247061288","13.3924754687549","10.6764553693679","14.0645418720094","14.2418862218893","20.8588208934159","25.5585010943463","20.5830912121116","20.1497415591014","","",
"Congo, Dem. Rep.","COD","Total debt service (% of exports of goods, services and primary income)","DT.TDS.DECT.EX.ZS","","","","","","","","","","","","","","","","","","","","","","","","","","","","","","","","","","","","","","","","","","","","","","7.89864165850118","9.17974532057174","7.62714492027474","7.67451300707639","12.3743071469615","3.07919824449231","2.463755765996","2.51819411348617","2.88284852546008","2.81898866548479","3.25710608430542","3.59493327498272","2.95476624265172","2.01509020345538","2.27805735573549","1.93016671817991","1.42666404520974","3.09413337623899","1.6307320697536","1.32142230470742","",
"Congo, Rep.","COG","Total debt service (% of exports of goods, services and primary income)","DT.TDS.DECT.EX.ZS","","","","","","","","","","","","","","","","","","","5.37188764241174","13.3479779455193","10.5763387031797","20.5402946103528","19.985768842686","28.6660045818237","26.6467035144898","34.4037306756921","46.2358502948866","45.034354595506","46.0683298677323","27.9267706075822","34.5722515693917","26.2641798870703","14.7163179642422","13.3399049219424","54.1297962877752","13.4930164100417","20.7447965838634","7.68305567685197","3.06921333448808","1.53932234853478","1.70032091947445","4.24116994407761","1.20706187596832","2.28076000903813","5.81513115903492","2.25393815581457","1.38039401348964","1.8366571044073","2.00642002986927","2.78895897948139","1.33251348525807","1.13269574996997","1.65128347470546","4.55197787871072","5.09709028588407","8.09368231765128","7.82824894809077","","","6.37938937317886","13.6490649444663","6.37452308103295","13.6272413104511","13.2898755561662","13.5644191652699","",
"Colombia","COL","Total debt service (% of exports of goods, services and primary income)","DT.TDS.DECT.EX.ZS","","","","","","","","","","","28.4917648971088","27.8592738369422","27.4089102249404","23.0830133313403","22.0296775513082","15.1189200138196","13.6947574612536","11.3035155776614","12.1011284009442","14.8512402504236","16.5951915654518","22.8344768271211","30.4595096171731","39.547410828662","30.9148483502252","43.060907207539","34.0750926882371","40.0823735865699","47.5970962557078","51.7137633631226","43.1068068269444","39.8085939191183","41.3843176422655","35.4184059117378","49.1849052017204","33.7474413243206","39.1651319875062","30.0029458893106","31.6760492770549","44.6718937206518","30.5671351107104","39.7011235401811","45.7856013813912","52.973764787895","37.8899423046417","39.9821599853416","32.8174615485642","23.2505152423437","17.4023957518974","21.464774761802","20.0822519158373","15.1355500875558","21.0684942260461","13.9153892415626","21.6439488946711","27.5983642105443","33.1505406754278","40.907772512707","40.7847562687225","32.9649350870865","50.7683360157448","44.6185424127","33.8039730673688","36.7182409709799","42.9975933296769","",
"Comoros","COM","Total debt service (% of exports of goods, services and primary income)","DT.TDS.DECT.EX.ZS","","","","","","","","","","","","","","","","","","","","","2.8721437879636","4.34509094526453","3.75423117545642","6.44261946718508","26.0089322811629","10.6547009433367","7.58896284235649","5.85430527325105","2.57924419456688","3.83270008060582","2.90797353420068","15.6886631698652","11.0277646365878","3.88072814312992","6.61009032422018","1.95986644101205","","","","","","","","4.7549130073961","5.52366729300526","6.76889427698783","5.91102020596238","34.0339777715498","15.4594428577931","14.6104456844715","4.73668498079374","3.80520271470164","13.2292330686291","0.540012364021734","0.591865638475954","7.198585983012","5.50330298674021","2.94478722866575","4.78955193840012","6.05689709139567","13.9191208828341","2.54156016580105","2.72555793496297","11.5431570183404","17.3446983217314","",
"Cabo Verde","CPV","Total debt service (% of exports of goods, services and primary income)","DT.TDS.DECT.EX.ZS","","","","","","","","","","","","","","","","","","","","","","1.15617189282861","4.40199138801318","7.75342137222972","16.2354309875102","15.6549608316589","12.6165472007178","16.2245299995626","17.0315060619644","11.4585721185379","9.07829513504885","14.735690214335","18.8518714271633","12.3545161542453","14.3335648386789","11.1542515925645","7.68825813034988","10.5286504654772","17.0078440259561","16.2808758891248","11.0784796322344","8.17406197555756","11.8701753444953","7.2694235159975","7.92735140030131","9.57361109861946","6.42939295654848","4.97784351300448","4.25007120802018","5.62593375520214","5.44156360986304","4.74452231715688","6.5442067890223","5.76624149750659","5.6307820131634","7.49296058890059","6.67786077186291","6.90747891585965","6.84987228577439","6.75225538273916","14.1899320674715","12.2628095355235","11.965140367442","15.1657922859099","12.623937653653","",
"Costa Rica","CRI","Total debt service (% of exports of goods, services and primary income)","DT.TDS.DECT.EX.ZS","","","","","","","","","","","","","","","","","","","","","","","","","","","","","","","","","","","","","","","","","","","","","","","","","","","","","","","","","","","","","","","","","","",
"Caribbean small states","CSS","Total debt service (% of exports of goods, services and primary income)","DT.TDS.DECT.EX.ZS","","","","","","","","","","","","","","","","","","","","","","","","","","","","","","","","","","","","","","","","","","","","","","","","","","","","","","","","","","","","","","","","","","",
"Cuba","CUB","Total debt service (% of exports of goods, services and primary income)","DT.TDS.DECT.EX.ZS","","","","","","","","","","","","","","","","","","","","","","","","","","","","","","","","","","","","","","","","","","","","","","","","","","","","","","","","","","","","","","","","","","",
"Curacao","CUW","Total debt service (% of exports of goods, services and primary income)","DT.TDS.DECT.EX.ZS","","","","","","","","","","","","","","","","","","","","","","","","","","","","","","","","","","","","","","","","","","","","","","","","","","","","","","","","","","","","","","","","","","",
"Cayman Islands","CYM","Total debt service (% of exports of goods, services and primary income)","DT.TDS.DECT.EX.ZS","","","","","","","","","","","","","","","","","","","","","","","","","","","","","","","","","","","","","","","","","","","","","","","","","","","","","","","","","","","","","","","","","","",
"Cyprus","CYP","Total debt service (% of exports of goods, services and primary income)","DT.TDS.DECT.EX.ZS","","","","","","","","","","","","","","","","","","","","","","","","","","","","","","","","","","","","","","","","","","","","","","","","","","","","","","","","","","","","","","","","","","",
"Czechia","CZE","Total debt service (% of exports of goods, services and primary income)","DT.TDS.DECT.EX.ZS","","","","","","","","","","","","","","","","","","","","","","","","","","","","","","","","","","","","","","","","","","","","","","","","","","","","","","","","","","","","","","","","","","",
"Germany","DEU","Total debt service (% of exports of goods, services and primary income)","DT.TDS.DECT.EX.ZS","","","","","","","","","","","","","","","","","","","","","","","","","","","","","","","","","","","","","","","","","","","","","","","","","","","","","","","","","","","","","","","","","","",
"Djibouti","DJI","Total debt service (% of exports of goods, services and primary income)","DT.TDS.DECT.EX.ZS","","","","","","","","","","","","","","","","","","","","","","","","","","","","","","","","4.69049079753788","4.7101091154467","3.6162191632017","4.66656510460862","5.04864328597201","5.41984567860677","3.13166938782578","2.2028007878572","4.3584812192874","6.90657138988178","5.21129602467968","5.256922343184","5.66876470684781","6.93197943444323","5.56439488857335","7.67772943064475","8.93207849243059","8.26829597365263","7.7658882251218","7.87953647772039","8.68421948523508","8.37894445755218","1.27737966871977","1.06181589657575","1.24037633439777","2.1475631145837","1.7173350672911","1.58567108414747","1.52528322747519","1.88392135365331","1.17105098898137","1.3139889030219","1.63906330772357","2.52675252956975","",
"Dominica","DMA","Total debt service (% of exports of goods, services and primary income)","DT.TDS.DECT.EX.ZS","","","","","","","","","","","","","","","","","","","","","","2.49033729508197","2.80667003058104","5.63379208747514","10.9861187165775","11.2036865284974","8.48861957508625","11.8690290845638","8.56943019360649","9.53867582879763","6.63343101152978","6.4364680379257","6.05473687382161","7.50149953347154","7.54434988868942","6.34211128352619","5.63630633855113","7.83911329035655","6.98634497487437","6.89451079909149","6.7006068453681","11.2411153122769","7.9691810015431","8.68081697710129","9.41569517498378","9.79003004530426","9.78222966983823","10.3170311620333","9.43068299835304","10.4132531454727","6.87818875412358","7.15469106727551","9.60089349731838","9.59663494124529","7.87580977705144","12.0472718435126","11.5050998493163","14.9208593359592","22.6271743528782","16.7093939329021","26.4456209747372","19.800617255885","20.9960539600887","22.7548803482454","29.4152919032151","",
"Denmark","DNK","Total debt service (% of exports of goods, services and primary income)","DT.TDS.DECT.EX.ZS","","","","","","","","","","","","","","","","","","","","","","","","","","","","","","","","","","","","","","","","","","","","","","","","","","","","","","","","","","","","","","","","","","",
"Dominican Republic","DOM","Total debt service (% of exports of goods, services and primary income)","DT.TDS.DECT.EX.ZS","","","","","","","","","","","17.9346228239845","17.7723628728145","14.0884391662627","15.9963521494965","9.73503808487486","11.0679090327029","13.1960396905404","15.3866879723257","20.2185813854854","28.0458531710662","29.2121292437743","26.3041049658882","34.9613975833188","30.2521631696965","19.6815095390432","22.9718682311812","26.6115350488827","19.8605457997333","18.0700837256748","15.91006542507","12.4548389363921","14.0478963481123","18.0346861532201","6.83607694828617","9.57221722640308","10.8032865886262","10.9017507038881","9.6848910430602","7.73539869077685","7.20992928318749","8.53430944610175","10.8039798075934","11.4487958927188","13.2218079029247","10.9758151257372","9.13945209303603","15.1800204412873","15.1327598710491","15.0713870670601","16.6538393000533","11.1610779149617","10.7627966545772","16.4735544471245","17.3282431904288","18.4215063028066","29.8630953551523","18.6013519565159","15.5802494483517","14.2572261129118","17.4118159016959","40.4184587108251","16.7198383304297","14.1863444213681","18.9312993617655","22.0407214085418","",
"Algeria","DZA","Total debt service (% of exports of goods, services and primary income)","DT.TDS.DECT.EX.ZS","","","","","","","","","","","","","","","","","","18.3633014716586","25.0933432652638","30.2025033717251","28.165556126255","28.6412742390921","31.7664236664541","34.708296715346","37.7082093432443","36.3646424571712","58.8018067456872","56.2222167237686","80.2594886467088","69.1028127472727","65.0793528638687","71.690795370422","","","","","","","","","","","","","","11.9100885597204","22.4791577286037","2.03850775815387","1.43761591228201","1.99652005542726","1.03761416768697","0.790385842536368","1.08156709978146","0.744237142683795","0.448059126334839","1.72343736396926","1.01404269029051","0.599991543214634","0.476882884742504","0.491760656376484","0.679786418584712","0.451864627527454","0.426551111107604","0.756757789102277","0.797700031642401","",
"East Asia & Pacific (excluding high income)","EAP","Total debt service (% of exports of goods, services and primary income)","DT.TDS.DECT.EX.ZS","","","","","","","","","","","","","","","","","","","","","","","17.5240965234194","18.4380525457828","17.854445043426","20.3666960494661","22.5698483157111","20.5843156866435","20.2503066062598","19.9707211637161","18.8969761525786","17.7007719000955","16.8054203271275","17.4384714103407","14.74312911085","14.193297455102","14.4506637068616","15.8256793461275","16.6339905101771","20.1333044926963","15.7866841718041","17.1759549641745","17.0362378635033","11.8896530109751","7.69924394534366","6.78365513936817","5.98833290525976","4.97152982433904","4.02621371854891","4.89467896553814","4.62507243739177","4.2953608320974","4.55122275255049","4.57143561394858","5.39861337619962","7.00205602387329","8.51074701586677","8.75598292480242","9.1951004703521","11.1194558069248","10.2979570019476","9.39279348994466","11.5474850118249","12.1439749939032","9.48894958129273","",
"Early-demographic dividend","EAR","Total debt service (% of exports of goods, services and primary income)","DT.TDS.DECT.EX.ZS","","","","","","","","","","","","","","","","","","","","","","","","","","","","","","","","","","","","","","","","","","","","","","","","","","","","","","","","","","","","","","","","","","",
"East Asia & Pacific","EAS","Total debt service (% of exports of goods, services and primary income)","DT.TDS.DECT.EX.ZS","","","","","","","","","","","","","","","","","","","","","","","","","","","","","","","","","","","","","","","","","","","","","","","","","","","","","","","","","","","","","","","","","","",
"Europe & Central Asia (excluding high income)","ECA","Total debt service (% of exports of goods, services and primary income)","DT.TDS.DECT.EX.ZS","","","","","","","","","","","","","","","","","","","","","","","","","","","","","","","","","","","16.9311931131273","16.95344829059","14.0981858336206","14.2132022549335","18.848801529535","26.6366222501954","28.3329068993607","27.9914136632855","31.7155607721443","26.5654409903497","23.9280868508216","25.8999597844704","23.7682449276089","25.0898745014328","24.1464103330224","33.0592746063013","32.2813215393856","24.8924906552564","22.4376499224085","26.3504340621297","24.1617907524873","31.2964967814627","30.6601327851643","29.8295311976427","27.9381797838708","27.3098382100597","33.2185443142017","22.5886613173161","20.6534954763488","21.6052105022276","23.026370343967","",
"Europe & Central Asia","ECS","Total debt service (% of exports of goods, services and primary income)","DT.TDS.DECT.EX.ZS","","","","","","","","","","","","","","","","","","","","","","","","","","","","","","","","","","","","","","","","","","","","","","","","","","","","","","","","","","","","","","","","","","",
"Ecuador","ECU","Total debt service (% of exports of goods, services and primary income)","DT.TDS.DECT.EX.ZS","","","","","","","","","","","","","","","","","11.0937098058388","12.5466647214365","19.8056882017948","45.6121103724372","34.1620093075317","46.9069288580968","78.7219145647403","29.8859988309754","37.9723329619657","33.2199184569198","43.4114722933034","34.2159666761134","40.0719071600301","35.8599577820069","33.2105678886523","32.366265017452","26.2120768798295","24.1587826226422","21.3468767178399","30.776346560142","26.5431371799871","35.6558308164194","38.5141880464652","43.6579175656204","50.9622733288772","38.2704359107775","42.543381282345","33.8914902574685","43.9935585182862","37.1036699044119","30.7283494835413","23.9110639310326","11.8820542515181","49.5212685332123","8.87019534300809","9.71447853723941","9.97143640037966","11.3348973198283","13.8374520309622","23.6277528717822","26.5362577659863","29.1894223566202","35.6012737962238","35.8124309279228","41.0601621316488","22.4296062788268","14.4394750410807","22.8878197894388","21.8576635137655","",
"Egypt, Arab Rep.","EGY","Total debt service (% of exports of goods, services and primary income)","DT.TDS.DECT.EX.ZS","","","","","","","","","","","","","","","","","","13.7882505155077","15.9369350831034","11.8271343898948","18.9562091564679","22.3659349953373","23.7410872345486","28.6266657721297","32.827498424702","38.6786576339759","42.2635715724943","22.9304606846236","32.0980248371879","36.4846364052754","28.5870253852951","22.124613252308","21.7863950191041","17.5518608366534","16.5558896013091","16.0456263384553","14.596747392013","12.4074564014166","13.0139508165226","12.9031571745974","9.82950725273552","11.3432564081069","12.1375050484066","13.0087888641242","8.02571278886904","7.11487779392182","6.3385277679948","6.06505271951705","5.69409361051978","6.51035028244995","6.20858249606502","7.90655385279539","6.64052009640903","7.63717373471107","12.6738497850725","9.98733957183104","19.5115368004423","15.3775515850977","16.3223660797798","16.58038796421","30.61957277854","31.0941269796866","23.1349293420531","30.3910889570483","49.2291017973666","",
"Euro area","EMU","Total debt service (% of exports of goods, services and primary income)","DT.TDS.DECT.EX.ZS","","","","","","","","","","","","","","","","","","","","","","","","","","","","","","","","","","","","","","","","","","","","","","","","","","","","","","","","","","","","","","","","","","",
"Eritrea","ERI","Total debt service (% of exports of goods, services and primary income)","DT.TDS.DECT.EX.ZS","","","","","","","","","","","","","","","","","","","","","","","","","","","","","","","","","","","","0.105442803141601","","0.226757893765627","2.92491409478567","5.299090060889","4.28643361718748","","","","","","","","","","","","","","","","","","","","","","","","","",
"Spain","ESP","Total debt service (% of exports of goods, services and primary income)","DT.TDS.DECT.EX.ZS","","","","","","","","","","","","","","","","","","","","","","","","","","","","","","","","","","","","","","","","","","","","","","","","","","","","","","","","","","","","","","","","","","",
"Estonia","EST","Total debt service (% of exports of goods, services and primary income)","DT.TDS.DECT.EX.ZS","","","","","","","","","","","","","","","","","","","","","","","","","","","","","","","","","","","","","","","","","","","","","","","","","","","","","","","","","","","","","","","","","","",
"Ethiopia","ETH","Total debt service (% of exports of goods, services and primary income)","DT.TDS.DECT.EX.ZS","","","","","","","","","","","","","","","","","","5.76214801680683","6.72808703755383","5.3335087161931","7.82040153417109","10.8955562970007","13.0819121144274","18.7830541132562","20.7370435229944","24.5645525517525","29.7484345514395","36.9371429709698","44.9116934516129","40.781942471137","38.983055504067","30.6259043644068","23.8256237972174","18.9235535835226","15.8221348695693","18.4969453405063","41.6385700778356","9.96534250663551","12.2321447673194","16.3332506239643","13.7393880021894","18.4504182986841","7.95562316185366","7.26231196064674","5.62657585794404","4.4763824045079","5.92848200535041","4.61084075966232","2.92892372797499","2.78794102875786","3.85484030213973","5.88919875915745","7.1428932989006","10.679035983358","11.870058525757","18.2926128660911","20.9349904391639","22.2353979988408","21.4915673746629","28.9364069267454","26.1117055633717","21.2158220927836","18.3033612266851","14.3397323570812","11.538041500051","",
"European Union","EUU","Total debt service (% of exports of goods, services and primary income)","DT.TDS.DECT.EX.ZS","","","","","","","","","","","","","","","","","","","","","","","","","","","","","","","","","","","","","","","","","","","","","","","","","","","","","","","","","","","","","","","","","","",
"Finland","FIN","Total debt service (% of exports of goods, services and primary income)","DT.TDS.DECT.EX.ZS","","","","","","","","","","","","","","","","","","","","","","","","","","","","","","","","","","","","","","","","","","","","","","","","","","","","","","","","","","","","","","","","","","",
"Fiji","FJI","Total debt service (% of exports of goods, services and primary income)","DT.TDS.DECT.EX.ZS","","","","","","","","","","","","","","","","","","","","3.90441691517995","6.00282225072777","5.41970597771455","6.81128795533506","7.97722460518684","10.1969213709293","11.7153962764273","11.4817738277574","11.809695434277","10.1411686764966","8.50141562877049","9.18073811951765","9.47288691781285","7.10279454992934","6.06322877909081","6.34581212059458","3.8127893689409","2.20108787889493","1.69414263867918","2.20785266600346","2.62160987114282","2.59291329836389","1.8711312043711","1.7979650131254","1.29941105909247","0.830938467886545","0.892685561805928","0.906611351670323","1.69016096698796","2.85661259751579","5.30904807170842","3.14854145838321","10.885868293708","4.49713862160666","4.77798031163791","5.86830107916044","14.6765072192574","5.57918204712897","7.02106912110908","4.37762977430293","8.27152173474861","21.6681950044662","10.8884002800221","7.91562850449653","9.10276378965776","9.53539168749024","",
"France","FRA","Total debt service (% of exports of goods, services and primary income)","DT.TDS.DECT.EX.ZS","","","","","","","","","","","","","","","","","","","","","","","","","","","","","","","","","","","","","","","","","","","","","","","","","","","","","","","","","","","","","","","","","","",
"Faroe Islands","FRO","Total debt service (% of exports of goods, services and primary income)","DT.TDS.DECT.EX.ZS","","","","","","","","","","","","","","","","","","","","","","","","","","","","","","","","","","","","","","","","","","","","","","","","","","","","","","","","","","","","","","","","","","",
"Micronesia, Fed. Sts.","FSM","Total debt service (% of exports of goods, services and primary income)","DT.TDS.DECT.EX.ZS","","","","","","","","","","","","","","","","","","","","","","","","","","","","","","","","","","","","","","","","","","","","","","","","","","","","","","","","","","","","","","","","","","",
"Gabon","GAB","Total debt service (% of exports of goods, services and primary income)","DT.TDS.DECT.EX.ZS","","","","","","","","","","","","","","","","","","","18.4459553112356","16.0742246051327","17.7493489390858","13.4999262473467","13.0267913803649","10.8180913520675","12.7734374480557","11.6189193468876","16.6485236420164","6.85992551986905","9.37246406160955","7.54326482051054","6.39435821411643","11.9835661789969","16.3101986768366","5.87468129261985","10.2950509014482","15.3158947101154","10.6290956069552","13.0987816586289","14.0576046930834","18.8154431251699","9.9514274116657","16.2376137643457","15.3390819815112","11.0500688237507","5.63093443690686","3.5085128623122","","12.2520049381319","28.5624262688925","6.17497488510282","4.79665515523553","3.93106492751692","4.18057486814776","11.9999974627866","6.09836934281393","8.57679637533372","14.1832585059486","10.2889319500461","10.4866597793634","9.89875377057254","29.0217555901934","15.3998456693795","","","","",
"United Kingdom","GBR","Total debt service (% of exports of goods, services and primary income)","DT.TDS.DECT.EX.ZS","","","","","","","","","","","","","","","","","","","","","","","","","","","","","","","","","","","","","","","","","","","","","","","","","","","","","","","","","","","","","","","","","","",
"Georgia","GEO","Total debt service (% of exports of goods, services and primary income)","DT.TDS.DECT.EX.ZS","","","","","","","","","","","","","","","","","","","","","","","","","","","","","","","","","","","","","","6.09789555905926","23.3927567686551","15.3221369622592","12.6745521958967","8.02612746902052","11.4861698091007","12.8466298321359","12.701221163398","8.06368175878424","10.6788252253348","5.96221683335159","16.7263380770799","20.9589448759368","17.5017861371525","24.7935381133863","21.6853542313764","20.8725675558624","23.9537218182766","31.041111011818","36.7531321691726","29.7159343142183","23.9219838838232","22.5470245966801","35.5591593105789","29.4581002701735","20.9944400859231","20.8483412746667","26.5628823310302","",
"Ghana","GHA","Total debt service (% of exports of goods, services and primary income)","DT.TDS.DECT.EX.ZS","","","","","","","","","","","","","","","","6.485420512163","5.80880204494967","3.71584761155977","7.41414870041112","8.89483958882979","13.111109216058","14.2513668575724","15.5556318580393","30.4091628978224","21.7214406898807","23.579266183432","28.3245142594411","45.8022704999448","56.9166277041827","50.7696377628635","38.7900767390388","28.1344612469666","28.3521846529814","25.6380408535064","26.6897390464477","25.438117204638","27.5692660801006","33.2470758507488","22.7607798311445","21.14536173291","19.0379689800063","12.9307631087843","8.59248021479088","15.6253558523097","8.03337570178493","8.90912509344684","6.27563624136757","4.86835377498653","4.374048148813","4.60121789606095","4.92890795970623","3.54477536058183","5.6836727482065","5.23002563038489","16.724395649565","7.38187818975689","26.0423836386085","30.6452087621077","19.0937763222227","35.9953158026916","12.7346959387465","13.3672293231482","22.1220826133066","15.2849984123129","9.43593175956357","",
"Gibraltar","GIB","Total debt service (% of exports of goods, services and primary income)","DT.TDS.DECT.EX.ZS","","","","","","","","","","","","","","","","","","","","","","","","","","","","","","","","","","","","","","","","","","","","","","","","","","","","","","","","","","","","","","","","","","",
"Guinea","GIN","Total debt service (% of exports of goods, services and primary income)","DT.TDS.DECT.EX.ZS","","","","","","","","","","","","","","","","","","","","","","","","","","","12.6495137551582","27.2433713361533","22.1406378259133","16.7789869460181","20.154408406338","15.9173928950785","12.6317685713868","11.3613568343613","15.2003537071328","24.7927020856793","15.0596274351111","21.2158930558729","19.9687608706351","17.8007850835902","22.7025136514848","14.2018582711517","13.3635974934929","14.7453038571041","21.2549490063239","18.0596582732264","15.2164799227342","12.3338027466334","8.8545938230361","10.4462853784098","5.18023297923864","11.6514153642766","6.00244947337113","1.96670740594099","2.41747708892485","4.07568417953066","2.31198785466247","1.73526446261627","2.74660988911633","2.68121315999234","1.54734381302908","1.51473618050838","2.35056941377385","2.57789204022128","3.729306337627","",
"Gambia, The","GMB","Total debt service (% of exports of goods, services and primary income)","DT.TDS.DECT.EX.ZS","","","","","","","","","","","","","","","","","","","4.73629115489099","6.46269007764112","6.23821042520333","10.4831079167895","20.1630868439947","16.9927120730847","10.85892015961","10.2763181061359","33.24640448322","20.4375131782074","15.6311149786131","14.158644773846","22.2342290205346","13.5958955593455","12.7464495869378","11.5407560157273","14.1241149239879","15.6026183810915","12.5433977423277","11.7582138014978","","","","","","14.792599958862","20.9349025219305","15.0757410900502","14.7026101563349","13.3940650650127","5.38489644426507","6.85308426393613","8.96988705541129","10.6688974492978","9.66894896356138","11.5628598256885","17.919558577175","18.6134777072778","23.0421975657107","15.391137423612","13.1745279278738","12.7110471886318","22.1817087755883","28.9999289602473","14.7499041432609","7.49078149803273","8.14420595794985","",
"Guinea-Bissau","GNB","Total debt service (% of exports of goods, services and primary income)","DT.TDS.DECT.EX.ZS","","","","","","","","","","","","","","","","","","","","","","","32.604966091954","33.284039869281","28.3753062992126","51.9665093922652","84.6011484536083","69.7954805194805","61.0461371069182","54.2277141472868","32.2824509578544","68.6361104477612","36.8634564614531","14.7430287713841","19.7885010303967","52.4027566745522","40.6500721036052","15.3340135420331","","","","7.09984721357484","5.93725969467196","10.777209351584","11.6438673945148","6.62620508049592","12.5380748727083","7.44009469328537","8.71832937497579","12.9226336749489","11.2516040268045","2.33514165128539","3.62520498687332","1.23822587343527","2.14678889544542","2.04267982052148","2.73836147255672","3.93691886173502","4.58652918971075","7.65530916006196","22.7151956025869","14.4345751975594","18.1041801987259","15.0778864600398","13.2574468326414","",
"Equatorial Guinea","GNQ","Total debt service (% of exports of goods, services and primary income)","DT.TDS.DECT.EX.ZS","","","","","","","","","","","","","","","","","","","","","","","","","","","","","","","","","","","","","","","","","","","","","","","","","","","","","","","","","","","","","","","","","","",
"Greece","GRC","Total debt service (% of exports of goods, services and primary income)","DT.TDS.DECT.EX.ZS","","","","","","","","","","","","","","","","","","","","","","","","","","","","","","","","","","","","","","","","","","","","","","","","","","","","","","","","","","","","","","","","","","",
"Grenada","GRD","Total debt service (% of exports of goods, services and primary income)","DT.TDS.DECT.EX.ZS","","","","","","","","","","","","","","","","","","2.13440092721961","3.32935505952381","4.80375922973579","6.03900690537084","3.85855230769231","7.35908355091384","11.7994782828283","12.4254718446602","11.465605540015","8.3193749675184","7.23709241604944","8.09005141214696","5.18164718517894","4.32573253138075","3.96665863264253","6.29107574722153","7.9127188087364","7.29719381302727","6.20241119937828","6.14943180978262","5.14690082766087","6.73562488443087","5.35151383049603","6.0632672025479","8.04317514504326","14.3117881563039","14.1954860045939","14.0580108912317","5.11024896252255","6.61399356562561","5.91944906415257","6.07151446920396","6.55346530738309","7.36686612908479","6.58165265207337","3.55256807442409","5.08793695760056","4.26352287281634","5.13943442897413","9.69252526597124","10.034859293677","8.84415282307033","8.01849283575293","11.135350463122","10.3290594702173","7.33217482960224","6.59015163296962","4.85035125902098","",
"Greenland","GRL","Total debt service (% of exports of goods, services and primary income)","DT.TDS.DECT.EX.ZS","","","","","","","","","","","","","","","","","","","","","","","","","","","","","","","","","","","","","","","","","","","","","","","","","","","","","","","","","","","","","","","","","","",
"Guatemala","GTM","Total debt service (% of exports of goods, services and primary income)","DT.TDS.DECT.EX.ZS","","","","","","","","","","","","","","","","","","4.39945969626168","6.51671484693499","7.74317010309278","8.3284078516903","9.36122943836424","11.900548696845","16.3551330456432","22.531637400888","29.0315518593134","33.3704646525931","31.5460509380622","29.2217072268778","21.4325415521034","15.4253784688995","18.5575580076453","27.269793446207","16.0125133832206","14.1578805988231","12.7667449790941","13.6775199245602","11.35503118777","10.2338694790677","10.8428045440486","9.7217298574478","10.0645067990466","10.2839091333308","10.7460288630619","14.4644432891338","14.7713618053984","15.8387148551446","16.3648338917415","16.8559685562934","19.9841881771358","16.0869959794833","17.2199255621163","13.4536025157331","23.7394399441114","15.1049325180282","16.405417620638","23.5128173587407","29.747210171787","8.24906554603006","13.9678070002385","25.3765771807585","10.388444293829","21.1570539081277","13.3018779536091","9.56215520029921","",
"Guam","GUM","Total debt service (% of exports of goods, services and primary income)","DT.TDS.DECT.EX.ZS","","","","","","","","","","","","","","","","","","","","","","","","","","","","","","","","","","","","","","","","","","","","","","","","","","","","","","","","","","","","","","","","","","",
"Guyana","GUY","Total debt service (% of exports of goods, services and primary income)","DT.TDS.DECT.EX.ZS","","","","","","","","","","","","","","","","","","13.0286685685562","16.9901582554294","31.8713577835417","23.165846528936","26.2901798713206","21.1782665671431","24.5263518124284","24.724624847307","27.969479247343","","","","","","","18.6869290059534","17.243720419874","16.4145889060378","17.0238993381201","14.4022792265193","17.3189452609159","19.2357245563824","12.4645397795738","10.2332826582834","6.85310109363296","9.64872697702178","8.67031940253921","6.43909505706468","5.00855217816254","4.41027757345135","3.30931374750338","2.54570073488367","2.07340567507854","2.67170904060603","3.45398741414559","8.55629248536869","3.65199354916246","4.33446048864487","5.30286081193506","4.73915494389378","5.70779508464327","8.65107742591192","7.44058563660089","4.66764849409373","2.36323076304923","1.22277581594715","2.6493783127604","2.88572767868533","",
"High income","HIC","Total debt service (% of exports of goods, services and primary income)","DT.TDS.DECT.EX.ZS","","","","","","","","","","","","","","","","","","","","","","","","","","","","","","","","","","","","","","","","","","","","","","","","","","","","","","","","","","","","","","","","","","",
"Hong Kong SAR, China","HKG","Total debt service (% of exports of goods, services and primary income)","DT.TDS.DECT.EX.ZS","","","","","","","","","","","","","","","","","","","","","","","","","","","","","","","","","","","","","","","","","","","","","","","","","","","","","","","","","","","","","","","","","","",
"Honduras","HND","Total debt service (% of exports of goods, services and primary income)","DT.TDS.DECT.EX.ZS","","","","","","","","","","","","","","","11.8952232803749","14.6076429813311","29.6895109528434","19.0421952513261","19.6262390658174","21.7192709497207","22.1534364153186","26.9526249889283","32.283322693044","26.2044010552795","24.2951636216185","26.2046257506086","30.6627349043716","36.9263341241065","37.0789529776675","15.6785640895687","38.3240069122674","30.762390704946","35.5855439013331","31.1017862269172","35.2838146940566","35.2168366684662","31.4297178223814","25.1700390642964","22.4595573475548","21.2646131680298","14.7522319107534","13.1464391155156","14.6545836248413","15.0039408354921","9.9532439271038","10.0671540188612","7.87482373070566","7.19917132558629","7.38566099586613","9.97345563303447","10.3200307842867","16.0351040649082","13.7698686293671","14.6518621594992","10.3234244191906","18.3701461714923","13.6253370917885","12.7936528436106","13.910060382312","11.9956214727383","23.8269121942208","14.6678670474438","17.1083823924655","17.1047591935644","18.1160284769388","",
"Heavily indebted poor countries (HIPC)","HPC","Total debt service (% of exports of goods, services and primary income)","DT.TDS.DECT.EX.ZS","","","","","","","","","","","","","","","","","","","","","","","","","","","","","","","","","","","","","","","","","","","","","","","","","","","","","","","","","","","","","","","","","","",
"Croatia","HRV","Total debt service (% of exports of goods, services and primary income)","DT.TDS.DECT.EX.ZS","","","","","","","","","","","","","","","","","","","","","","","","","","","","","","","","","","","","","","","","","","","","","","","","","","","","","","","","","","","","","","","","","","",
"Haiti","HTI","Total debt service (% of exports of goods, services and primary income)","DT.TDS.DECT.EX.ZS","","","","","","","","","","","","13.254290168956","9.98562991077135","10.0169059862657","8.50966673449658","9.00088024674059","12.1960781909271","18.2308838618042","12.897066442136","10.7366808923502","9.94850103434685","14.535427213571","10.6330533948857","9.07494829043734","11.0895054388978","14.2881443554984","17.2777904726586","20.229027027027","22.7237699039488","23.8787653492419","11.8816608802709","13.9216981607569","7.19648556244464","6.50902379944101","5.81982086878639","54.6821929195259","16.1934215031315","10.2483393563704","8.9761414610465","9.88381941045816","9.63095767321819","7.71890718562874","7.2743933982427","11.6493092329304","19.2834874561061","9.42909349176968","8.96707216172475","10.8868737530993","6.76606911062313","4.46471177553132","12.621804622978","0.459438450173307","0.487264708518047","0.902666838790567","1.62119854798764","2.05565904932038","5.38376225126042","1.2679500020305","1.29685334539469","1.52205761398033","2.69587511114118","1.84730525646053","2.52025258364718","6.36225649201603","63.162658981726","",
"Hungary","HUN","Total debt service (% of exports of goods, services and primary income)","DT.TDS.DECT.EX.ZS","","","","","","","","","","","","","","","","","","","","","","","","","","","","","","","","","","","","","","","","","","","","","","","","","","","","","","","","","","","","","","","","","","",
"IBRD only","IBD","Total debt service (% of exports of goods, services and primary income)","DT.TDS.DECT.EX.ZS","","","","","","","","","","","","","","","","","","","","","","","","","","","","","","","","","","","","","","","","","","","","","","","","","","","","","","","","","","","","","","","","","","",
"IDA & IBRD total","IBT","Total debt service (% of exports of goods, services and primary income)","DT.TDS.DECT.EX.ZS","","","","","","","","","","","","","","","","","","","","","","","","","","","","","","","","","","","","","","","","","","","","","","","","","","","","","","","","","","","","","","","","","","",
"IDA total","IDA","Total debt service (% of exports of goods, services and primary income)","DT.TDS.DECT.EX.ZS","","","","","","","","","","","","","","","","","","","","","","","","","","","","","","","","","","","","","","","","","","","","","","","","","","","","","","","","","","","","","","","","","","",
"IDA blend","IDB","Total debt service (% of exports of goods, services and primary income)","DT.TDS.DECT.EX.ZS","","","","","","","","","","","","","","","","","","","","","","","","","","","","","","","","","","","","","","","","","","","","","","","","","","","","","","","","","","","","","","","","","","",
"Indonesia","IDN","Total debt service (% of exports of goods, services and primary income)","DT.TDS.DECT.EX.ZS","","","","","","","","","","","","","","","","","","","","","","14.0369876931425","18.126134991539","18.8324675732407","21.8764801620621","28.9125898694076","37.4638759842224","37.1778607120858","40.4395147735143","38.6939788532525","33.4827867660921","34.3825774830707","32.7716289040916","33.8673571774775","30.9650365553095","30.2762909116893","37.1487447452455","30.3244633652871","32.2629670753891","30.6244871891069","22.8476631214946","23.958042591644","25.2253301319902","26.3237468339438","25.4674040097477","20.9062174090396","25.7491901355248","19.0571191134951","14.4835917292557","19.5668761715308","18.7275439567904","14.4139991400971","17.4300331593941","19.9652408135031","29.917390542463","34.6071560879119","37.4796669814765","29.4361720648722","25.1358200297316","39.4859892619538","36.8192289177179","26.2187506302203","23.3261822398195","20.2824087016026","24.6905963826299","",
"IDA only","IDX","Total debt service (% of exports of goods, services and primary income)","DT.TDS.DECT.EX.ZS","","","","","","","","","","","","","","","","","","12.3817444387571","14.5798526628476","15.590401661647","21.935418941379","24.9477098244346","26.4470197092887","24.6495885360613","28.0583611181653","25.9097925348718","30.4057867835321","30.0243288464703","28.9952111966659","28.8014822686283","27.6119869887264","25.3958188230492","19.0122683061982","17.6858285998793","17.6968360212476","21.589557428224","15.6793971714428","14.8624249551992","14.9032364589686","14.5474931187936","12.1691890419894","10.5796074386217","11.1148662267476","9.94559706502437","8.31606521824119","6.94036427282419","6.46339774249293","6.8993520553953","6.56528690629603","7.54035539791669","6.09761881099229","6.06971587240169","7.27000919209226","8.05643114400679","10.2149810297048","9.35758530413653","11.4855606127829","12.3440431272823","12.9350299915512","16.1615151228106","13.6294399572727","15.3563741632339","12.3663162209417","11.9038251296824","","",
"Isle of Man","IMN","Total debt service (% of exports of goods, services and primary income)","DT.TDS.DECT.EX.ZS","","","","","","","","","","","","","","","","","","","","","","","","","","","","","","","","","","","","","","","","","","","","","","","","","","","","","","","","","","","","","","","","","","",
"India","IND","Total debt service (% of exports of goods, services and primary income)","DT.TDS.DECT.EX.ZS","","","","","","","","","","","","","","","","15.2717461739867","18.1022335305653","15.6147263717526","15.3319644912079","12.2877956569457","11.3387105698748","12.709720341225","15.4660806571717","18.3192686626908","20.6447470238425","25.4488699714259","35.5860223675205","33.3612208889683","31.4538639024471","31.5000418110789","32.9559412252542","32.02937158448","28.7074007344373","28.8378744758912","32.2737817581946","33.2599833686784","27.6157662410767","26.3011796853357","24.7734738173638","18.6266943306296","17.081068777064","17.9276097726641","20.9247343304358","29.1805226437216","14.504454851842","14.9302344477445","8.63523314642692","15.5909922080123","9.65799265540479","6.0184103184778","6.81923327447653","6.4138689129389","6.71426990966754","8.08000121217609","18.6296205367074","11.2063688175425","17.2634154874596","10.0846800379296","11.3976479343618","9.0023457004643","15.0538331069002","7.81076067172717","8.26658065989597","10.1619274745821","10.493447761841","",
"Not classified","INX","Total debt service (% of exports of goods, services and primary income)","DT.TDS.DECT.EX.ZS","","","","","","","","","","","","","","","","","","","","","","","","","","","","","","","","","","","","","","","","","","","","","","","","","","","","","","","","","","","","","","","","","","",
"Ireland","IRL","Total debt service (% of exports of goods, services and primary income)","DT.TDS.DECT.EX.ZS","","","","","","","","","","","","","","","","","","","","","","","","","","","","","","","","","","","","","","","","","","","","","","","","","","","","","","","","","","","","","","","","","","",
"Iran, Islamic Rep.","IRN","Total debt service (% of exports of goods, services and primary income)","DT.TDS.DECT.EX.ZS","","","","","","","","","","","","","","","","","","","","","6.90378675477865","5.68523705767204","5.45966383581328","4.63672318842483","4.16391855529852","3.98627854465122","7.12731271020828","3.54765275803449","5.60224265300644","3.3107604265437","3.23576746100906","4.10885716303347","5.16984129043159","9.34778140357235","16.3221066803238","29.6987824282526","27.2480588963309","31.1542599850292","18.0661257585364","17.4420690217149","9.89091375825562","4.02237704492502","5.05817526869159","4.75746075702002","5.25412526590457","5.55371193707272","4.01407964435412","3.43844729337367","2.65369345916852","2.13943974620329","1.65816700398136","1.04203676500054","0.505689329536826","0.444173683773493","0.487614453122765","0.912017039120813","2.40297736270952","0.465745117802912","0.166737548283308","0.422613619880303","0.620288000844809","0.437279150549298","0.16238790229739","0.330603345807062","0.284993582584259","",
"Iraq","IRQ","Total debt service (% of exports of goods, services and primary income)","DT.TDS.DECT.EX.ZS","","","","","","","","","","","","","","","","","","","","","","","","","","","","","","","","","","","","","","","","","","","","","","","","","","","","","","","","3.33581373594627","2.87715256580691","2.28590905651489","2.1555189552832","2.99500628539015","7.80172338370913","5.233179700008","3.61085455056792","3.99250437979392","2.95676245098624","",
"Iceland","ISL","Total debt service (% of exports of goods, services and primary income)","DT.TDS.DECT.EX.ZS","","","","","","","","","","","","","","","","","","","","","","","","","","","","","","","","","","","","","","","","","","","","","","","","","","","","","","","","","","","","","","","","","","",
"Israel","ISR","Total debt service (% of exports of goods, services and primary income)","DT.TDS.DECT.EX.ZS","","","","","","","","","","","","","","","","","","","","","","","","","","","","","","","","","","","","","","","","","","","","","","","","","","","","","","","","","","","","","","","","","","",
"Italy","ITA","Total debt service (% of exports of goods, services and primary income)","DT.TDS.DECT.EX.ZS","","","","","","","","","","","","","","","","","","","","","","","","","","","","","","","","","","","","","","","","","","","","","","","","","","","","","","","","","","","","","","","","","","",
"Jamaica","JAM","Total debt service (% of exports of goods, services and primary income)","DT.TDS.DECT.EX.ZS","","","","","","","","","","","","","","","","","70.3411600487857","28.4146152135055","59.2647041203625","24.862607551806","19.8249853897017","25.6016835644753","26.494635125082","29.9489447830656","33.2079307744158","40.5353394961301","47.9922248263643","46.0174685411822","41.6473874301518","32.0300862568442","28.5741237536026","30.8986984122749","29.8366680200392","21.7273846497711","18.7221634480337","18.9242308939415","19.0314276416429","17.7915151304103","13.90846396147","16.6479507808855","18.7676344721811","20.9075260813537","24.8097934905123","22.5131366745702","20.5727633700838","22.4693194390191","16.1311732172004","23.2924404795479","19.5421691945695","34.9515390374395","28.0476702965134","36.6237590389011","37.3827057135913","26.2722239661122","33.5674248831275","87.9215554041542","40.2565904402687","26.9821050334677","23.8314773245161","86.0414292320372","51.1467226717151","29.0908156793118","22.6105240997185","38.0423395484765","31.8505046193829","",
"Jordan","JOR","Total debt service (% of exports of goods, services and primary income)","DT.TDS.DECT.EX.ZS","","","","","","","","","","","","","7.92429085614035","9.78164907739827","5.94425381081603","5.12037010826569","4.87802207707939","8.47041931884903","9.83627344359409","12.0581149145017","12.2806174932849","14.488574385043","14.065034682757","19.3876511263988","20.6096468547627","25.0913488938187","31.3945618535733","33.3507213343511","41.6003202724068","24.8503638760265","24.3705471502951","28.7906684502168","25.8666865013639","20.9172852327868","18.6899556619556","16.6891228545552","25.8975831731579","22.6025113120681","22.1612057358953","13.7356814066977","20.064936780214","19.5152122463396","14.1447649486326","23.5175084811109","14.3758122615348","11.8473288174263","11.2744465365603","10.519468454754","20.8590507948045","5.94222718764496","5.78863929536448","6.4642364896789","6.29930345834037","6.17182141088357","8.10709321682764","14.1388961326861","17.1503390780725","12.3017188255286","13.9594674109825","19.2145322382441","27.3626006953401","21.3934366564588","23.1153007808048","16.2393218106271","18.1501287979427","",
"Japan","JPN","Total debt service (% of exports of goods, services and primary income)","DT.TDS.DECT.EX.ZS","","","","","","","","","","","","","","","","","","","","","","","","","","","","","","","","","","","","","","","","","","","","","","","","","","","","","","","","","","","","","","","","","","",
"Kazakhstan","KAZ","Total debt service (% of exports of goods, services and primary income)","DT.TDS.DECT.EX.ZS","","","","","","","","","","","","","","","","","","","","","","","","","","","","","","","","","","","","3.89776166420253","4.58952730146525","6.18087914011516","14.4312046257078","19.6441675097442","32.3698117994259","32.3381870625935","34.886813537048","34.7803349003359","37.9839831173846","40.1484984903081","32.5709510723932","45.8795647346193","44.5081391542222","46.5715160574077","56.7946106717344","33.9311845536376","24.5837959573588","32.2228277367805","39.4342474266966","70.3930594217248","45.6795104482137","48.7861705508129","49.7842789313445","48.8739232570914","64.0774877263295","44.249543629459","51.1629261851802","50.2633943567233","48.4343756201676","",
"Kenya","KEN","Total debt service (% of exports of goods, services and primary income)","DT.TDS.DECT.EX.ZS","","","","","","","","","","","","","","","","14.9366847944077","14.8104650367997","20.4520757631118","13.9745766381538","18.3721447470291","21.0285042554811","26.9657704290968","30.4825101956896","33.7741974314409","34.7957612480719","38.6658831324043","35.6066125489206","39.7669428979715","38.9914422467964","36.6398607879798","35.4124283630656","32.6135499035496","31.1389325784184","17.0594506222193","20.5640053250764","25.2639536243036","22.389625941754","15.5626688001832","14.8526034647986","15.8253913979619","21.0196812552366","15.8770724297325","16.3518460197548","15.8395942005604","8.28271114274799","9.98729954136341","7.13640902609938","6.33193280296341","4.88681340498547","5.14297262607261","4.40619610700289","4.31690093770715","4.6495039960247","4.73075851407227","11.362004823099","8.33004713955533","11.1736382993382","14.5974443871521","23.6995062707777","38.427302443419","24.2889288609468","16.7806362225923","18.1305777110906","21.1131036239564","27.2238636965006","",
"Kyrgyz Republic","KGZ","Total debt service (% of exports of goods, services and primary income)","DT.TDS.DECT.EX.ZS","","","","","","","","","","","","","","","","","","","","","","","","","","","","","","","","","","0.405348150147288","4.39361612653907","13.2505798743753","13.091604232431","11.3971642298339","18.8295959936092","21.1884973418703","30.1952841420167","31.1533609817789","20.4790987871604","21.8856437398633","17.8704774168235","14.8112158211654","7.64420388602897","9.39763750795683","12.3428786522235","11.4374025012301","23.0884914585033","12.9449613698981","10.1144450900577","10.3913252224685","12.6344728780715","17.9907184175471","30.160898883997","24.920310954891","24.440619333365","26.7800103855079","26.2820298518005","17.9036313571987","16.6877462903431","27.400907065542","13.953203049199","",
"Cambodia","KHM","Total debt service (% of exports of goods, services and primary income)","DT.TDS.DECT.EX.ZS","","","","","","","","","","","","","","","","","","","","","","","","","","","","","","","","","3.82814427116486","9.5880200073548","0.152266221408966","0.672619675145572","0.910412295482295","0.873125712406839","0.945278707239896","1.13509038949622","0.662388793123078","0.857886555846269","0.842480394908936","0.947244358304177","0.798365021092113","0.725559479970341","0.572510291730331","0.571139371609223","0.814063917603938","0.985252800475354","1.07137162511355","4.04182624240968","6.0081931735235","5.71766110623949","5.36580592745511","5.06464981869505","5.519546136755","6.42676002872673","7.08370903118656","7.17874941872661","7.28314760130447","11.2169942095225","10.5558668097995","9.65315436802778","10.5425721165318","",
"Kiribati","KIR","Total debt service (% of exports of goods, services and primary income)","DT.TDS.DECT.EX.ZS","","","","","","","","","","","","","","","","","","","","","","","","","","","","","","","","","","","","","","","","","","","","","","","","","","","","","","","","","","","","","","","","","","",
"St. Kitts and Nevis","KNA","Total debt service (% of exports of goods, services and primary income)","DT.TDS.DECT.EX.ZS","","","","","","","","","","","","","","","","","","","","","","","","","","","","","","","","","","","","","","","","","","","","","","","","","","","","","","","","","","","","","","","","","","",
"Korea, Rep.","KOR","Total debt service (% of exports of goods, services and primary income)","DT.TDS.DECT.EX.ZS","","","","","","","","","","","","","","","","","","","","","","","","","","","","","","","","","","","","","","","","","","","","","","","","","","","","","","","","","","","","","","","","","","",
"Kuwait","KWT","Total debt service (% of exports of goods, services and primary income)","DT.TDS.DECT.EX.ZS","","","","","","","","","","","","","","","","","","","","","","","","","","","","","","","","","","","","","","","","","","","","","","","","","","","","","","","","","","","","","","","","","","",
"Latin America & Caribbean (excluding high income)","LAC","Total debt service (% of exports of goods, services and primary income)","DT.TDS.DECT.EX.ZS","","","","","","","","","","","","","","","","","","","","45.6095739855949","43.935584133674","49.5409363684497","57.3918763824567","48.2281104826242","44.3899960751433","42.2454040192694","46.2181239160042","39.2337230481506","40.3365352018465","33.8629839065997","24.9217807011913","26.5889326360442","29.4146537100036","31.1973191917268","27.5707514515256","33.6732897344808","41.7278986106097","45.0237665175606","38.7618834288743","48.005061078489","44.6113666892171","38.1812616160253","32.6598801971651","32.9332399237697","28.2871139711123","25.7849411161701","25.7768719901854","18.4768789041967","15.9688600372906","18.4982959975262","14.2765290437372","14.0234493701408","16.2242228919967","16.5389720390479","16.2508113926567","22.301581847242","29.0888640286681","25.261233757332","22.8791878088908","28.7677749785197","30.2138838299141","26.6325316713003","18.6168745949033","27.0015210849927","19.7725939034649","",
"Lao PDR","LAO","Total debt service (% of exports of goods, services and primary income)","DT.TDS.DECT.EX.ZS","","","","","","","","","","","","","","","","","","","","","","","","","11.5872169779287","9.20472843791722","10.637051511335","11.538401986755","13.5478735526316","20.2156322170901","8.59852896749522","6.17754582425563","4.77797359719439","8.31442876792508","4.94734650988241","7.60201570789866","8.05872121896163","6.3378419212963","6.30722060630889","9.46839721659919","7.95350379924405","8.98666916536342","19.6974060735694","22.0574334297586","22.9248346451436","17.77692150433","16.6685757257606","16.0804415861863","14.3071168795972","15.4021361128656","13.0764393752978","12.8389265862479","8.98387244550436","10.8941538865187","9.43407557368721","9.09402063375303","10.8253524992397","11.1120307972079","11.8479501017469","15.0850128420864","14.0634245906803","29.1750515137242","15.4930181501973","12.8054794133568","19.0423898045972","",
"Lebanon","LBN","Total debt service (% of exports of goods, services and primary income)","DT.TDS.DECT.EX.ZS","","","","","","","","","","","","","","","","","","","","","","","","","","","","","","","","","","","","","","","","","","","36.2807620837015","26.3766858784421","34.5878095931192","24.2944056031067","26.7229157913912","24.4531820653773","17.8906917029539","44.1960090472927","46.241965839348","47.8987074251357","51.7781580627129","50.2454947494857","56.8710153226803","58.6847226123087","65.5249903674778","70.1284307070546","72.5885880285532","80.2871194501338","106.628056218762","62.5191968683911","28.706787657861","34.5013159000827","21.04734596175","",
"Liberia","LBR","Total debt service (% of exports of goods, services and primary income)","DT.TDS.DECT.EX.ZS","","","","","","","","","","","","","","","","","","","","13.5123313295337","8.74512441788041","8.60368733790017","10.1565170434904","10.9915278647509","13.1049558037902","8.60277974523559","6.87019097941146","3.7381672626504","","","","","","","","","","","","","","","","","0.431179349436464","0.519694451413844","0.411316797187544","114.386759324615","119.680066158754","5.81178084488622","1.70997861340934","0.746069405439398","1.1958234797671","0.918246312839193","2.40014287495834","8.71763148326974","3.04013953636667","3.70403584378441","4.36076183343702","6.5252568086338","9.97457026767678","5.665243376152","6.76553120617216","9.6445669525889","9.14927792628863","",
"Libya","LBY","Total debt service (% of exports of goods, services and primary income)","DT.TDS.DECT.EX.ZS","","","","","","","","","","","","","","","","","","","","","","","","","","","","","","","","","","","","","","","","","","","","","","","","","","","","","","","","","","","","","","","","","","",
"St. Lucia","LCA","Total debt service (% of exports of goods, services and primary income)","DT.TDS.DECT.EX.ZS","","","","","","","","","","","","","","","","","","","","","","1.43965894607843","1.4228180764774","1.30445462832338","1.11387343470483","1.20463069958848","1.11892064136126","1.42034403618091","1.43234906447725","2.059985027313","2.20721499040233","3.53125508274835","3.52493813952966","3.37227240414624","3.16588430817134","3.0802328115541","3.58652246984384","3.73817751662744","4.15337127236768","4.91454076338007","7.75397692866458","7.35132872934261","5.97821379037516","7.26836702296321","4.85140476505242","5.58603686046113","7.29855199026917","6.51033869528935","8.79337319204043","6.15510743345731","5.53086010765075","5.651613924867","5.42901681072468","4.17615968238895","3.90143241506184","6.97998165304012","5.1211560150564","4.45204330406903","4.28696169696867","4.08735275037941","8.78541994400226","6.02466723328282","3.88133907143239","4.66340645580706","4.74628702405992","",
"Latin America & Caribbean","LCN","Total debt service (% of exports of goods, services and primary income)","DT.TDS.DECT.EX.ZS","","","","","","","","","","","","","","","","","","","","","","","","","","","","","","","","","","","","","","","","","","","","","","","","","","","","","","","","","","","","","","","","","","",
"Least developed countries: UN classification","LDC","Total debt service (% of exports of goods, services and primary income)","DT.TDS.DECT.EX.ZS","","","","","","","","","","","","","","","","","","","","","","","","","","","","","","","","","","","","","","","","","","","","","","","","","","","","","","","","","","","","","","","","","","",
"Low income","LIC","Total debt service (% of exports of goods, services and primary income)","DT.TDS.DECT.EX.ZS","","","","","","","","","","","","","","","","","","","","","","","","","","","","","","","","","","","","","","","","","","","","","","7.65326078920238","8.00544341933999","8.67456785604197","7.12891809639563","6.97182327686554","4.59393564549614","4.8648312393961","4.34394223327632","5.43535731293477","6.95647690992636","9.86274951156679","10.8805885026676","9.97489075118528","11.8931644811057","11.4542206444494","12.7708176838543","17.5534412278123","12.3520864365727","11.4028255756262","9.33364303231695","",
"Liechtenstein","LIE","Total debt service (% of exports of goods, services and primary income)","DT.TDS.DECT.EX.ZS","","","","","","","","","","","","","","","","","","","","","","","","","","","","","","","","","","","","","","","","","","","","","","","","","","","","","","","","","","","","","","","","","","",
"Sri Lanka","LKA","Total debt service (% of exports of goods, services and primary income)","DT.TDS.DECT.EX.ZS","","","","","","","","","","","","","","","","26.4907221433695","25.1197362358161","19.3616955148983","15.1211211105528","13.6728335934067","13.4155945279495","15.462514836896","18.2038556629612","18.9586863065831","15.291599722246","19.5127885285029","25.2534783199576","27.7897168647317","25.8965842103126","22.156058275583","16.1261492368557","16.1735366989415","15.1469996885684","11.5711244614142","10.1237943388428","9.3392150273668","9.27293703235934","9.24824595488797","9.86664056208371","13.2776562786863","12.1228616851893","11.8457367938333","11.7519856158682","9.09950855644843","10.458169566538","5.54153216430707","10.8346181003092","8.84041532416264","12.0417041101191","15.6400858516695","12.3287816485283","9.31997112621852","15.4998497838903","14.0822781704545","38.2320892792974","20.8014354274166","18.9088666759476","21.8690715229906","36.0547284753285","31.7328919801286","38.0133141864765","31.478444431029","20.2896271246193","16.0664255632604","23.7051670387884","",
"Lower middle income","LMC","Total debt service (% of exports of goods, services and primary income)","DT.TDS.DECT.EX.ZS","","","","","","","","","","","","","","","","","","10.2432696551998","13.1940715305243","12.0650755295257","13.9755815285612","18.4447964193136","22.9316215705046","25.0822298685134","26.0553640685523","28.4684884089162","32.2610877999406","28.4274208372484","28.7029793725037","26.7199883896787","25.5492361516741","24.8101877756436","23.7793889341863","22.7482538341593","23.6907090190776","23.0712039966266","19.4820698349936","17.9351616174233","18.1196135450095","18.2976786091965","17.0258040138697","18.1477007057103","18.5134728974653","19.5226463113815","14.1386915703176","13.1151072292231","10.6579448825388","10.860308822653","8.02780130178265","8.31948688119816","7.88487862087242","7.46998252867395","7.53049872699739","8.35037452530862","13.3736500187327","11.3575601278576","14.966167962684","12.1306593927035","12.6182187332994","12.7102614662637","15.0285596313366","11.9634014732413","11.7148801134309","13.256699539887","14.543329122798","",
"Low & middle income","LMY","Total debt service (% of exports of goods, services and primary income)","DT.TDS.DECT.EX.ZS","","","","","","","","","","","","","","","","","","","","","","","29.5840901670369","28.0181920580819","28.2991918499753","28.7967234040018","33.0888752284757","28.1704612391585","29.1235202320265","26.200467601693","22.5970039663349","22.2176735919411","21.7629396214202","21.671595656299","20.0978266829611","21.1877061431348","22.1875021294813","24.2092879331495","23.9580233940652","28.24144905331","25.049622854864","23.4190301347693","22.1723827666187","18.9943212742588","14.6557903240743","13.6393367102746","12.5969677520019","10.4643982293483","8.91494478539067","10.454147727228","9.12824757676969","8.19341141023439","8.63177801559381","9.22667741501171","10.2346472834205","12.2778329633635","14.7749073554453","13.5557005097063","13.6108546857104","15.6893640348212","16.2634900068016","13.5643915683998","13.3666415560979","15.4130603496148","13.0600698755122","",
"Lesotho","LSO","Total debt service (% of exports of goods, services and primary income)","DT.TDS.DECT.EX.ZS","","","","","","","","","","","","","","","","0.713317052307185","0.315037105971596","0.229287196739121","0.469151477897404","0.873376697664733","1.49991658153584","1.48105152495873","2.34195118846113","4.72422598290352","3.61271394645774","6.74012170668103","4.69600418393721","3.52082462026241","5.07146546549932","4.66204179912341","4.19570344377287","4.50748304965943","5.2355130958839","5.32260051371935","5.40343200769951","6.09432466623374","5.58927209684329","6.53076922917866","8.55001767959641","10.1562504308976","7.49297464861762","8.15658842024484","7.73315849849299","5.45919096304937","3.67069034141844","5.71419851596004","3.05773917888862","5.90430804601391","2.23141642485443","2.59596455287145","2.09216798360414","2.09085854729325","2.45050084327298","3.2214384848348","3.15478597000656","3.77864652489428","3.93824349201396","3.34718387507612","4.20790481784953","4.49426440410025","5.16343707196256","5.91117458114699","4.92649847316573","8.92330295400048","6.88637904028134","",
"Late-demographic dividend","LTE","Total debt service (% of exports of goods, services and primary income)","DT.TDS.DECT.EX.ZS","","","","","","","","","","","","","","","","","","","","","","","","","","","","","","","","","","","","","","","","","","","","","","","","","","","","","","","","","","","","","","","","","","",
"Lithuania","LTU","Total debt service (% of exports of goods, services and primary income)","DT.TDS.DECT.EX.ZS","","","","","","","","","","","","","","","","","","","","","","","","","","","","","","","","","","","","","","","","","","","","","","","","","","","","","","","","","","","","","","","","","","",
"Luxembourg","LUX","Total debt service (% of exports of goods, services and primary income)","DT.TDS.DECT.EX.ZS","","","","","","","","","","","","","","","","","","","","","","","","","","","","","","","","","","","","","","","","","","","","","","","","","","","","","","","","","","","","","","","","","","",
"Latvia","LVA","Total debt service (% of exports of goods, services and primary income)","DT.TDS.DECT.EX.ZS","","","","","","","","","","","","","","","","","","","","","","","","","","","","","","","","","","","","","","","","","","","","","","","","","","","","","","","","","","","","","","","","","","",
"Macao SAR, China","MAC","Total debt service (% of exports of goods, services and primary income)","DT.TDS.DECT.EX.ZS","","","","","","","","","","","","","","","","","","","","","","","","","","","","","","","","","","","","","","","","","","","","","","","","","","","","","","","","","","","","","","","","","","",
"St. Martin (French part)","MAF","Total debt service (% of exports of goods, services and primary income)","DT.TDS.DECT.EX.ZS","","","","","","","","","","","","","","","","","","","","","","","","","","","","","","","","","","","","","","","","","","","","","","","","","","","","","","","","","","","","","","","","","","",
"Morocco","MAR","Total debt service (% of exports of goods, services and primary income)","DT.TDS.DECT.EX.ZS","","","","","","","","","","","","","","","","8.47203459758813","13.4689402929149","19.0932377811436","30.9199464225668","35.8364527350407","44.209273517933","51.0463661222697","58.4389843004661","52.8840082251338","35.8839256713022","45.2238738734628","50.9948626482576","42.421272930649","32.3613017193161","40.729797904987","28.4128284507691","34.6523742979178","52.4736294898635","46.1059979041771","46.7703769204773","48.1102853014155","40.4435679278776","39.0967403402708","34.1860821601089","35.11614885059","29.7189645510559","27.0287460478313","34.1081018556017","33.8399006984983","20.0446248431525","15.8527756151059","16.9183446647909","16.1773663547127","13.3271537994071","13.7057605351566","11.8546292970521","9.88853852756038","10.9736870036953","15.8587772705737","12.9466515206553","10.5762551692244","11.0788252872274","10.1033609468872","9.28560361990773","9.53426255528164","13.8428032596205","13.8056895646823","10.1164827473821","9.20347207035798","12.9254798325863","",
"Monaco","MCO","Total debt service (% of exports of goods, services and primary income)","DT.TDS.DECT.EX.ZS","","","","","","","","","","","","","","","","","","","","","","","","","","","","","","","","","","","","","","","","","","","","","","","","","","","","","","","","","","","","","","","","","","",
"Moldova","MDA","Total debt service (% of exports of goods, services and primary income)","DT.TDS.DECT.EX.ZS","","","","","","","","","","","","","","","","","","","","","","","","","","","","","","","","","","","2.08175353431609","7.87966148687787","8.19397301003735","11.7374614598476","23.1007608040545","32.3110613806553","22.4915754296171","18.8822017940544","25.0876728052088","12.6712664579501","18.3672894817485","13.6304958081529","17.7199993360858","14.1327983726461","16.5647719825259","16.9231754092302","14.5082551800981","12.6986196492342","15.0355513983844","15.8620036932068","14.2231052846037","12.6375228407502","12.8677525958176","11.4000648229884","13.185187520648","13.4767938685246","17.5233201266158","13.7813288566293","10.1122555970366","19.0908496152343","16.6185835066351","",
"Madagascar","MDG","Total debt service (% of exports of goods, services and primary income)","DT.TDS.DECT.EX.ZS","","","","","","","","","","","","","","","29.8747241389443","16.5863035705515","3.29194224930725","37.7535536257953","4.802386806469","7.86222464189162","19.3594680579064","27.6234846457226","28.7336836745835","23.0405083907601","31.0035803925846","42.2834377317957","52.2616045770167","56.7834871426087","52.5154703830713","50.2363829421827","45.878793620508","32.9480729794245","19.0299447632357","14.8910508430333","9.91748758205975","7.70313411335518","10.5149396857979","32.1200949320347","18.0001344459175","21.3507214900879","13.9386856755163","6.52160249534937","5.7300301224556","8.52608879490823","8.88385975214938","5.91267221478025","3.64728751235177","1.50141164256704","1.4466946470606","2.49455383955663","2.79381493262537","1.82064896481453","2.49754590840496","2.27088263029513","2.77463572595297","4.41953169976043","3.59422507426469","3.15340771556004","2.94189421009689","3.05274035774656","5.03140012779878","4.94457579377515","4.55783844747276","6.09967363757098","7.17223697747634","",
"Maldives","MDV","Total debt service (% of exports of goods, services and primary income)","DT.TDS.DECT.EX.ZS","","","","","","","","","","","","","","","","","","","5.68264609375","1.40514449760766","0.821813650306748","3.40567489932886","5.28321662337662","9.599274385511","22.5928558303887","11.2435972647702","12.095100353196","6.509299660725","7.4709779438484","6.30764747204462","4.80272306855278","3.99847725425879","3.2026689009563","3.86481417644626","3.41920049910648","3.36029217875984","3.12340562067764","6.99342001445025","3.65948866918107","3.99195766054201","4.2232269149629","4.61719686416685","4.3150549047202","3.6896149835222","4.1820095678383","6.32305426983755","5.70076524566409","4.04187245238949","4.67694258612319","5.72026650029021","3.6430558027739","3.41197302473943","3.35233535151938","4.14787797452245","5.37611349354682","4.3823337704801","4.27764712778562","4.84709825811693","12.1908487321284","12.1726773382507","17.4573601006393","20.0732418589484","13.5353339647215","10.1278966096322","9.18470294592451","",
"Middle East, North Africa, Afghanistan & Pakistan","MEA","Total debt service (% of exports of goods, services and primary income)","DT.TDS.DECT.EX.ZS","","","","","","","","","","","","","","","","","","","","","","","","","","","","","","","","","","","","","","","","","","","","","","","","","","","","","","","","","","","","","","","","","","",
"Mexico","MEX","Total debt service (% of exports of goods, services and primary income)","DT.TDS.DECT.EX.ZS","","","","","","","","","","","","","","","","","","","","66.068585604802","45.7863966269229","47.8359621437608","52.5355046045283","46.8009699060707","46.5924473202184","45.2481307971164","45.7553650178212","34.1763502616205","38.9106112419335","34.2266025459496","21.7671536616229","24.6323137426242","35.6520872155853","37.6869466231902","27.043710539719","39.223527929552","51.0436958161424","47.3409742656593","21.9083074152369","23.3030455805777","31.8721046082041","26.9649135824928","20.9656386173348","17.378597367477","18.7415290153539","15.1681062780994","19.5526088231413","12.4877442966003","12.4750906774383","12.8048700352853","9.60154726836855","10.792467413316","17.1456461494288","9.3849710528046","10.6971771895414","12.5387170111518","18.8534358233458","14.2819574213038","11.6218684544373","13.3021139066279","15.7359205334234","14.4748436269398","8.6120372079918","8.14585545015927","9.51997025016336","",
"Marshall Islands","MHL","Total debt service (% of exports of goods, services and primary income)","DT.TDS.DECT.EX.ZS","","","","","","","","","","","","","","","","","","","","","","","","","","","","","","","","","","","","","","","","","","","","","","","","","","","","","","","","","","","","","","","","","","",
"Middle income","MIC","Total debt service (% of exports of goods, services and primary income)","DT.TDS.DECT.EX.ZS","","","","","","","","","","","","","","","","","","","","","","","29.6802453688351","28.125483413855","28.0512806282801","28.7594069247963","33.0338704815372","28.1008436614445","29.0470272932246","25.9794295410179","22.4130891938014","22.2470783181402","21.8713351777248","21.7742192439339","20.180590892214","21.3151783840919","22.3272336165184","24.3728017068213","24.1107663211165","28.469474644651","25.2697960902859","23.628755120799","22.3368300954918","19.1119824144653","14.7357841775671","13.7152937172444","12.6512451342912","10.484769004026","8.93715338684824","10.4972728114366","9.18656732335447","8.23365260586525","8.67949589958101","9.26907324510592","10.2707822969247","12.3010390000051","14.8131551528299","13.5903015174691","13.6270394405158","15.7322590884363","16.2986929509548","13.5177542492741","13.37508464376","15.4573698476656","13.1025792201663","",
"North Macedonia","MKD","Total debt service (% of exports of goods, services and primary income)","DT.TDS.DECT.EX.ZS","","","","","","","","","","","","","","","","","","","","","","","","","","","","","","","","","","","","","5.43840064329366","12.0410283526906","15.3266996894297","14.2769733429719","11.787415721477","18.3399013158298","23.0743970369478","17.9451877563622","16.0800981036454","12.5384163256298","21.0602777369193","18.4748459483395","10.1119201981769","16.8594821044612","16.4167046309612","19.0332472698988","15.4479085559167","26.4018852889136","17.1499959486699","21.5958784885365","16.0720894086402","14.3902477470154","17.0995098194887","9.69506521794705","16.4527002299124","16.4544829768739","10.5201770700092","16.9974210351505","14.4210946901678","",
"Mali","MLI","Total debt service (% of exports of goods, services and primary income)","DT.TDS.DECT.EX.ZS","","","","","","","","","","","","","","","","4.98320366428088","6.14666235403522","6.24631369903352","6.44411581867051","6.86650880305264","6.23097072793796","10.3776405100589","10.2663570311122","9.71422832159186","13.2589277376705","22.284684929226","22.2732235848915","20.3476857567151","24.3474653681932","19.7221593544818","15.3335924526168","9.71920514480225","12.4379323270794","16.504446207206","21.3462950028013","16.1363947279484","21.122860878208","12.8245489653409","12.2617022116055","14.9628983417568","14.0888320708173","8.93085938424367","7.5029257550436","6.47038456306964","7.89251441327306","6.8671148793384","4.36178446620108","3.17368506122324","2.59474415101903","3.08723051731196","2.74643552201423","2.46008466385188","1.76112927643778","3.26717254874102","3.26841525300169","3.50001152538175","3.92840546881742","4.60137343899868","4.17482670314458","4.97408292684434","4.79912835628142","5.2740755786592","5.1141040922579","5.54145188120344","6.16273727116764","",
"Malta","MLT","Total debt service (% of exports of goods, services and primary income)","DT.TDS.DECT.EX.ZS","","","","","","","","","","","","","","","","","","","","","","","","","","","","","","","","","","","","","","","","","","","","","","","","","","","","","","","","","","","","","","","","","","",
"Myanmar","MMR","Total debt service (% of exports of goods, services and primary income)","DT.TDS.DECT.EX.ZS","","","","","","","","","","","","","","","","","22.0079866846586","19.9605389914406","24.5489823311341","29.5386403420482","27.6500230856248","25.78939935571","27.6102021929243","38.7687451893034","41.8182948538987","54.7196549936303","67.2550125392713","71.6209506018553","58.9338615357059","67.6476980027307","18.7736180641683","27.6942396573146","8.47489097909341","13.2574295550181","14.7306767982882","20.089315183637","12.573163235605","8.43460918488382","5.74731650157907","5.53053871688058","0.968683710796229","0.634869536662928","0.731178085762148","0.735903365760651","0.735160714043513","0.648443595864669","1.22286319378873","1.33163787779431","1.37498655529822","1.75654433044979","3.08051509397795","2.50122389055827","11.842770639003","19.8589283857817","4.44754481440566","3.44355399984989","5.29617068465908","4.35923941722529","4.8990621213857","3.68247626160146","3.89794441390712","7.13022145858569","7.02818324308264","6.99236383096215","7.38528231051686","",
"Middle East, North Africa, Afghanistan & Pakistan (excluding high income)","MNA","Total debt service (% of exports of goods, services and primary income)","DT.TDS.DECT.EX.ZS","","","","","","","","","","","","","","","","","","","","","","","","","","","","","","","","","","","","","","","","","","","13.9196189584825","13.5840727985529","12.7374905386985","9.84045442937488","11.4178772546822","6.82284980864672","5.55580780432104","7.63371283052613","6.91120139994953","5.75821394251595","6.04512447162898","7.26520413203096","7.58889580658875","9.40422317184137","11.4974903245862","10.4236870413517","9.57338922325462","12.7835727961536","18.2940385194405","14.1799808210924","10.7065815549371","11.8313096401229","13.7492406776587","",
"Montenegro","MNE","Total debt service (% of exports of goods, services and primary income)","DT.TDS.DECT.EX.ZS","","","","","","","","","","","","","","","","","","","","","","","","","","","","","","","","","","","","","","","","","","","","","","","","9.77532521389896","3.41822306044365","4.12337715723268","5.54641943568643","12.2713930480629","16.3272654599297","19.9479578240386","31.4809520653176","40.1364779109368","37.8337020028064","18.0600354003931","32.7332628474355","25.6177821590314","45.1033158704673","37.8469009819201","23.3914028064542","19.135430336504","29.801351346243","",
"Mongolia","MNG","Total debt service (% of exports of goods, services and primary income)","DT.TDS.DECT.EX.ZS","","","","","","","","","","","","","","","","","","","","","","","","","","","","","","","","","17.3035786079836","6.52360035659705","10.7408536092397","10.1822399178564","10.7216084670051","10.0398670811414","5.64661170270761","4.5244067184948","6.6147564720843","7.1730306014006","7.41684783085094","34.070646607135","3.47808172004489","3.01998520213666","2.46830907834309","2.21936227986535","2.62009243996778","5.34859439549274","7.01895680355538","5.36856334369653","26.3587873530666","30.8319549175214","21.9682576660959","35.185183163928","25.7388585782643","53.7621400202377","96.4757121739419","127.580662051185","33.3200946277239","28.9938212408892","35.3251689829714","31.6253030041856","32.0417230045509","",
"Northern Mariana Islands","MNP","Total debt service (% of exports of goods, services and primary income)","DT.TDS.DECT.EX.ZS","","","","","","","","","","","","","","","","","","","","","","","","","","","","","","","","","","","","","","","","","","","","","","","","","","","","","","","","","","","","","","","","","","",
"Mozambique","MOZ","Total debt service (% of exports of goods, services and primary income)","DT.TDS.DECT.EX.ZS","","","","","","","","","","","","","","","","","","","","","","","","","7.82676911558259","34.4628454545455","54.5998003645833","23.520005042735","27.0837275808937","29.1468404419889","26.1902046697798","22.6289412489729","22.854033158331","32.9248055435953","31.1812920080931","34.5105608630952","26.0393820840274","19.1699698934125","18.1474438225611","17.8929911275126","14.4612801613113","23.1097646257101","22.370937644092","23.0178275536123","","18.4691586883664","20.9701755173867","38.7331766136948","18.6092638362265","18.6009286326836","7.00584673849005","13.7633096994238","6.55750840032533","11.177809351688","13.3827229878675","21.4194837130695","27.2904422466498","23.0962769328568","26.6903533189091","28.499459629001","22.8198147582556","103.732219935778","59.157988533058","46.1574389620686","46.5096494923949","",
"Mauritania","MRT","Total debt service (% of exports of goods, services and primary income)","DT.TDS.DECT.EX.ZS","","","","","","","","","","","","","","","","22.1656341891722","37.6382370287931","22.376713569562","16.8153005766741","32.9233969153803","17.610543203816","22.5686964934738","18.6261374093614","15.2117693172326","20.1877949152944","25.3600488330126","22.3331549459931","27.2532986555229","27.8317618096342","21.2139044532576","30.7076279091984","20.852972683509","20.2818878609996","30.1719069355171","24.7303693403643","23.1191842370021","22.7118472796967","24.6866377823126","27.8411144651478","","","","","","","9.31150125970732","6.33178271514052","8.16640228802154","3.28985836622352","5.12299584641549","5.17607922454934","4.36192012761766","5.20221864920121","5.77048068983166","10.869712261055","14.1528684739522","15.0234089816701","15.7321650575095","17.4170720863715","14.0317946365313","9.98400357271305","12.3801001108215","8.04677713297794","9.42214593112765","9.67472381178827","",
"Mauritius","MUS","Total debt service (% of exports of goods, services and primary income)","DT.TDS.DECT.EX.ZS","","","","","","","","","","","","","","","","","2.40310949930704","2.87331155732706","3.81833798031511","5.08819729709885","7.64167241672456","15.4551986459143","17.2743962311776","23.1681940487723","25.205563940335","23.6656896229312","14.4211711032326","10.4062835377197","14.1489088622456","9.69463307757046","8.50291786764754","8.9991640454533","8.9943572568426","6.33784759213701","7.25830630603595","8.73073881412852","6.37888101769219","7.83755542472671","8.13527846233602","6.1266760075038","16.9801256051835","5.81364419663305","7.72777885138644","23.9111265313476","17.7785201225633","20.5124013171968","31.9078627275015","30.4730794394099","22.9895779085447","42.7691063128399","21.7059849616157","20.6148784239835","40.9455036572323","20.3180760323694","43.3282527556684","32.9187431984099","12.8249184854386","17.0043741853135","21.4138859349856","19.7385629119977","21.2598009798415","19.4670428797024","4.35544428502095","8.44913892711694","8.48229754247703","",
"Malawi","MWI","Total debt service (% of exports of goods, services and primary income)","DT.TDS.DECT.EX.ZS","","","","","","","","","","","","","","","","","","10.7492085354212","20.1152553932306","17.7873593491717","27.7803370822797","36.0411958530238","35.0260951557027","29.263624121421","31.0679526852713","39.8426606888159","53.6963884584765","37.4323591456255","30.8884405194191","30.9166573684882","29.3175318394978","24.8715473021914","24.8591717885103","22.3757796793844","22.4862483553616","24.9400123381465","15.9083367185298","14.3896820308153","14.8633577733005","14.0910011020725","13.5048260744146","9.52656105299587","7.7208168963069","6.74222030335531","10.5427772924884","12.5016886642681","8.87905840825094","3.83136956643178","3.12144207294522","2.86003642012009","1.68623834472246","1.41560076977703","2.05722321598912","3.14397501022139","4.10551073364016","5.5747811915666","6.38504578622724","6.51699201833132","7.23191662081913","6.62029750785144","7.44751475481627","7.0175617775003","9.14455541109317","9.7055481792421","10.5586545915916","",
"Malaysia","MYS","Total debt service (% of exports of goods, services and primary income)","DT.TDS.DECT.EX.ZS","","","","","","","","","","","","","","","","","","","","","","","","","","","","","","","","","","","","","","","","","","","","","","","","","","","","","","","","","","","","","","","","","","",
"North America","NAC","Total debt service (% of exports of goods, services and primary income)","DT.TDS.DECT.EX.ZS","","","","","","","","","","","","","","","","","","","","","","","","","","","","","","","","","","","","","","","","","","","","","","","","","","","","","","","","","","","","","","","","","","",
"Namibia","NAM","Total debt service (% of exports of goods, services and primary income)","DT.TDS.DECT.EX.ZS","","","","","","","","","","","","","","","","","","","","","","","","","","","","","","","","","","","","","","","","","","","","","","","","","","","","","","","","","","","","","","","","","","",
"New Caledonia","NCL","Total debt service (% of exports of goods, services and primary income)","DT.TDS.DECT.EX.ZS","","","","","","","","","","","","","","","","","","","","","","","","","","","","","","","","","","","","","","","","","","","","","","","","","","","","","","","","","","","","","","","","","","",
"Niger","NER","Total debt service (% of exports of goods, services and primary income)","DT.TDS.DECT.EX.ZS","","","","","","","","","","","","","","","2.88003985424457","4.71822547134012","4.51780745869097","3.94691025542864","13.398905936073","14.0180831433144","21.92769055232","31.8941595449412","55.617812472916","37.134549032029","27.0450088171468","33.9614822372311","30.5642158212426","29.5020713352684","34.9375720670007","27.7557045149206","17.8421083404981","25.4454289035768","12.5194137886454","25.1929978586904","24.246529214913","17.0615238196368","14.6969933105067","20.1953639312245","16.2231410691923","9.5379179262261","7.94091028067258","8.44814333573916","7.66621358350483","8.76700083556793","7.21068758725943","6.72196120098224","26.4675050002034","3.7894720947018","2.56614185652494","3.14977613300184","1.9842722860936","2.27936862897818","2.49284154678381","4.05736265575992","6.16902175278382","6.17759990777671","8.32134215721526","8.71552511143266","7.98475490481233","9.36714660478062","13.290965791735","13.5942532612992","18.1867206313038","14.0985650644668","18.9689773253997","",
"Nigeria","NGA","Total debt service (% of exports of goods, services and primary income)","DT.TDS.DECT.EX.ZS","","","","","","","","","","","","","","","","","","1.03961697719803","1.28249010694476","2.17391113275427","4.14562449629904","9.19601232547233","16.225932365643","23.6105078830245","32.9442526396612","32.7803427632578","38.0388322988143","14.1306333014557","30.3650082098161","24.6928507768567","22.5963462803015","22.0563705968506","18.5741360240159","13.3957728764043","18.9468067477952","14.7307144082223","13.1369897720651","8.71202887176952","13.074318095709","7.60561497077477","9.02570809962043","13.1390165448149","8.4016814555636","6.18901001493234","4.8414951469094","16.3965070326736","11.5792440007818","2.37255922359204","0.889151873672199","1.09157334009139","0.716261663712591","0.676956098425552","0.852085183786854","1.04636319695474","2.74426131040126","4.78478331470269","12.8052870950151","7.4017208088628","8.45834340479672","9.23927603720408","13.0926169889832","15.1109687776838","12.0372694275022","15.3919195720427","21.9135766141912","",
"Nicaragua","NIC","Total debt service (% of exports of goods, services and primary income)","DT.TDS.DECT.EX.ZS","","","","","","","","","","","","","","","","","","15.5890261563651","15.3448532449788","9.68968283079625","23.6992249805447","39.7883412138927","45.8203647200878","22.0591999207136","19.3426800601633","21.7217413125181","15.3192142013889","22.5854159202454","13.3201308139535","5.47942446043165","5.00470297029703","156.858151350575","35.750393655303","36.7422573537305","42.3676365457144","46.749007935616","33.6368251583291","40.3656760346705","29.884280683026","21.7338745064933","29.4047091943513","35.9485837829261","17.2048980954466","19.0351239333006","10.6986626569461","12.139993269774","7.79797913882702","15.9990932451865","14.461552448705","16.4723139391809","16.1169185435667","16.5034812629961","42.6027299397027","45.2100769015995","54.8187351463659","30.557350791216","35.8052688125538","45.4047779149686","38.5029055142635","31.2181288442332","33.4554343978339","24.2296486037797","23.7166287332157","20.7390364135631","21.3938317535199","",
"Netherlands","NLD","Total debt service (% of exports of goods, services and primary income)","DT.TDS.DECT.EX.ZS","","","","","","","","","","","","","","","","","","","","","","","","","","","","","","","","","","","","","","","","","","","","","","","","","","","","","","","","","","","","","","","","","","",
"Norway","NOR","Total debt service (% of exports of goods, services and primary income)","DT.TDS.DECT.EX.ZS","","","","","","","","","","","","","","","","","","","","","","","","","","","","","","","","","","","","","","","","","","","","","","","","","","","","","","","","","","","","","","","","","","",
"Nepal","NPL","Total debt service (% of exports of goods, services and primary income)","DT.TDS.DECT.EX.ZS","","","","","","","","","","","","","","","","","1.11109997179258","2.85853512641072","6.57981416821095","2.75968091824122","2.87241054311139","3.68140632148725","6.84798168249547","6.98147754025336","6.49173651848911","7.0487548492645","8.43357304119675","9.00080089515989","11.0543889282634","16.0984875038717","14.9999492885853","11.6546469114051","9.30609210190562","8.70072020897181","8.04319069016895","7.91302347626914","6.64419034252536","7.04040952782878","8.08791418859554","8.1733128261673","7.5975431144524","7.87038356756582","10.2941106937522","10.290152428009","9.14697841956767","8.45505971068347","10.1944792386661","8.87005453104665","8.42362285737834","10.0855637031227","10.5594747481963","9.17595198152475","10.2597284623763","8.81842257769137","8.13428693517382","8.44164950024381","9.29925073721298","8.48049668523619","7.22410958183493","8.25373775152271","12.2018914082922","9.85426077463436","10.2136643776037","11.8654143939064","12.3916778046586","",
"Naoero","NRU","Total debt service (% of exports of goods, services and primary income)","DT.TDS.DECT.EX.ZS","","","","","","","","","","","","","","","","","","","","","","","","","","","","","","","","","","","","","","","","","","","","","","","","","","","","","","","","","","","","","","","","","","",
"New Zealand","NZL","Total debt service (% of exports of goods, services and primary income)","DT.TDS.DECT.EX.ZS","","","","","","","","","","","","","","","","","","","","","","","","","","","","","","","","","","","","","","","","","","","","","","","","","","","","","","","","","","","","","","","","","","",
"OECD members","OED","Total debt service (% of exports of goods, services and primary income)","DT.TDS.DECT.EX.ZS","","","","","","","","","","","","","","","","","","","","","","","","","","","","","","","","","","","","","","","","","","","","","","","","","","","","","","","","","","","","","","","","","","",
"Oman","OMN","Total debt service (% of exports of goods, services and primary income)","DT.TDS.DECT.EX.ZS","","","","","","","","","","","","","","","","","","","","","","","","","","","","","","","","","","","","","","","","","","","","","","","","","","","","","","","","","","","","","","","","","","",
"Other small states","OSS","Total debt service (% of exports of goods, services and primary income)","DT.TDS.DECT.EX.ZS","","","","","","","","","","","","","","","","","","","","","","","","","","","","","","","","","","","","","","","","","","","","","","","","","","","","","","","","","","","","","","","","","","",
"Pakistan","PAK","Total debt service (% of exports of goods, services and primary income)","DT.TDS.DECT.EX.ZS","","","","","","","","","","","","","","","","","26.0759991580579","30.310707793117","28.4638577170196","25.7729513056539","26.1758293427722","26.2937788665158","26.9504672329269","35.1800505608345","36.0187932635648","39.447635118912","38.5989284281037","35.8864275711263","34.5574792714429","30.193164764104","27.2170923195687","24.5110246019011","26.9948093282612","28.2936811800027","38.0636372018815","30.8384080318305","30.8578624667737","40.5458239888808","24.9270695756657","32.4835844362312","28.3883462787939","28.3609922987528","23.4870887465408","20.57828748111","26.4328910810836","12.5255176506603","10.9065082166379","11.5103014207252","11.4140075646411","15.2831543643106","15.1401314827574","9.36170568883794","15.4974439085818","22.786054796032","15.5835259640491","14.4750575188818","15.800860805807","22.5558039612655","19.455512353704","35.633204290599","39.5201173442251","33.9308182903944","42.0463406568737","43.5994922043878","39.5425844195386","",
"Panama","PAN","Total debt service (% of exports of goods, services and primary income)","DT.TDS.DECT.EX.ZS","","","","","","","","","","","","","","","","","","","","","","","","","","","","","","","","","","","","","","","","","","","","","","","","","","","","","","","","","","","","","","","","","","",
"Peru","PER","Total debt service (% of exports of goods, services and primary income)","DT.TDS.DECT.EX.ZS","","","","","","","","","","","","","","","","","","53.5961295536172","50.3509091616642","34.2160342264707","44.8199637915692","59.4029892043571","48.9663750907788","34.3934144950547","30.1619146703573","28.0579344110971","21.485451400373","13.6741429725208","9.6753457705571","8.95318099638717","11.0544966419467","27.0793786054345","21.6575021834433","62.6064550860078","19.8430915799777","18.1604662177609","38.0983565956846","39.2716450000251","27.2934013989728","31.5287108192868","28.9079853281144","24.9965824276434","37.1788138698092","23.7839879283089","18.7226147815388","30.3651069939318","13.1482838269029","27.8674343062574","14.5601110941876","13.425657222691","16.64700102082","7.86987484379583","12.3226244268819","15.1258791033336","11.9309556405536","13.4038093050334","17.7041857117146","20.9074646015518","12.7448359503715","14.1234150873743","17.0530258562388","13.6711087401445","9.58728638721785","17.1091113712622","17.1119312052217","",
"Philippines","PHL","Total debt service (% of exports of goods, services and primary income)","DT.TDS.DECT.EX.ZS","","","","","","","","","","","","","","","","","","15.6615870372993","28.1306806558045","25.3195088521183","27.2913221070401","34.609279764651","43.8937540654673","37.2339800110674","33.7191677198453","32.0095228874574","34.301218308815","36.8016644844125","31.9234218263641","26.1493611557991","27.5548707184526","23.496064371154","24.8514792569713","26.069078527978","19.34423811634","16.3212437426207","13.5802531429366","9.47580642240393","10.9513408944325","22.4377787685347","22.9442112838913","33.4824808607993","33.6221303344316","31.3496427933493","31.6413209700444","24.738133767394","27.6085532113421","15.4535017533507","18.9899028503705","18.1122173042471","18.7148970501301","17.2445028213163","9.19352041351369","8.58889328223271","9.66555272727776","19.1512281746249","12.9944484232303","12.4646447866367","9.71339861972156","9.7553895298585","10.7204055958742","12.1801119870228","8.58795403356421","12.2623165097884","14.4330389093768","",
"Palau","PLW","Total debt service (% of exports of goods, services and primary income)","DT.TDS.DECT.EX.ZS","","","","","","","","","","","","","","","","","","","","","","","","","","","","","","","","","","","","","","","","","","","","","","","","","","","","","","","","","","","","","","","","","","",
"Papua New Guinea","PNG","Total debt service (% of exports of goods, services and primary income)","DT.TDS.DECT.EX.ZS","","","","","","","","","","","","","","","","","16.6402442951527","14.7849530658075","17.542562869624","9.55498105083522","13.7602007371402","18.9645584340926","25.1871647682869","30.050713616409","40.0353837925702","32.5063391061376","26.9417376369335","25.4113383532297","29.0270796794057","32.7775518388947","37.180936433097","27.1875970946997","28.3641624656009","28.9567700656377","30.8453149251029","20.7771773116034","16.3428206239845","20.5164545552263","14.7585915355361","9.68132121065003","12.8769136495638","12.7025226606036","14.9550536488832","7.79515146026743","8.85128411695867","8.43720728834949","7.10701047773519","19.3235338018176","15.5638632175061","11.71210491032","13.3070080917711","16.0432180291999","7.05154445264947","19.6897805412648","12.8366840271115","12.71678153306","44.8448978277737","28.284811922948","27.3387044054585","20.8094709031337","29.2497427094518","36.4518848656788","29.8346784082208","42.2385522680673","43.3382712553473","",
"Poland","POL","Total debt service (% of exports of goods, services and primary income)","DT.TDS.DECT.EX.ZS","","","","","","","","","","","","","","","","","","","","","","","","","","","","","","","","","","","","","","","","","","","","","","","","","","","","","","","","","","","","","","","","","","",
"Pre-demographic dividend","PRE","Total debt service (% of exports of goods, services and primary income)","DT.TDS.DECT.EX.ZS","","","","","","","","","","","","","","","","","","","","","","","","","","","","","","","","","","","","","","","","","","","","","","","","","","","","","","","","","","","","","","","","","","",
"Puerto Rico (US)","PRI","Total debt service (% of exports of goods, services and primary income)","DT.TDS.DECT.EX.ZS","","","","","","","","","","","","","","","","","","","","","","","","","","","","","","","","","","","","","","","","","","","","","","","","","","","","","","","","","","","","","","","","","","",
"Korea, Dem. People's Rep.","PRK","Total debt service (% of exports of goods, services and primary income)","DT.TDS.DECT.EX.ZS","","","","","","","","","","","","","","","","","","","","","","","","","","","","","","","","","","","","","","","","","","","","","","","","","","","","","","","","","","","","","","","","","","",
"Portugal","PRT","Total debt service (% of exports of goods, services and primary income)","DT.TDS.DECT.EX.ZS","","","","","","","","","","","","","","","","","","","","","","","","","","","","","","","","","","","","","","","","","","","","","","","","","","","","","","","","","","","","","","","","","","",
"Paraguay","PRY","Total debt service (% of exports of goods, services and primary income)","DT.TDS.DECT.EX.ZS","","","","","","","","","","","","","","","","15.2165505560308","14.3171310705974","11.6969241182078","12.2068613371499","15.7928300656897","22.3689949211402","24.7645261377871","22.212882187546","19.7090838392857","21.7072923723724","24.1499001456028","27.8679219973497","29.8956726030739","26.5708074615888","9.52400782038952","8.45780444748546","10.4540435938727","25.1332028184669","8.34950114133699","6.4919898963859","5.24741959136546","4.79105588339213","5.98769626932326","5.06075575264954","6.72872593294604","8.96284512854856","10.1501596070242","9.85395344553208","9.88440089734871","11.1154340347775","9.51967705462837","6.83255475176245","5.3288959119351","5.29138340949818","5.72404869648393","4.48288751493079","6.85606744116939","15.6577148115135","11.2278781646112","21.7193999657033","15.8509232388146","10.4509364135772","12.2608845836038","16.1167117557651","10.4941801965596","9.2435988642139","8.37984423300713","14.0824824747172","9.56440230107497","11.0611568256561","",
"West Bank and Gaza","PSE","Total debt service (% of exports of goods, services and primary income)","DT.TDS.DECT.EX.ZS","","","","","","","","","","","","","","","","","","","","","","","","","","","","","","","","","","","","","","","","","","","","","","","","","","","","","","","","","","","","","","","","","","",
"Pacific island small states","PSS","Total debt service (% of exports of goods, services and primary income)","DT.TDS.DECT.EX.ZS","","","","","","","","","","","","","","","","","","","","","","","","","","","","","","","","","","","","","","","","","","","","","","","","","","","","","","","","","","","","","","","","","","",
"Post-demographic dividend","PST","Total debt service (% of exports of goods, services and primary income)","DT.TDS.DECT.EX.ZS","","","","","","","","","","","","","","","","","","","","","","","","","","","","","","","","","","","","","","","","","","","","","","","","","","","","","","","","","","","","","","","","","","",
"French Polynesia","PYF","Total debt service (% of exports of goods, services and primary income)","DT.TDS.DECT.EX.ZS","","","","","","","","","","","","","","","","","","","","","","","","","","","","","","","","","","","","","","","","","","","","","","","","","","","","","","","","","","","","","","","","","","",
"Qatar","QAT","Total debt service (% of exports of goods, services and primary income)","DT.TDS.DECT.EX.ZS","","","","","","","","","","","","","","","","","","","","","","","","","","","","","","","","","","","","","","","","","","","","","","","","","","","","","","","","","","","","","","","","","","",
"Romania","ROU","Total debt service (% of exports of goods, services and primary income)","DT.TDS.DECT.EX.ZS","","","","","","","","","","","","","","","","","","","","","","","","","","","","","","","","","","","","","","","","","","","","","","","","","","","","","","","","","","","","","","","","","","",
"Russian Federation","RUS","Total debt service (% of exports of goods, services and primary income)","DT.TDS.DECT.EX.ZS","","","","","","","","","","","","","","","","","","","","","","","","","","","","","","","","","","","4.37524946262674","6.33164963097484","6.81739112907681","6.73682054051216","11.9403383818957","14.2615464725866","10.0849071171994","14.3120967481448","10.8032279601964","13.7302805985854","9.36146262490913","14.1931979949332","13.1962831932255","8.68685704158647","13.8489176162462","24.2153835492388","11.6100086627986","7.24494906244521","7.85490540726053","8.0272962231187","14.7332666859639","24.1750459008327","25.0615584553868","17.7477650917829","19.5907816795631","17.9638207856384","25.830948676854","15.8967213886921","14.9742398829144","12.7444779701583","11.3520494753528","",
"Rwanda","RWA","Total debt service (% of exports of goods, services and primary income)","DT.TDS.DECT.EX.ZS","","","","","","","","","","","","","","","","","2.83683680011803","0.969327521804499","1.31333065756052","2.1508801137367","3.86678137185962","4.43555744294856","4.65678586753108","5.89450193134202","6.9192945137557","10.5198571779903","8.40935499029229","13.3681847545786","12.9906079380934","18.4960941463898","14.2576890466467","16.4474259221968","20.3972260001177","20.4728533366288","8.29526666158311","20.4838522101508","19.8065863404718","14.5787909396484","17.1320816897602","27.3101760969362","","","","","","","","","","","7.22677606412987","4.77457106237045","7.54574697189554","8.31035258381037","12.6045874009016","12.6449823923794","14.5634730953585","12.7068520868692","12.7530652658762","14.3137505848254","14.6190620267709","29.1051912315759","11.4916966088178","15.3207102230575","7.97435072087266","",
"South Asia","SAS","Total debt service (% of exports of goods, services and primary income)","DT.TDS.DECT.EX.ZS","","","","","","","","","","","","","","","","16.6152720018545","18.8892969683444","16.2646206911426","15.4264477491681","12.9201188320948","12.0746509247457","13.1358488181884","15.8839693695348","18.3213617913817","20.0375958759644","24.3977882832049","34.1214461244763","32.4283970957339","30.3193928124898","30.2359901872599","31.138819226233","29.6365358429736","26.0616088820237","25.3600494817555","27.7086532860026","28.5949065862103","24.0178011936118","22.715270894768","21.4491258095407","17.1227644309335","15.8026567445912","16.4935192968256","19.213157615228","25.9136356360553","13.6816105930111","13.99053782107","8.52674458751485","14.7774358801193","9.48003282803521","6.34164366071771","6.89515687490918","6.45751305945795","6.93388736071713","8.12073190676154","18.3415549661829","11.0512753435031","16.2815630319836","10.1504126467067","11.8565007273084","10.0033626092107","15.2662305046281","8.62195954464528","8.74037984983106","10.4523944175136","11.0802765637016","",
"Saudi Arabia","SAU","Total debt service (% of exports of goods, services and primary income)","DT.TDS.DECT.EX.ZS","","","","","","","","","","","","","","","","","","","","","","","","","","","","","","","","","","","","","","","","","","","","","","","","","","","","","","","","","","","","","","","","","","",
"Sudan","SDN","Total debt service (% of exports of goods, services and primary income)","DT.TDS.DECT.EX.ZS","","","","","","","","","","","","","","","","","","13.2340316364524","17.1777517748916","16.180619607908","25.602875205926","24.0041001647656","32.2776842661687","27.9338590932421","21.7972248299785","17.9739795935641","44.4730691374469","21.1101539588801","29.8611174066374","11.6111328789288","9.71088615565115","5.79746402407117","7.20693114665221","5.38441248671626","0.536239670932358","10.1026772733929","7.06708855489281","8.95297763772176","9.78863558861165","6.76966779064487","13.4728526404525","13.7374000519901","6.91267217565589","10.7276050157224","8.52857957025894","7.48487495686552","5.02154637336542","4.01849595281776","3.01021835992934","5.72689235721773","4.21004682024409","4.87186411161","7.14824601297622","4.90058576864329","4.31031776521854","10.6504289695058","6.33691525263901","4.16552097640629","4.19894498062309","3.75873467947796","2.87878024275031","45.218288862013","2.95622866961282","","","",
"Senegal","SEN","Total debt service (% of exports of goods, services and primary income)","DT.TDS.DECT.EX.ZS","","","","","","","","","","","","","","","6.54878822915099","6.05180163665145","6.34057863705467","6.78892916419247","16.5378430840682","17.673930518043","31.2364385291653","18.2432021100899","13.6583284589713","11.9705591515879","17.631677511243","22.1538163259428","27.8286434520116","34.4266467379903","33.4388747944443","30.2748210775457","21.0909114500313","22.6568901864939","14.5563691329704","10.2722135254015","18.0964691715213","17.7575909457419","20.2764681966651","18.7501002908411","22.0175648655701","15.8256047265932","16.1785721623707","14.5220111083493","13.8831773237097","12.5671824225423","14.5939920998588","7.94231982778222","7.22763423088406","6.17525853263195","4.76915421852048","5.98362219392399","5.447095234777","8.53162911010612","9.36982754496764","11.2243117897822","7.84589353611999","23.2491286848819","9.50473723357387","12.4049686915157","14.0073823024885","19.7721163198097","23.3754090393699","20.7032224928195","18.0771808789291","30.2398405889279","41.8050042927812","",
"Singapore","SGP","Total debt service (% of exports of goods, services and primary income)","DT.TDS.DECT.EX.ZS","","","","","","","","","","","","","","","","","","","","","","","","","","","","","","","","","","","","","","","","","","","","","","","","","","","","","","","","","","","","","","","","","","",
"Solomon Islands","SLB","Total debt service (% of exports of goods, services and primary income)","DT.TDS.DECT.EX.ZS","","","","","","","","","","","","","","","","","","","0.0360309602982955","1.89603211489707","0.351098020700563","0.598845408450176","0.601465603886319","0.82454684628484","2.33004853819346","4.48857902078736","5.56671095206999","10.0551145952544","6.69255915273383","9.21448071623547","11.8425559651813","11.518249460451","5.4857822337263","5.79063897661989","8.19760115553427","3.83729123721134","3.86842727126393","2.49300911821991","5.99853520050482","4.84825545939528","7.10811165289002","7.1618477937303","10.9646043084801","9.8681769101185","14.6417188728898","9.0782961469216","2.46435853031206","5.97845174766405","5.41239214994306","4.21084154254013","6.18243062856537","2.70232442800694","4.57734260057202","7.30857495090702","2.82438708898031","2.42781955204426","3.84741879254234","4.68915869348689","4.90063938480131","4.02688144450277","6.54063457551804","2.45007918394401","2.41318290007763","4.88495224859353","3.64953428942652","",
"Sierra Leone","SLE","Total debt service (% of exports of goods, services and primary income)","DT.TDS.DECT.EX.ZS","","","","","","","","","","","","","","","","","","10.5132427036984","20.3072568822022","22.2262259468124","27.4692852697021","37.3029706246673","27.7255773934416","23.7411623809704","25.4295600304578","14.8795326864381","39.6857344854897","8.97379149620503","11.8110620934663","4.18852625025273","10.1174994352054","6.83466345665561","16.9754582854437","17.480828760408","73.0329939634746","64.2729118470109","59.4897069768258","31.9371558498164","44.4919420130068","87.7960287384022","76.3529076146717","112.753395863088","13.4873125432293","10.5607754340122","10.4674816147307","6.8705027342111","7.83609623227349","2.85500971829214","1.69802448891235","2.09323552121569","2.72293801931108","3.4084151261542","1.6711478356272","1.5489275900938","2.33143017656961","6.60962035332519","5.05568640173215","6.93373603861998","8.28889325410313","10.0516774708671","17.2277792301667","11.3991348534529","10.0246496271522","11.2384603561814","9.48961863622453","",
"El Salvador","SLV","Total debt service (% of exports of goods, services and primary income)","DT.TDS.DECT.EX.ZS","","","","","","","","","","","","","","","","","10.9415307011694","13.5333665127841","11.2497723113797","8.086918424702","7.96431527589789","10.1285698721913","15.503323723267","22.3374932748915","25.7345656753018","28.1969319185167","27.8770276183769","28.2727326594156","21.8018219812634","18.6742621284427","21.6636733349402","27.4604660216066","24.140231918395","21.742814553895","20.8711706776263","17.8777146309161","18.8491015166722","12.7615643768742","19.7246794637384","14.6672874233786","14.2473825296204","14.842816777415","18.8812777914614","25.0419661831873","30.5566100601225","24.9408049976826","31.6266579835059","24.0026076937612","20.2282119743436","27.4689659435892","22.1421208622625","22.1641311663657","19.1543997415953","17.4195673880003","19.264044887175","18.5797789323215","20.064853896716","51.6213408134885","45.5326503618114","67.7539094164093","82.029396941837","67.8810486060587","32.1501336499012","83.0726247359188","96.1985835283834","",
"San Marino","SMR","Total debt service (% of exports of goods, services and primary income)","DT.TDS.DECT.EX.ZS","","","","","","","","","","","","","","","","","","","","","","","","","","","","","","","","","","","","","","","","","","","","","","","","","","","","","","","","","","","","","","","","","","",
"Somalia, Fed. Rep.","SOM","Total debt service (% of exports of goods, services and primary income)","DT.TDS.DECT.EX.ZS","","","","","","","","","","","","","","","","","","3.73739416597119","2.73274663374668","2.61962754452011","6.26839620330781","18.2333121578","7.80877482231057","13.6258901412546","19.9514479923726","15.6458254841727","65.6645742681138","39.4527112705552","9.20568999330671","47.5923439269014","","","","","","","","","","","","","","","","","","","","","","","","0.0719530835380835","0.00408789473684211","0.003587502787068","0.00413834351145038","0.00349480846774194","0.00535729148753224","0.0542342990654206","66.9037623716381","1.09873257106759","1.07407103336921","1.23042699939331","0.656954967744848","",
"Serbia","SRB","Total debt service (% of exports of goods, services and primary income)","DT.TDS.DECT.EX.ZS","","","","","","","","","","","","","","","","","","","","","","","","","","","","","","","","","","","","","","","","","","","","","","","","27.2984629290443","31.6570579001296","38.986609102953","32.7089133639784","32.118177739565","38.7669122239876","43.6486051051389","41.4011381886391","22.9941488790563","29.4410630011294","21.6268783700287","21.6807837007091","25.6451013385995","19.1446990872242","17.1175617909791","15.0028349988691","12.0354511131579","20.9665816770936","",
"Sub-Saharan Africa (excluding high income)","SSA","Total debt service (% of exports of goods, services and primary income)","DT.TDS.DECT.EX.ZS","","","","","","","","","","","","","","","","","","","","","","","","","","","","","","","","","","","15.5844038764711","16.8112595961282","15.1534963422642","15.6848212020681","16.098017253197","14.556668239873","12.3329336264519","13.0540858951465","12.2895792585258","9.58385284659177","7.58414410953332","9.85581836945502","9.34635472728974","5.8860166597169","5.03125099513023","6.15590363965155","4.56207809023408","4.31925803528354","6.0746610859026","6.91202921150058","8.87008189525944","15.6762808138599","15.4550197360154","13.6923167102643","17.2169234968735","17.9537436323528","19.8757185148371","17.4004189267215","15.9783136880239","16.1923332771907","16.7961915312067","",
"South Sudan","SSD","Total debt service (% of exports of goods, services and primary income)","DT.TDS.DECT.EX.ZS","","","","","","","","","","","","","","","","","","","","","","","","","","","","","","","","","","","","","","","","","","","","","","","","","","","","","","","","","","","","","","","","","","",
"Sub-Saharan Africa","SSF","Total debt service (% of exports of goods, services and primary income)","DT.TDS.DECT.EX.ZS","","","","","","","","","","","","","","","","","","","","","","","","","","","","","","","","","","","","","","","","","","","","","","","","","","","","","","","","","","","","","","","","","","",
"Small states","SST","Total debt service (% of exports of goods, services and primary income)","DT.TDS.DECT.EX.ZS","","","","","","","","","","","","","","","","","","","","","","","","","","","","","","","","","","","","","","","","","","","","","","","","","","","","","","","","","","","","","","","","","","",
"Sao Tome and Principe","STP","Total debt service (% of exports of goods, services and primary income)","DT.TDS.DECT.EX.ZS","","","","","","","","","","","","","","","","","","0","1.96111583551443","0.00637100200847353","5.19283214063099","15.7311306473528","20.9044561527506","24.6086995324653","21.7759947382321","29.7957136377285","9.85094266823874","39.24893681099","21.3720290936198","62.7824743743167","34.8538697788698","","","","","","","29.0588541738069","33.5037490077075","26.9170311250264","25.8490373559459","28.1407245107716","24.551027969793","27.1969766734707","40.0753688527667","25.9806251704864","31.6828320908167","31.9214449600378","11.9996104512685","9.88397093907941","6.30050888456675","5.3372925990905","33.671249816615","10.8725996240293","13.8654887348913","2.85673924207095","2.55436559298371","4.05794957432791","4.72743808968521","11.6966692104798","4.97430573039161","3.88585309864411","7.19702079752916","5.07514487870101","3.46661642028318","",
"Suriname","SUR","Total debt service (% of exports of goods, services and primary income)","DT.TDS.DECT.EX.ZS","","","","","","","","","","","","","","","","","","","","","","","","","","","","","","","","","","","","","","","","","","","","","","","","","","","","","","","","18.3410549484444","34.350951790974","16.5196069510501","22.0590928518543","23.6926847899376","18.6726844059855","17.0569450163523","14.714590348921","25.0550344798659","","",
"Slovak Republic","SVK","Total debt service (% of exports of goods, services and primary income)","DT.TDS.DECT.EX.ZS","","","","","","","","","","","","","","","","","","","","","","","","","","","","","","","","","","","","","","","","","","","","","","","","","","","","","","","","","","","","","","","","","","",
"Slovenia","SVN","Total debt service (% of exports of goods, services and primary income)","DT.TDS.DECT.EX.ZS","","","","","","","","","","","","","","","","","","","","","","","","","","","","","","","","","","","","","","","","","","","","","","","","","","","","","","","","","","","","","","","","","","",
"Sweden","SWE","Total debt service (% of exports of goods, services and primary income)","DT.TDS.DECT.EX.ZS","","","","","","","","","","","","","","","","","","","","","","","","","","","","","","","","","","","","","","","","","","","","","","","","","","","","","","","","","","","","","","","","","","",
"Eswatini","SWZ","Total debt service (% of exports of goods, services and primary income)","DT.TDS.DECT.EX.ZS","","","","","","","","","","","","","","","2.16696686553567","1.76985366814331","1.16487752553995","1.40592656081535","1.57356751139862","2.39783324565212","3.91031419729544","4.11640673651793","5.31592357076045","5.62938667800025","6.28341262848948","9.68493400165315","9.09002490956158","8.80627075664981","5.77966330350303","4.38492708519436","5.39355091079787","3.0128442758561","2.31269823419708","2.26198961174573","2.21623937805735","1.53680959773923","2.60332499579642","2.32437376528662","2.24033720342562","3.02836184013819","2.23355814165374","2.34628412023002","1.6760731340717","1.67784877047328","2.21442122119972","1.87943093046615","2.04211957919016","2.22217961680121","2.97555339173235","2.6941223012966","2.38261921250843","2.8329462131164","3.12323812307927","5.49389473353734","10.5823251831425","4.81274560599096","2.22140403245757","6.22371196210371","2.73476193183482","2.50808382798293","5.39482720250527","2.90909085545608","3.83077973096701","7.85722124026929","7.67187532890614","",
"Sint Maarten (Dutch part)","SXM","Total debt service (% of exports of goods, services and primary income)","DT.TDS.DECT.EX.ZS","","","","","","","","","","","","","","","","","","","","","","","","","","","","","","","","","","","","","","","","","","","","","","","","","","","","","","","","","","","","","","","","","","",
"Seychelles","SYC","Total debt service (% of exports of goods, services and primary income)","DT.TDS.DECT.EX.ZS","","","","","","","","","","","","","","","","","","","","","","","","","","","","","","","","","","","","","","","","","","","","","","","","","","","","","","","","","","","","","","","","","","",
"Syrian Arab Republic","SYR","Total debt service (% of exports of goods, services and primary income)","DT.TDS.DECT.EX.ZS","","","","","","","","","","","","","","","","","","","","","","","","","","","","","","","","","","","","","","","","","","","","","","","","","3.43388786317649","3.90289280408507","3.14853680210342","","","","","","","","","","","","","","","",
"Turks and Caicos Islands","TCA","Total debt service (% of exports of goods, services and primary income)","DT.TDS.DECT.EX.ZS","","","","","","","","","","","","","","","","","","","","","","","","","","","","","","","","","","","","","","","","","","","","","","","","","","","","","","","","","","","","","","","","","","",
"Chad","TCD","Total debt service (% of exports of goods, services and primary income)","DT.TDS.DECT.EX.ZS","","","","","","","","","","","","","","","","","","2.60594903208651","5.39935606429999","3.90280976815653","8.38990904379149","8.70696400875765","2.79634387577921","1.05450300386022","5.18863426122199","17.5155899774273","5.38954989108502","4.11949030751314","4.24049348575697","5.86873019137939","4.31126419695822","4.30844326038726","4.10617698910526","6.70255527610349","8.0365104614152","","","","","","","","","","","","","","","","1.90767220626211","1.91116158712157","1.60235847136486","3.09802277700977","15.3935170302707","2.38299378038559","6.81076052002988","5.76694621730093","5.68293597311804","3.4127397840742","6.37907456113709","8.15155752886269","7.62876857476669","8.45544809695257","","",
"East Asia & Pacific (IDA & IBRD countries)","TEA","Total debt service (% of exports of goods, services and primary income)","DT.TDS.DECT.EX.ZS","","","","","","","","","","","","","","","","","","","","","","","","","","","","","","","","","","","","","","","","","","","","","","","","","","","","","","","","","","","","","","","","","","",
"Europe & Central Asia (IDA & IBRD countries)","TEC","Total debt service (% of exports of goods, services and primary income)","DT.TDS.DECT.EX.ZS","","","","","","","","","","","","","","","","","","","","","","","","","","","","","","","","","","","","","","","","","","","","","","","","","","","","","","","","","","","","","","","","","","",
"Togo","TGO","Total debt service (% of exports of goods, services and primary income)","DT.TDS.DECT.EX.ZS","","","","","","","","","","","","","","","3.62317311800095","9.45883546298753","12.1647724548069","24.2451867687279","18.7067018213185","8.71707224626079","9.17747810462736","18.1250721928657","18.8150978872675","16.4872727309803","23.7141211759762","28.3549659137652","29.2727960779441","16.9196940915098","23.4163937142594","16.2011459012907","12.3117606431149","8.19962647134505","6.22536495364404","7.0499780307431","5.60569089307041","6.14182174542188","9.66032646411955","10.2397734450416","7.3696436122395","8.48574327519438","6.60794418660449","7.52873649867109","2.74688823867455","2.70563335338682","2.77571048845879","2.47772375761198","3.04255961484912","1.58491760851296","15.9828970946679","4.24026378329112","2.66583151846662","0.774820722928598","1.22636464806765","2.30968413166305","2.90361562489854","3.31929377585845","4.92460722335261","5.8394766504598","5.92720767299352","5.90555609125806","5.36085411906601","8.85581392286155","11.6977610923849","11.0941773786614","13.8240839508821","",
"Thailand","THA","Total debt service (% of exports of goods, services and primary income)","DT.TDS.DECT.EX.ZS","","","","","","","","","","","","","","","","11.9534417356432","10.4512423511694","13.6881539782259","21.0706163671957","19.6684578552005","18.8622393661339","20.2649311261506","20.6041519136801","23.9884410722125","25.7064052932917","31.9155122315052","30.1220394462478","21.9405308870924","20.2016872449004","16.3657143130995","16.9231450396407","13.007634978955","13.7667068442324","12.9833883915416","13.4232234145138","11.6036133703737","12.645367132853","15.5172207199351","18.425864098174","21.8077200774255","16.2950040512155","25.3848311218805","23.2454854545216","15.5415875246069","10.9876946194684","13.6969446455772","9.40143923989748","11.7810323913453","8.10364553499354","6.83078009394489","4.70933581925751","3.89652227194414","5.46420221127501","5.13266012228009","9.49240265953916","7.0924610814782","5.26222601022932","5.10277997834366","5.99264645814319","9.62119078657852","8.30746607492233","5.24497072327639","7.94092618155616","11.9644494874884","4.68434832872581","",
"Tajikistan","TJK","Total debt service (% of exports of goods, services and primary income)","DT.TDS.DECT.EX.ZS","","","","","","","","","","","","","","","","","","","","","","","","","","","","","","","","","","","","","","","","","","","12.607544404982","8.43521253451615","8.31975227960478","8.24284402297326","5.89997044469129","4.12566294050321","5.95224768434521","28.0578173519605","30.8894714041049","20.1285163691478","12.5246657586629","11.8954309290384","13.4721133371693","12.2501422013035","28.1451792348553","26.0892063867845","21.9150508835104","19.5168066357127","12.1310124688807","11.9151329577222","9.13604682482065","10.3025392099081","8.76434765128616","",
"Turkmenistan","TKM","Total debt service (% of exports of goods, services and primary income)","DT.TDS.DECT.EX.ZS","","","","","","","","","","","","","","","","","","","","","","","","","","","","","","","","","","","","","10.1958997980712","22.1114377769464","","","","","","","","","","","","","","","","","","","","","","","","","","","","",
"Latin America & the Caribbean (IDA & IBRD countries)","TLA","Total debt service (% of exports of goods, services and primary income)","DT.TDS.DECT.EX.ZS","","","","","","","","","","","","","","","","","","","","","","","","","","","","","","","","","","","","","","","","","","","","","","","","","","","","","","","","","","","","","","","","","","",
"Timor-Leste","TLS","Total debt service (% of exports of goods, services and primary income)","DT.TDS.DECT.EX.ZS","","","","","","","","","","","","","","","","","","","","","","","","","","","","","","","","","","","","","","","","","","","","","","","","","","","","","0.00825783841939548","0.00895848424006278","0.0196173706167488","0.058456660930357","0.124179938344076","0.203930991586737","0.317026611161799","0.433295536420264","0.412410230955255","0.308479868748262","0.779253533387679","2.05762969208876","3.0506475146491","",
"Middle East, North Africa, Afghanistan & Pakistan (IDA & IBRD)","TMN","Total debt service (% of exports of goods, services and primary income)","DT.TDS.DECT.EX.ZS","","","","","","","","","","","","","","","","","","","","","","","","","","","","","","","","","","","","","","","","","","","","","","","","","","","","","","","","","","","","","","","","","","",
"Tonga","TON","Total debt service (% of exports of goods, services and primary income)","DT.TDS.DECT.EX.ZS","","","","","","","","","","","","","","","","","","","","","","","","","","3.44797598773567","3.71522665506522","3.63415284409057","4.18244575280541","3.25402802143273","4.43183735489805","4.49960701100524","4.84918979735202","4.59713310976271","","","","","","","","9.82428599700088","8.93140750824393","8.25547128181408","8.63191861862221","9.76109877204958","8.57950659181652","10.6316183584491","8.74869673351477","7.16532314498449","9.31865502614687","6.54672791514245","6.15078416226976","5.66640020486168","6.73062223836","7.39829059860066","5.14202100373688","4.04675810392371","6.66217356230194","3.55184114575916","3.99813814298246","4.87731100988822","10.98482329348","11.0475318843008","22.8214980370372","",
"South Asia (IDA & IBRD)","TSA","Total debt service (% of exports of goods, services and primary income)","DT.TDS.DECT.EX.ZS","","","","","","","","","","","","","","","","","","","","","","","","","","","","","","","","","","","","","","","","","","","","","","","","","","","","","","","","","","","","","","","","","","",
"Sub-Saharan Africa (IDA & IBRD countries)","TSS","Total debt service (% of exports of goods, services and primary income)","DT.TDS.DECT.EX.ZS","","","","","","","","","","","","","","","","","","","","","","","","","","","","","","","","","","","","","","","","","","","","","","","","","","","","","","","","","","","","","","","","","","",
"Trinidad and Tobago","TTO","Total debt service (% of exports of goods, services and primary income)","DT.TDS.DECT.EX.ZS","","","","","","","","","","","","","","","","","","","","","","","","","","","","","","","","","","","","","","","","","","","","","","","","","","","","","","","","","","","","","","","","","","",
"Tunisia","TUN","Total debt service (% of exports of goods, services and primary income)","DT.TDS.DECT.EX.ZS","","","","","","","","","","","","","","","","","7.62157464672738","13.570253894693","15.6873254586092","14.6179715678321","16.3041085095814","16.7917575960508","18.1883188387481","21.6465031182579","25.2869353096897","27.5372042701344","31.984614316025","32.8774016656074","24.607553782978","24.7503721184304","27.0091219736949","26.5346461593495","21.9455034296108","23.0809209510235","20.8696553970182","18.2723837101479","17.8384984948939","17.1299162595653","16.8030856249554","17.5093474705848","22.0604140213982","14.4282423901509","15.4843808148912","14.6141082533393","15.5294991244524","13.7397495969343","15.6891062960629","12.3376687241629","7.98378354069417","10.6091023150667","10.5185387559429","11.6106901397124","11.6025369076999","10.9788598035086","8.96579078346867","10.2955000471576","12.0643180285348","17.0256448889435","21.0902589057426","22.4869544487478","27.6875616043912","30.2550200250386","23.5992385774526","24.116069227268","26.1724095779931","",
"Turkiye","TUR","Total debt service (% of exports of goods, services and primary income)","DT.TDS.DECT.EX.ZS","","","","","","","","","","","","","","","12.3716808213256","18.6632319772052","23.2373386225895","41.5926809289141","47.9092661361219","45.1523206702593","43.7705063153595","39.8629459395248","37.4422124911705","39.4974741631009","33.0446896483854","40.30303137777","40.9558738631993","41.2010144272233","41.9192602283486","37.5678379860155","33.7974418252197","36.0776080003482","35.897262156855","31.3978849478064","34.1016867693893","30.0793444720252","23.3521451751664","22.2972053923037","26.4036463161242","38.9013129586887","38.8995854810205","42.3717776363912","48.6420938332518","38.904314784324","34.5701562906449","37.5472400193742","33.2805483038038","32.7798856694681","30.4048020666735","42.0958403299298","37.2333390546006","31.3834630221049","26.771512062507","27.1626121370026","23.8539286016856","25.3789734982834","36.4254391256231","37.362997807429","33.4794771797331","33.2432164759356","40.7367712535302","25.3396609190239","19.6812294560508","20.909547158823","23.4318472180701","",
"Tuvalu","TUV","Total debt service (% of exports of goods, services and primary income)","DT.TDS.DECT.EX.ZS","","","","","","","","","","","","","","","","","","","","","","","","","","","","","","","","","","","","","","","","","","","","","","","","","","","","","","","","","","","","","","","","","","",
"Tanzania","TZA","Total debt service (% of exports of goods, services and primary income)","DT.TDS.DECT.EX.ZS","","","","","","","","","","","","","","","","","3.75991501627586","5.39386231400702","13.8004520280006","11.5319965418713","18.223219602652","18.8525952360779","24.9424500885731","29.4947275155435","24.5934951619432","38.9926241937734","34.436449592823","39.1862751407558","31.9236754675811","32.9523284539224","32.893781896274","40.4442417527058","40.1251365547887","26.8135557726179","18.9421746695484","17.4320038926903","18.8489463663713","12.6402272143771","18.9800131454928","17.8819566129353","11.9326850217368","7.82443393599624","5.32322855671192","3.9202092797492","4.55745427636982","4.34997272710983","2.52804755627822","1.75696151504558","1.28563894176231","3.07932990107009","2.97918293185799","2.01236669278681","2.05089909481853","2.33141048892868","4.03037909230715","5.46782036212007","8.75068736774752","9.78631284555373","12.2530206587852","12.377385688911","16.1350828868982","18.5818651087015","16.4065014653654","15.5601135966803","12.0902915457182","",
"Uganda","UGA","Total debt service (% of exports of goods, services and primary income)","DT.TDS.DECT.EX.ZS","","","","","","","","","","","","","","","","","","","","","17.3528412156033","24.9405319824754","18.2063047536733","23.4021614087571","30.3370722942702","41.6767322502685","40.7151304863582","47.9304423261391","75.683880435599","67.6305823190493","81.360138920135","74.8017784382462","59.6568922550053","46.0156764009734","27.4985833980403","19.8367070674487","18.2019575289101","20.1712654967095","20.7965880358112","18.5241006577106","10.5634960765149","7.06023720634135","9.8001119087749","10.5464840601134","8.85424270577676","10.7901084868384","5.56083309520234","2.63855746492673","2.34076113518138","2.11358841270183","1.79956926979851","1.47435270011901","1.36109721781422","1.74298663773854","4.18326089174389","1.99111422612089","17.3741040122651","3.65711718047868","8.85715684532953","4.81535376693424","13.5492737784982","13.9416860422615","16.8390921208204","29.9684023023755","13.9413655640146","",
"Ukraine","UKR","Total debt service (% of exports of goods, services and primary income)","DT.TDS.DECT.EX.ZS","","","","","","","","","","","","","","","","","","","","","","","","","","","","","","","","","","","1.96657526441876","6.9593196167738","6.6756463377589","6.61157499049383","12.0596527966254","17.6644426914512","20.2954583892763","12.3234267267477","15.9761345137449","14.1030071720687","11.111975323212","13.5770230617278","18.9959202149456","18.4901513741009","21.0451168524101","40.5135300042325","38.4081720293996","30.1423825965648","31.3501569139298","42.2986617537939","29.7064947502784","55.3903722878765","23.4340184931092","20.8974535213248","20.7824682176434","18.15621515478","23.8730939460794","15.1765354256544","13.4199145151841","12.2100768825083","15.8316705792772","",
"Upper middle income","UMC","Total debt service (% of exports of goods, services and primary income)","DT.TDS.DECT.EX.ZS","","","","","","","","","","","","","","","","","","","","","","","32.4632322462098","29.4326239964611","28.9220335052939","29.0294618181141","33.5360028681943","28.1293917200676","29.3049411343551","25.8488050796677","21.4429993792781","21.4972763067128","21.3392224592877","21.5270606711199","19.2077609734487","20.8067301304054","23.1801037168625","26.4279958960934","25.8688943209013","31.3339088476314","27.5249489861186","25.1416432886869","23.3995394498763","19.0102838658673","14.8867488500983","13.8713511744382","13.1558432595261","10.3925839356313","9.17223722671277","11.0649499641276","9.51982950330058","8.42945112419442","8.96968405744578","9.50201915588713","9.48116762798101","12.5378422166268","14.7749434217556","13.9781524086972","13.9006024518365","16.5876076466912","16.6351157182567","13.9099343312194","13.8283048146598","16.0751610822757","12.6962815981368","",
"Uruguay","URY","Total debt service (% of exports of goods, services and primary income)","DT.TDS.DECT.EX.ZS","","","","","","","","","","","","","","","","","","","","","","","","","","","","","","","","","","","","","","","","","","","","","","","","","","","","","","","","","","","","","","","","","","",
"United States","USA","Total debt service (% of exports of goods, services and primary income)","DT.TDS.DECT.EX.ZS","","","","","","","","","","","","","","","","","","","","","","","","","","","","","","","","","","","","","","","","","","","","","","","","","","","","","","","","","","","","","","","","","","",
"Uzbekistan","UZB","Total debt service (% of exports of goods, services and primary income)","DT.TDS.DECT.EX.ZS","","","","","","","","","","","","","","","","","","","","","","","","","","","","","","","","","","","","","","","","","","","","","","12.659671700707","11.6519322001223","8.31075074933815","6.94388762340456","6.45724078567928","4.67987513238309","3.9427672893666","4.81799987024689","4.55235291927451","6.19316425490547","9.12617589551014","10.8677385566558","12.8193393706197","5.95919749720275","13.5527068156173","19.9879009093944","26.0113593675524","29.926973896313","32.6082639196463","36.0356756918143","",
"St. Vincent and the Grenadines","VCT","Total debt service (% of exports of goods, services and primary income)","DT.TDS.DECT.EX.ZS","","","","","","","","","","","","","","","","","","","0.456615986394558","0.677410778443114","1.06579747474747","1.37934870259481","3.14310866886417","2.52844247038917","3.60108156808803","4.03375992736077","3.46515761385753","3.25470903529962","2.86554684144031","3.13054745360379","3.25771607451982","4.18785677148194","4.19606527986719","6.89446997972217","7.42559632217492","6.15700786792652","6.57553321652974","7.62820442842428","7.24438493213924","7.98129099254515","7.14188092573879","6.03937037118663","5.55274035911895","6.28596097065431","8.61259058933314","9.95906180127481","13.7517881804714","10.4078457476524","12.3219274939924","15.0715906010632","15.2107923379665","14.341245209474","14.3944234771356","11.985436399478","11.4446156986651","11.535994348576","13.4120433776443","13.9155313043729","14.459751142993","13.6960791658541","22.4886217828313","23.3152782144474","11.8873905534564","11.0998163297979","10.089413090495","",
"Venezuela, RB","VEN","Total debt service (% of exports of goods, services and primary income)","DT.TDS.DECT.EX.ZS","","","","","","","","","","","","","","","","","","","","","","","","","","","","","","","","","","","","","","","","","","","","","","","","","","","","","","","","","","","","","","","","","","",
"British Virgin Islands","VGB","Total debt service (% of exports of goods, services and primary income)","DT.TDS.DECT.EX.ZS","","","","","","","","","","","","","","","","","","","","","","","","","","","","","","","","","","","","","","","","","","","","","","","","","","","","","","","","","","","","","","","","","","",
"Virgin Islands (U.S.)","VIR","Total debt service (% of exports of goods, services and primary income)","DT.TDS.DECT.EX.ZS","","","","","","","","","","","","","","","","","","","","","","","","","","","","","","","","","","","","","","","","","","","","","","","","","","","","","","","","","","","","","","","","","","",
"Viet Nam","VNM","Total debt service (% of exports of goods, services and primary income)","DT.TDS.DECT.EX.ZS","","","","","","","","","","","","","","","","","","","","","","","","","","","","","","","","","","","","","4.11798581552189","7.45908868112396","9.05212277428949","9.98157577566138","7.47182515130713","6.70795639713578","6.10952774683417","3.55591578059968","2.67382875867714","2.56231331630032","2.12155733298241","2.24454871370411","1.98401415099651","2.34347330849642","2.35043484660587","3.94251445658316","3.61229378375559","3.18606302452735","4.23766383028915","3.93021313872606","4.06868318587895","6.28582677474731","7.26567450189829","6.0937874484832","5.86707620715429","6.06864858953762","6.76588446873016","7.54231510337596","7.72326875884348","",
"Vanuatu","VUT","Total debt service (% of exports of goods, services and primary income)","DT.TDS.DECT.EX.ZS","","","","","","","","","","","","","","","","","","","","","","","0.896582927248662","2.11571726194702","1.62079516141128","1.57459000895881","1.9744851398236","4.24435019217191","3.0127918997413","2.54656665006949","2.28628034929624","1.49454103130295","1.42647593319244","1.51154741779667","1.40677703979203","1.30911251815766","1.18117369073914","1.39420918942954","0.84194161398965","1.53147289980059","1.59380404823674","1.27288131649804","1.69340268038805","1.56022777387138","2.12876833606982","1.64236114568645","2.12228837924996","1.8217173703551","1.5046521538284","1.71647742932494","1.62049542473665","1.55570917132584","1.4182962209556","1.69868302610168","1.82282523054463","1.99600652619213","2.12985310642014","2.15266404965886","4.00167993537039","6.75299405149114","6.44062634128561","6.05502714026714","6.12229187091228","5.4619284347247","6.51419321696924","",
"World","WLD","Total debt service (% of exports of goods, services and primary income)","DT.TDS.DECT.EX.ZS","","","","","","","","","","","","","","","","","","","","","","","","","","","","","","","","","","","","","","","","","","","","","","","","","","","","","","","","","","","","","","","","","","",
"Samoa","WSM","Total debt service (% of exports of goods, services and primary income)","DT.TDS.DECT.EX.ZS","","","","","","","","","","","","","","","","","","17.5249470520085","27.2721979989204","18.5214083950359","20.678641066591","25.6108546150431","18.3432514700615","19.3704806564009","21.0340226832227","27.9193456035985","32.308649047463","25.1812271430029","18.9352448663874","13.9000833980725","10.6216408356106","10.749514709726","9.86317687678924","8.72074578247331","10.0736503329736","6.57196551449048","5.76400592278988","5.4357406486447","4.64077069951633","5.74386821922357","","","","","5.50090865871196","3.949780855983","4.55877785835219","3.70067593748432","4.16689853754651","4.695398960619","5.03271857082246","5.55376780725447","5.82348193787621","6.2565286890871","8.30657776637789","9.78504575438771","10.3198927253556","10.9601496389798","11.7146919201636","10.5123638835958","19.4990246157482","16.3431449425687","20.5129930369056","10.3517317027917","9.03364082612879","",
"Kosovo","XKX","Total debt service (% of exports of goods, services and primary income)","DT.TDS.DECT.EX.ZS","","","","","","","","","","","","","","","","","","","","","","","","","","","","","","","","","","","","","","","","","","","","","0.312478828052059","0.396517925758456","0.441448400624062","0.292255478908378","4.62537202068209","25.52023764416","8.1064469310054","6.70108839347471","7.28041069250234","8.11013310347195","7.94554718281062","9.99388918600321","12.2520937202774","8.94682678566065","10.6248886557458","10.0229924746323","18.7582670295062","11.7815183209388","7.66021343654523","5.66235770770456","7.17785302460144","",
"Yemen, Rep.","YEM","Total debt service (% of exports of goods, services and primary income)","DT.TDS.DECT.EX.ZS","","","","","","","","","","","","","","","","","","","","","","","","","","","","","","","11.0679510473946","14.8580204179589","10.4442309486414","8.75322676427526","5.38421249618554","4.63885672538577","3.47646475633216","3.83801262151145","11.2483562044299","6.61852775304647","5.89149094991784","6.99878600930458","4.40987834417272","4.0835240887002","4.37739544606497","3.06478325138235","2.89165148715015","3.34776450276836","2.7079685011558","3.64376209844158","2.75557071670601","2.63495345635786","2.70662767220756","2.8266027945508","3.84110344749818","18.9446037336929","14.5629550318343","","","","","","","","","",
"South Africa","ZAF","Total debt service (% of exports of goods, services and primary income)","DT.TDS.DECT.EX.ZS","","","","","","","","","","","","","","","","","","","","","","","","","","","","","","","","","","","9.36758930091833","9.54104315338023","11.5837638315913","17.2331902439244","12.1717277298192","12.5006129906439","10.1821602395681","11.6380459468097","13.3170129193956","8.79238341459137","6.62345023942143","6.79279717429482","9.01172228438254","4.56178501384124","6.38790709080713","6.37619090887367","5.91149905218164","5.07409216954275","8.59885489485278","11.2130810024538","8.56574794473972","25.9905721005608","14.7939893799428","13.4781054057055","24.3318090898163","18.7330823475481","27.2658396660534","18.7244983079101","18.6241594461537","16.5005264998453","16.300535727928","",
"Zambia","ZMB","Total debt service (% of exports of goods, services and primary income)","DT.TDS.DECT.EX.ZS","","","","","","","","","","","","","","","","","","","31.1918559151082","22.1078666840459","25.3540082958951","36.0423215409612","31.1013026603634","29.1155357114972","24.9819577919408","15.724139857077","52.0764652942765","18.9909765123765","15.1045344419571","13.3158513985279","14.7332701960496","46.8752641722639","","","","","","19.3717621985816","21.0348094618507","16.4848695392954","21.2460858005093","17.377433464192","19.7927813595866","43.5749162340662","22.2522769892037","10.0081578759211","3.1829521589912","2.38095615951659","2.91389072035424","3.46305807867041","1.93597331866162","2.39925428436103","2.2941687011157","3.04562891147175","3.93810088911877","7.02412515179906","10.4412398253372","9.8958081866436","13.6976182212181","32.8017323147604","23.8102699810676","14.6490035430637","11.7472202365632","8.22366145607001","30.4672923466845","",
"Zimbabwe","ZWE","Total debt service (% of exports of goods, services and primary income)","DT.TDS.DECT.EX.ZS","","","","","","","","","","","","","","","","","","0.589837099220435","0.809474832918178","1.18295278838128","3.80237423804633","6.42724662992811","13.2170188761731","36.9078080630547","26.1592407252177","29.0456406092159","31.1390553547404","32.3429470626806","28.5325898581044","22.4765976818118","23.2480442676841","23.2475941656489","32.4879330621711","31.1836412133633","25.477034106251","","","","","","","","","","","","","","","6.57049763000744","10.9410352813875","23.6709857538263","17.2109014805411","14.1216858388516","12.7080855612874","16.8000177011432","30.5852406243532","15.4997229691463","11.6832314878999","30.2361365298237","18.6809757155109","9.22851773205342","6.08424442264818","19.5160722356096","","",
